#
# A fatal error has been detected by the Java Runtime Environment:
#
#  EXCEPTION_ACCESS_VIOLATION (0xc0000005) at pc=0x000001bc4c333116, pid=9724, tid=11460
#
# JRE version: Java(TM) SE Runtime Environment (21.0.6+8) (build 21.0.6+8-LTS-188)
# Java VM: Java HotSpot(TM) 64-Bit Server VM (21.0.6+8-LTS-188, mixed mode, sharing, tiered, compressed oops, compressed class ptrs, g1 gc, windows-amd64)
# Problematic frame:
# J 49591 c2 toughasnails.temperature.AreaFill.fill(Lnet/minecraft/class_1937;Lnet/minecraft/class_2338;Ltoughasnails/temperature/AreaFill$PositionChecker;I)V (278 bytes) @ 0x000001bc4c333116 [0x000001bc4c332dc0+0x0000000000000356]
#
# No core dump will be written. Minidumps are not enabled by default on client versions of Windows
#
# If you would like to submit a bug report, please visit:
#   https://bugreport.java.com/bugreport/crash.jsp
#

---------------  S U M M A R Y ------------

Command Line: -Xmx8G -Xms8G fabric-server-launch.jar

Host: AMD Ryzen 7 5800H with Radeon Graphics         , 16 cores, 31G,  Windows 11 , 64 bit Build 26100 (10.0.26100.5074)
Time: Tue Sep 16 00:51:55 2025 Malay Peninsula Standard Time elapsed time: 12165.680375 seconds (0d 3h 22m 45s)

---------------  T H R E A D  ---------------

Current thread (0x000001bca6cc32f0):  JavaThread "Server thread"        [_thread_in_Java, id=11460, stack(0x0000008ce8e00000,0x0000008ce8f00000) (1024K)]

Stack: [0x0000008ce8e00000,0x0000008ce8f00000],  sp=0x0000008ce8efec50,  free space=1019k
Native frames: (J=compiled Java code, j=interpreted, Vv=VM code, C=native code)
C  0x000001bc4c333116

The last pc belongs to nmethod (printed below).

siginfo: EXCEPTION_ACCESS_VIOLATION (0xc0000005), writing address 0x000000000000001c


Registers:
RAX=0x0000000000000000, RBX=0x00000000ffffff97, RCX=0x000001bc53898c7a, RDX=0x000000073b18f438
RSP=0x0000008ce8efec50, RBP=0x000000073b211ec0, RSI=0x0000000000000001, RDI=0x00000000e70069f5
R8 =0x0000000002663b40, R9 =0x0000000000000000, R10=0x0000000000001cec, R11=0x00000000039d8c7a
R12=0x0000000000000000, R13=0x000000073b197700, R14=0x0000000612ce0738, R15=0x000001bca6cc32f0
RIP=0x000001bc4c333116, EFLAGS=0x0000000000010246


Register to memory mapping:

RAX=0x0 is null
RBX=4294967191 is a compressed pointer to object: com.mojang.serialization.DataResult$Success 
{0x00000007fffffcb8} - klass: 'com/mojang/serialization/DataResult$Success'
 - ---- fields (total size 3 words):
 - private final 'value' 'Ljava/lang/Object;' @12  a 'com/mojang/datafixers/util/Unit'{0x000000060092a688} (0xc01254d1)
 - private final 'lifecycle' 'Lcom/mojang/serialization/Lifecycle;' @16  a 'com/mojang/serialization/Lifecycle$1'{0x0000000605d2eb10} (0xc0ba5d62)
RCX=0x000001bc53898c7a points into unknown readable memory: 02 02 02 02 02 02
RDX=0x000000073b18f438 is an oop: java.util.LinkedList 
{0x000000073b18f438} - klass: 'java/util/LinkedList'
 - ---- fields (total size 4 words):
 - protected transient 'modCount' 'I' @12  6814 (0x00001a9e)
 - transient 'size' 'I' @16  3812 (0x00000ee4)
 - transient 'first' 'Ljava/util/LinkedList$Node;' @20  
[error occurred during error reporting (printing register info), id 0xc0000005, EXCEPTION_ACCESS_VIOLATION (0xc0000005) at pc=0x00007ffa206c60dd]
RSP=0x0000008ce8efec50 is pointing into the stack for thread: 0x000001bca6cc32f0
RBP=0x000000073b211ec0 is an oop: toughasnails.temperature.AreaFill$FillPos 
{0x000000073b211ec0} - klass: 'toughasnails/temperature/AreaFill$FillPos'
 - ---- fields (total size 3 words):
 - private final 'depth' 'I' @12  8 (0x00000008)
 - private final 'pos' 'Lnet/minecraft/class_2338;' @16  a 'net/minecraft/class_2338'{0x000000073b211ed8} (0xe76423db)
 - private final 'source' 'Lnet/minecraft/class_2350;' @20  a 'net/minecraft/class_2350'{0x00000006053ecb38} (0xc0a7d967)
RSI=0x0000000000000001 is an unknown value
RDI=0x00000000e70069f5 is an unknown value
R8 =40254272 is a compressed pointer to class: 0x000001bc62663b40
net.caffeinemc.mods.lithium.common.world.chunk.LithiumHashPalette {0x000001bc62663b48}
 - instance size:     5
 - klass size:        83
 - access:            public synchronized 
 - flags:             rewritten has_nonstatic_fields should_verify_class has_localvariable_table has_resolved_methods 
 - state:             fully_initialized
 - name:              'net/caffeinemc/mods/lithium/common/world/chunk/LithiumHashPalette'
 - super:             'java/lang/Object'
 - sub:               
 - arrays:            null
 - methods:           Array<T>(0x000001bcb93a7658)
 - method ordering:   Array<T>(0x000001bc60b32348)
 - default_methods:   Array<T>(0x0000000000000000)
 - local interfaces:  Array<T>(0x000001bcb93a7648)
 - trans. interfaces: Array<T>(0x000001bcb93a7648)
 - constants:         constant pool [316]/operands[5] {0x000001bcb93a6b60} for 'net/caffeinemc/mods/lithium/common/world/chunk/LithiumHashPalette' cache=0x000001bcb93a89c8
 - class loader data:  loader data: 0x000001bc5f4c6110 for instance a 'net/fabricmc/loader/impl/launch/knot/KnotClassLoader'{0x0000000600000810}
 - source file:       'LithiumHashPalette.java'
 - generic signature: '<T:Ljava/lang/Object;>Ljava/lang/Object;Lnet/minecraft/class_2837<TT;>;'
 - inner classes:     Array<T>(0x000001bcb93a8940)
 - nest members:     Array<T>(0x000001bc60613ef0)
 - permitted subclasses:     Array<T>(0x000001bc60613ef0)
 - java mirror:       a 'java/lang/Class'{0x00000006148af4d0} = 'net/caffeinemc/mods/lithium/common/world/chunk/LithiumHashPalette'
 - vtable length      14  (start addr: 0x000001bc62663d00)
 - itable length      12 (start addr: 0x000001bc62663d70)
 - ---- static fields (1 words):
 - private static final 'ABSENT_VALUE' 'I' @112 
 - ---- non-static fields (6 words):
 - private final 'indexBits' 'I' @12 
 - private 'size' 'I' @16 
 - private final 'idList' 'Lnet/minecraft/class_2359;' @20 
 - private final 'resizeHandler' 'Lnet/minecraft/class_2835;' @24 
 - private final 'table' 'Lit/unimi/dsi/fastutil/objects/Reference2IntOpenHashMap;' @28 
 - private 'entries' '[Ljava/lang/Object;' @32 
 - non-static oop maps: 20-32 
R9 =0x0 is null
R10=0x0000000000001cec is an unknown value
R11=0x00000000039d8c7a is an unknown value
R12=0x0 is null
R13=0x000000073b197700 is an oop: java.util.HashMap$Node 
{0x000000073b197700} - klass: 'java/util/HashMap$Node'
 - ---- fields (total size 4 words):
 - final 'hash' 'I' @12  -1289257205 (0xb3277f0b)
 - final 'key' 'Ljava/lang/Object;' @16  a 'toughasnails/temperature/AreaFill$FillPos'{0x000000073b1976d0} (0xe7632eda)
 - 'value' 'Ljava/lang/Object;' @20  a 'java/lang/Object'{0x0000000600018688} (0xc00030d1)
 - 'next' 'Ljava/util/HashMap$Node;' @24  a 'java/util/HashMap$Node'{0x000000073b1e0b10} (0xe763c162)
R14=0x0000000612ce0738 is an oop: [Ljava.lang.Object; 
{0x0000000612ce0738} - klass: 'java/lang/Object'[]
 - length: 22
R15=0x000001bca6cc32f0 is a thread

Top of Stack: (sp=0x0000008ce8efec50)
0x0000008ce8efec50:   0000000611325290 000000073b18f260
0x0000008ce8efec60:   406d00000035afe5 c09b1981e2055217
0x0000008ce8efec70:   000000060d609b88 000000073b18f3e0
0x0000008ce8efec80:   e7631e7900000008 ca0e9c09ffffff93
0x0000008ce8efec90:   e7631dbbffffff93 00000007b846a7b8
0x0000008ce8efeca0:   000000073b211aa0 000000073b18f3f8
0x0000008ce8efecb0:   000000073b18f438 000000073b1b4ed0
0x0000008ce8efecc0:   fffffe4e00000039 000000065799f650
0x0000008ce8efecd0:   000000060deae048 000001bc4b29af34
0x0000008ce8efece0:   fffffe4e00000039 000000065799f650
0x0000008ce8efecf0:   000000060e3657f0 ffffff93ffffffed
0x0000008ce8efed00:   000000073b18f348 000001bc4bb51434
0x0000008ce8efed10:   000000061202bc30 000001bc4c40c090
0x0000008ce8efed20:   000000073b18f1c0 000000060d609b88
0x0000008ce8efed30:   000000073b18f388 000001bc4bbb0344
0x0000008ce8efed40:   00000006118c1ad8 00000006118c1ac0
0x0000008ce8efed50:   000000060e3657d0 000000060d609b88
0x0000008ce8efed60:   00000006c2873571 03fffff93fffffed
0x0000008ce8efed70:   00000006584615a0 000000073b18f348
0x0000008ce8efed80:   000000060d609448 000000060d6098b0
0x0000008ce8efed90:   0000000000000009 00000000c1ac1706
0x0000008ce8efeda0:   0000000000000003 000001bc4c7798ec
0x0000008ce8efedb0:   0000000606ebb600 000001bc4b4b9014
0x0000008ce8efedc0:   00000006c0dd76c5 0000000650754928
0x0000008ce8efedd0:   000000060d609b88 000000076beca568
0x0000008ce8efede0:   0000000300000002 00000006132b5c60
0x0000008ce8efedf0:   0000000600000003 0000007d00018602
0x0000008ce8efee00:   0000000606ebb600 0000000650754ad8
0x0000008ce8efee10:   0000000600000401 0000010d001d66bf
0x0000008ce8efee20:   0000000000000000 000001bc4c45dc0c
0x0000008ce8efee30:   0000000000000000 000001bc4bd723f4
0x0000008ce8efee40:   0000000650754a70 000001bc4afd16e4 

Instructions: (pc=0x000001bc4c333116)
0x000001bc4c333016:   09 48 b9 00 00 ec 4f bc 01 00 00 49 03 cb 80 39
0x000001bc4c333026:   02 0f 85 65 18 00 00 4c 8b 54 24 60 41 ff 42 0c
0x000001bc4c333036:   45 8b 5a 10 41 ff c3 45 89 5a 10 e9 b5 04 00 00
0x000001bc4c333046:   41 bb 01 00 00 00 eb 03 45 33 db 45 85 db 0f 84
0x000001bc4c333056:   21 03 00 00 48 8b 54 24 60 e8 5c 5b 53 fe 0f 1f
0x000001bc4c333066:   84 00 54 07 00 00 85 c0 0f 85 90 04 00 00 4c 8b
0x000001bc4c333076:   54 24 60 41 8b 7a 14 41 8b 74 fc 10 41 80 7f 40
0x000001bc4c333086:   00 0f 85 2c 0d 00 00 41 80 7f 40 00 0f 85 59 0d
0x000001bc4c333096:   00 00 41 80 7f 40 00 0f 85 86 0d 00 00 4c 8b 54
0x000001bc4c3330a6:   24 60 41 89 72 14 41 8b 5c fc 0c 45 89 64 fc 10
0x000001bc4c3330b6:   45 89 64 fc 0c 4c 8b d6 49 c1 e2 03 4c 8b 5c 24
0x000001bc4c3330c6:   60 4d 33 d3 49 c1 ea 16 4d 85 d2 74 1e 85 f6 74
0x000001bc4c3330d6:   1a 49 c1 eb 09 48 b9 00 00 ec 4f bc 01 00 00 49
0x000001bc4c3330e6:   03 cb 80 39 02 0f 85 74 0d 00 00 85 f6 75 16 41
0x000001bc4c3330f6:   80 7f 40 00 0f 85 eb 0d 00 00 4c 8b 54 24 60 45
0x000001bc4c333106:   89 62 18 eb 10 41 80 7f 40 00 0f 85 9d 0d 00 00
0x000001bc4c333116:   45 89 64 f4 14 4c 8b 54 24 60 41 ff 4a 10 41 ff
0x000001bc4c333126:   42 0c 45 8b 5c dc 08 41 81 fb f8 09 8b 02 0f 85
0x000001bc4c333136:   42 25 00 00 4c 8b 54 24 58 45 8b 52 0c 4d 8d 1c
0x000001bc4c333146:   dc 4c 89 5c 24 68 47 8b 44 d4 08 45 8b 5b 0c 4f
0x000001bc4c333156:   8d 0c d4 41 81 f8 68 ce 08 00 0f 85 1d 06 00 00
0x000001bc4c333166:   41 8b 49 24 85 c9 0f 84 dc fe ff ff 45 8b 4c cc
0x000001bc4c333176:   0c 45 85 c9 0f 86 42 15 00 00 4c 8b 54 24 68 45
0x000001bc4c333186:   8b 42 10 45 85 c0 0f 84 8f 05 00 00 43 8b 7c c4
0x000001bc4c333196:   14 44 8b d7 41 c1 e2 05 44 2b d7 47 03 54 c4 10
0x000001bc4c3331a6:   41 8b fa c1 e7 05 41 2b fa 43 03 7c c4 0c 44 8b
0x000001bc4c3331b6:   d7 41 c1 e2 05 44 2b d7 45 03 d3 4c 8b 5c 24 68
0x000001bc4c3331c6:   45 8b 43 14 48 c1 e1 03 41 ff c9 45 85 c0 0f 84
0x000001bc4c3331d6:   40 05 00 00 43 8b 44 c4 10 85 c0 0f 84 66 05 00
0x000001bc4c3331e6:   00 45 8b da 41 c1 e3 05 45 2b da 41 03 c3 44 8b
0x000001bc4c3331f6:   c0 41 c1 e8 10 44 33 c0 45 23 c8 42 8b 4c 89 10
0x000001bc4c333206:   85 c9 0f 84 40 fe ff ff 45 8b 5c cc 0c 4c 8b 54 


Stack slot to memory mapping:

stack at sp + 0 slots: 0x0000000611325290 is an oop: net.minecraft.class_5573 
{0x0000000611325290} - klass: 'net/minecraft/class_5573'
 - ---- fields (total size 4 words):
 - private final 'field_27250' 'Ljava/lang/Class;' @12  a 'java/lang/Class'{0x0000000600945c88} = 'net/minecraft/class_1297' (0xc0128b91)
 - private final 'field_27251' 'Lit/unimi/dsi/fastutil/longs/Long2ObjectFunction;' @16  a 'it/unimi/dsi/fastutil/longs/Long2ObjectOpenHashMap'{0x00000006113252b0} (0xc2264a56)
 - private final 'field_27252' 'Lit/unimi/dsi/fastutil/longs/Long2ObjectMap;' @20  a 'it/unimi/dsi/fastutil/longs/Long2ObjectOpenHashMap'{0x0000000611328320} (0xc2265064)
 - private final 'field_27253' 'Lit/unimi/dsi/fastutil/longs/LongSortedSet;' @24  a 'it/unimi/dsi/fastutil/longs/LongAVLTreeSet'{0x0000000614626a28} (0xc28c4d45)
stack at sp + 1 slots: 0x000000073b18f260 is an oop: net.caffeinemc.mods.lithium.common.world.WorldHelper$$Lambda/0x000001bc628b18a8 
{0x000000073b18f260} - klass: 'net/caffeinemc/mods/lithium/common/world/WorldHelper$$Lambda+0x000001bc628b18a8'
 - ---- fields (total size 4 words):
 - private final 'arg$1' 'Lnet/caffeinemc/mods/lithium/common/entity/EntityClassGroup;' @12  a 'net/caffeinemc/mods/lithium/common/entity/EntityClassGroup$NoDragonClassGroup'{0x000000060e0964d8} (0xc1c12c9b)
 - private final 'arg$2' 'Lnet/minecraft/class_238;' @16  a 'net/minecraft/class_238'{0x000000073b18f1c0} (0xe7631e38)
 - private final 'arg$3' 'Lnet/minecraft/class_1297;' @20  a 'net/minecraft/class_3222'{0x000000065074e048} (0xca0e9c09)
 - private final 'arg$4' 'Ljava/util/function/Predicate;' @24  null (0x00000000)
 - private final 'arg$5' 'Ljava/util/ArrayList;' @28  a 'java/util/ArrayList'{0x000000073b18f248} (0xe7631e49)
stack at sp + 2 slots: 0x406d00000035afe5 is an unknown value
stack at sp + 3 slots: 0xc09b1981e2055217 is an unknown value
stack at sp + 4 slots: 0x000000060d609b88 is an oop: net.minecraft.class_3218 
{0x000000060d609b88} - klass: 'net/minecraft/class_3218'
 - ---- fields (total size 39 words):
 - private 'field_9226' 'I' @12  10 (0x0000000a)
 - private 'field_35455' 'J' @16  338647 (0x0000000000052ad7)
 - protected 'field_9256' 'I' @24  -1166110357 (0xba7e916b)
 - protected final 'field_9238' 'I' @28  1013904223 (0x3c6ef35f)
 - protected 'field_9253' 'F' @32  0.000000 (0x00000000)
 - protected 'field_9235' 'F' @36  0.000000 (0x00000000)
 - protected 'field_9251' 'F' @40  0.000000 (0x00000000)
 - protected 'field_9234' 'F' @44  0.000000 (0x00000000)
 - private 'entityOrderCounter' 'I' @48  377 (0x00000179)
 - private 'tileEntityOrderCounter' 'I' @52  2284 (0x000008ec)
 - private 'field_9249' 'Z' @56  false (0x00)
 - private final 'field_24496' 'Z' @57  false (0x00)
 - public final 'field_9236' 'Z' @58  false (0x00)
 - private 'usingInstantNeighborUpdater$TISCM' 'Z' @59  false (0x00)
 - protected final 'field_27082' 'Ljava/util/List;' @60  a 'java/util/ArrayList'{0x000000060d609cc0} (0xc1ac1398)
 - protected 'field_38226' 'Lnet/minecraft/class_7165;' @64  a 'net/minecraft/class_7159'{0x0000000614ad4728} (0xc295a8e5)
 - private final 'field_27081' 'Ljava/util/List;' @68  a 'java/util/ArrayList'{0x0000000614ad4710} (0xc295a8e2)
 - private final 'field_17086' 'Ljava/lang/Thread;' @72  a 'java/lang/Thread'{0x000000060d609448} (0xc1ac1289)
 - public 'field_9229' 'Lnet/minecraft/class_5819;' @76  a 'com/ishland/c2me/fixes/worldgen/threading_issues/common/CheckedThreadLocalRandom'{0x0000000614ad46c0} (0xc295a8d8)
 - private final 'field_38861' 'Lnet/minecraft/class_5819;' @80  a 'net/minecraft/class_7384'{0x0000000614ad4598} (0xc295a8b3)
 - private final 'field_36402' 'Lnet/minecraft/class_6880;' @84  a 'net/minecraft/class_6880$class_6883'{0x000000060e709fb8} (0xc1ce13f7)
 - protected final 'field_9232' 'Lnet/minecraft/class_5269;' @88  a 'net/minecraft/class_31'{0x00000006118cd6b8} (0xc2319ad7)
 - private final 'field_9223' 'Lnet/minecraft/class_2784;' @92  a 'net/minecraft/class_2784'{0x0000000614d96158} (0xc29b2c2b)
 - private final 'field_20639' 'Lnet/minecraft/class_4543;' @96  a 'net/minecraft/class_4543'{0x0000000614d96140} (0xc29b2c28)
 - private final 'field_25176' 'Lnet/minecraft/class_5321;' @100  a 'net/minecraft/class_5321'{0x00000006077c47a8} (0xc0ef88f5)
 - private final 'field_42475' 'Lnet/minecraft/class_5455;' @104  a 'net/minecraft/class_5455$class_7781'{0x000000060d936b98} (0xc1b26d73)
 - private final 'field_42476' 'Lnet/minecraft/class_8109;' @108  a 'net/minecraft/class_8109'{0x0000000614abf328} (0xc2957e65)
 - protected 'components' 'Lorg/ladysnake/cca/api/v3/component/ComponentContainer;' @112  a 'org/ladysnake/cca/internal/base/asm/_generated_$GeneratedComponentContainerImpl+0x000001bc6223d488'{0x000000060d609d58} (0xc1ac13ab)
 - 'currentSection' 'Lcarpet/utils/CarpetProfiler$ProfilerToken;' @116  null (0x00000000)
 - 'entitySection' 'Lcarpet/utils/CarpetProfiler$ProfilerToken;' @120  null (0x00000000)
 - 'precookedMobs' 'Ljava/util/Map;' @124  a 'java/util/HashMap'{0x0000000614abf2f8} (0xc2957e5f)
 - private final 'previousBlockState' 'Ljava/lang/ThreadLocal;' @128  a 'java/lang/ThreadLocal$SuppliedThreadLocal'{0x0000000613dc6888} (0xc27b8d11)
 - private 'previousNeighborUpdater$TISCM' 'Lnet/minecraft/class_7165;' @132  null (0x00000000)
 - private 'dataAttachments' 'Ljava/util/IdentityHashMap;' @136  null (0x00000000)
 - private 'syncedAttachments' 'Ljava/util/IdentityHashMap;' @140  null (0x00000000)
 - private 'attachedChangedListeners' 'Ljava/util/IdentityHashMap;' @144  null (0x00000000)
 - private final 'loadedChunks' 'Ljava/util/Set;' @148  a 'java/util/HashSet'{0x00000006149db610} (0xc293b6c2)
 - private 'storage' 'Lnet/caffeinemc/mods/lithium/common/world/LithiumData$Data;' @152  a 'net/caffeinemc/mods/lithium/common/world/LithiumData$Data'{0x000000061449c6c8} (0xc28938d9)
 - private 'field_48271' 'I' @156  3 (0x00000003)
 - private 'field_13948' 'I' @160  0 (0x00000000)
 - private 'oldBlockActionQueueSize' 'I' @164  4 (0x00000004)
 - private 'blockEventOrderCounter' 'I' @168  0 (0x00000000)
 - private 'blockEventDepth' 'I' @172  0 (0x00000000)
 - private 'blockEventCurrentDepthCounter' 'I' @176  0 (0x00000000)
 - private 'blockEventCurrentDepthSize' 'I' @180  0 (0x00000000)
 - private 'depth' 'I' @184  0 (0x00000000)
 - private 'apiLookupAccessesWithoutCleanup' 'I' @188  0 (0x00000000)
 - public 'field_13957' 'Z' @192  false (0x00)
 - volatile 'field_36317' 'Z' @193  false (0x00)
 - private 'field_13953' 'Z' @194  false (0x00)
 - private final 'field_25143' 'Z' @195  true (0x01)
 - final 'field_18261' 'Ljava/util/List;' @196  a 'java/util/ArrayList'{0x000000061449c678} (0xc28938cf)
 - private final 'field_24624' 'Lnet/minecraft/class_3215;' @200  a 'net/minecraft/class_3215'{0x000000060d6094e0} (0xc1ac129c)
 - private final 'field_13959' 'Lnet/minecraft/server/MinecraftServer;' @204  a 'net/minecraft/class_3176'{0x000000060d8a43e8} (0xc1b1487d)
 - private final 'field_24456' 'Lnet/minecraft/class_5268;' @208  a 'net/minecraft/class_31'{0x00000006118cd6b8} (0xc2319ad7)
 - final 'field_26934' 'Lnet/minecraft/class_5574;' @212  a 'net/minecraft/class_5574'{0x000000061483ba78} (0xc290774f)
 - private final 'field_59630' 'Lnet/minecraft/class_11179;' @216  a 'net/minecraft/class_11179'{0x000000061483b868} (0xc290770d)
 - private final 'field_26935' 'Lnet/minecraft/class_5579;' @220  a 'net/minecraft/class_5579'{0x000000060e7693f0} (0xc1ced27e)
 - private final 'field_39984' 'Lnet/minecraft/class_7719;' @224  a 'net/minecraft/class_7719'{0x000000061483b858} (0xc290770b)
 - private final 'field_28859' 'Lnet/minecraft/class_5838;' @228  a 'net/minecraft/class_5838'{0x000000061483b840} (0xc2907708)
 - private final 'field_13956' 'Lnet/minecraft/class_1946;' @232  a 'net/minecraft/class_1946'{0x000000061483b830} (0xc2907706)
 - private final 'field_13949' 'Lnet/minecraft/class_6757;' @236  a 'net/minecraft/class_6757'{0x0000000610d1ab68} (0xc21a356d)
 - private final 'field_13951' 'Lnet/minecraft/class_6757;' @240  a 'net/minecraft/class_6757'{0x0000000610d58520} (0xc21ab0a4)
 - private final 'field_49172' 'Lnet/minecraft/class_9315;' @244  a 'net/minecraft/class_9315'{0x0000000614d8a108} (0xc29b1421)
 - 'field_26932' 'Ljava/util/Set;' @248  a 'it/unimi/dsi/fastutil/objects/ReferenceOpenHashSet'{0x000000061449c648} (0xc28938c9)
 - protected final 'field_18811' 'Lnet/minecraft/class_3767;' @252  a 'net/minecraft/class_3767'{0x0000000614642300} (0xc28c8460)
 - private final 'field_13950' 'Lit/unimi/dsi/fastutil/objects/ObjectLinkedOpenHashSet;' @256  a 'it/unimi/dsi/fastutil/objects/ObjectLinkedOpenHashSet'{0x0000000613de5790} (0xc27bcaf2)
 - private final 'field_35565' 'Ljava/util/List;' @260  a 'java/util/ArrayList'{0x0000000613de5668} (0xc27bcacd)
 - private final 'field_25141' 'Ljava/util/List;' @264  a 'com/google/common/collect/RegularImmutableList'{0x0000000613de5568} (0xc27bcaad)
 - private 'field_25142' 'Lnet/minecraft/class_2881;' @268  null (0x00000000)
 - final 'field_26933' 'Lit/unimi/dsi/fastutil/ints/Int2ObjectMap;' @272  a 'it/unimi/dsi/fastutil/ints/Int2ObjectOpenHashMap'{0x0000000613de53e8} (0xc27bca7d)
 - private final 'field_23787' 'Lnet/minecraft/class_5138;' @276  a 'net/minecraft/class_5138'{0x000000061449c608} (0xc28938c1)
 - private final 'field_36208' 'Lnet/minecraft/class_6832;' @280  a 'net/minecraft/class_6832'{0x0000000613ef0a40} (0xc27de148)
 - private final 'field_44857' 'Lnet/minecraft/class_8565;' @284  a 'net/minecraft/class_8565'{0x000000061203a630} (0xc24074c6)
 - private 'currentSection' 'Lcarpet/utils/CarpetProfiler$ProfilerToken;' @288  null (0x00000000)
 - private 'lifeTimeWorldTracker' 'Lcarpettisaddition/commands/lifetime/LifeTimeWorldTracker;' @292  a 'carpettisaddition/commands/lifetime/LifeTimeWorldTracker'{0x000000060e76ff00} (0xc1cedfe0)
 - private 'microTimingLogger' 'Lcarpettisaddition/logging/loggers/microtiming/MicroTimingLogger;' @296  a 'carpettisaddition/logging/loggers/microtiming/MicroTimingLogger'{0x00000006141d2900} (0xc283a520)
 - private final 'apiLookupCaches' 'Ljava/util/Map;' @300  a 'it/unimi/dsi/fastutil/objects/Object2ReferenceOpenHashMap'{0x000000061449c498} (0xc2893893)
 - private final 'randomPosInChunkCachedPos' 'Lnet/minecraft/class_2338$class_2339;' @304  a 'net/minecraft/class_2338$class_2339'{0x0000000613ef0a28} (0xc27de145)
stack at sp + 5 slots: 0x000000073b18f3e0 is an oop: toughasnails.temperature.TemperatureHelperImpl$$Lambda/0x000001bc628b0bf8 
{0x000000073b18f3e0} - klass: 'toughasnails/temperature/TemperatureHelperImpl$$Lambda+0x000001bc628b0bf8'
 - ---- fields (total size 3 words):
 - private final 'arg$1' 'Ljava/util/Set;' @12  a 'java/util/HashSet'{0x000000073b18f348} (0xe7631e69)
 - private final 'arg$2' 'Ljava/util/Set;' @16  a 'java/util/HashSet'{0x000000073b18f388} (0xe7631e71)
stack at sp + 6 slots: 0xe7631e7900000008 is an unknown value
stack at sp + 7 slots: 0xca0e9c09ffffff93 is an unknown value


Compiled method (c2) 12165899 49591       4       toughasnails.temperature.AreaFill::fill (278 bytes)
 total in heap  [0x000001bc4c332910,0x000001bc4c3380a0] = 22416
 relocation     [0x000001bc4c332a70,0x000001bc4c332dc0] = 848
 main code      [0x000001bc4c332dc0,0x000001bc4c335e78] = 12472
 stub code      [0x000001bc4c335e78,0x000001bc4c335fb0] = 312
 oops           [0x000001bc4c335fb0,0x000001bc4c3360a0] = 240
 metadata       [0x000001bc4c3360a0,0x000001bc4c3362d8] = 568
 scopes data    [0x000001bc4c3362d8,0x000001bc4c337590] = 4792
 scopes pcs     [0x000001bc4c337590,0x000001bc4c337c00] = 1648
 dependencies   [0x000001bc4c337c00,0x000001bc4c337c50] = 80
 handler table  [0x000001bc4c337c50,0x000001bc4c337fc8] = 888
 nul chk table  [0x000001bc4c337fc8,0x000001bc4c3380a0] = 216

[Constant Pool (empty)]

[MachCode]
[Verified Entry Point]
  # {method} {0x000001bcb9f3f688} 'fill' '(Lnet/minecraft/class_1937;Lnet/minecraft/class_2338;Ltoughasnails/temperature/AreaFill$PositionChecker;I)V' in 'toughasnails/temperature/AreaFill'
  # parm0:    rdx:rdx   = 'net/minecraft/class_1937'
  # parm1:    r8:r8     = 'net/minecraft/class_2338'
  # parm2:    r9:r9     = 'toughasnails/temperature/AreaFill$PositionChecker'
  # parm3:    rdi       = int
  #           [sp+0xc0]  (sp of caller)
  0x000001bc4c332dc0: 8984 2400 | 80ff ff55 | 4881 ecb0 | 0000 0090 | 4181 7f20 | 1700 0000 | 0f85 9030 | 0000 897c 
  0x000001bc4c332de0: 2430 4c89 | 4c24 2849 | 8be8 4889 | 5424 2049 | 8b87 b801 | 0000 4c8b | d049 83c2 | 104d 3b97 
  0x000001bc4c332e00: c801 0000 | 0f83 3a1e | 0000 4d89 | 97b8 0100 | 0041 0f18 | 8200 0100 | 0048 c700 | 0100 0000 
  0x000001bc4c332e20: ;   {metadata('java/util/HashSet')}
  0x000001bc4c332e20: c740 0898 | e60d 0044 | 8960 0c48 | 8944 2458 | 498b 87b8 | 0100 004c | 8bd0 4983 | c230 4d3b 
  0x000001bc4c332e40: 97c8 0100 | 000f 8371 | 1e00 004d | 8997 b801 | 0000 410f | 1882 0001 | 0000 48c7 | 0001 0000 
  0x000001bc4c332e60: ;   {metadata('java/util/HashMap')}
  0x000001bc4c332e60: 00c7 4008 | 68ce 0800 | 4489 600c | 4c89 6010 | 4c89 6018 | 4c89 6028 | 48c7 4020 | 0000 403f 
  0x000001bc4c332e80: 488b dd4c | 8bdb 49c1 | eb03 4489 | 5c24 344c | 8bd0 4c8b | 5c24 584d | 33d3 4c8b | c049 c1e8 
  0x000001bc4c332ea0: 034c 8b4c | 2458 4589 | 410c 49c1 | ea16 4d85 | d274 1a49 | c1eb 0948 | b900 00ec | 4fbc 0100 
  0x000001bc4c332ec0: 0049 03cb | 8039 020f | 8513 1a00 | 0049 8b87 | b801 0000 | 4c8b d049 | 83c2 204d | 3b97 c801 
  0x000001bc4c332ee0: 0000 0f83 | a81d 0000 | 4d89 97b8 | 0100 0041 | 0f18 8200 | 0100 0048 | c700 0100 

  0x000001bc4c332efc: ;   {metadata('java/util/LinkedList')}
  0x000001bc4c332efc: 0000 c740 | 08b0 bc16 | 0144 8960 | 0c4c 8960 | 104c 8960 | 1848 8944 | 2460 498b | afb8 0100 
  0x000001bc4c332f1c: 004c 8bd5 | 4983 c218 | 4d3b 97c8 | 0100 000f | 8330 1d00 | 004d 8997 | b801 0000 | 410f 1882 
  0x000001bc4c332f3c: 0001 0000 | 48c7 4500 | 0100 0000 

  0x000001bc4c332f48: ;   {metadata('toughasnails/temperature/AreaFill$FillPos')}
  0x000001bc4c332f48: c745 08f8 | 098b 02c7 | 450c 0100 | 0000 448b | 5424 3444 

  0x000001bc4c332f5c: ;   {oop(a 'net/minecraft/class_2350'{0x00000006053ed030})}
  0x000001bc4c332f5c: 8955 10c7 | 4514 06da | a7c0 498b | 9fb8 0100 | 004c 8bd3 | 4983 c218 | 4d3b 97c8 | 0100 000f 
  0x000001bc4c332f7c: 8364 1d00 | 004d 8997 | b801 0000 | 410f 1882 | 0001 0000 | 48c7 0301 

  0x000001bc4c332f94: ;   {metadata('java/util/LinkedList$Node')}
  0x000001bc4c332f94: 0000 00c7 | 4308 60dd | 1601 4c89 | 6310 4c8b | dd49 c1eb | 0344 895b | 0c4c 8b54 | 2460 488b 
  0x000001bc4c332fb4: fb48 c1ef | 034c 8b5c | 2460 4189 | 7b18 4c8b | db4d 33da | 49c1 eb16 | 4d85 db74 | 1a49 c1ea 
  0x000001bc4c332fd4: 0948 b900 | 00ec 4fbc | 0100 0049 | 03ca 8039 | 020f 8559 | 1800 0041 | 807f 4000 | 0f85 1218 
  0x000001bc4c332ff4: 0000 4c8b | 5424 6041 | 897a 144c | 8bd3 4c8b | 5c24 604d | 33d3 49c1 | ea16 4d85 | d274 1a49 
  0x000001bc4c333014: c1eb 0948 | b900 00ec | 4fbc 0100 | 0049 03cb | 8039 020f | 8565 1800 | 004c 8b54 | 2460 41ff 
  0x000001bc4c333034: 420c 458b | 5a10 41ff | c345 895a | 10e9 b504 | 0000 41bb | 0100 0000 | eb03 4533 | db45 85db 
  0x000001bc4c333054: 0f84 2103 | 0000 488b 

  0x000001bc4c33305c: ;   {optimized virtual_call}
  0x000001bc4c33305c: 5424 60e8 

  0x000001bc4c333060: ; ImmutableOopMap {[32]=Oop [40]=Oop [88]=Oop [96]=Oop }
                      ;*invokeinterface isEmpty {reexecute=0 rethrow=0 return_oop=0}
                      ; - toughasnails.temperature.AreaFill::fill@36 (line 35)
  0x000001bc4c333060: 5c5b 53fe 

  0x000001bc4c333064: ;   {other}
  0x000001bc4c333064: 0f1f 8400 | 5407 0000 | 85c0 0f85 | 9004 0000 | 4c8b 5424 | 6041 8b7a | 1441 8b74 | fc10 4180 
  0x000001bc4c333084: 7f40 000f | 852c 0d00 | 0041 807f | 4000 0f85 | 590d 0000 | 4180 7f40 | 000f 8586 | 0d00 004c 
  0x000001bc4c3330a4: 8b54 2460 | 4189 7214 | 418b 5cfc | 0c45 8964 | fc10 4589 | 64fc 0c4c | 8bd6 49c1 | e203 4c8b 
  0x000001bc4c3330c4: 5c24 604d | 33d3 49c1 | ea16 4d85 | d274 1e85 | f674 1a49 | c1eb 0948 | b900 00ec | 4fbc 0100 
  0x000001bc4c3330e4: 0049 03cb | 8039 020f | 8574 0d00 | 0085 f675 | 1641 807f | 4000 0f85 | eb0d 0000 | 4c8b 5424 
  0x000001bc4c333104: 6045 8962 | 18eb 1041 | 807f 4000 | 0f85 9d0d | 0000 4589 | 64f4 144c | 8b54 2460 | 41ff 4a10 
  0x000001bc4c333124: 41ff 420c 

  0x000001bc4c333128: ; implicit exception: dispatches to 0x000001bc4c3358f0
  0x000001bc4c333128: 458b 5cdc 

  0x000001bc4c33312c: ;   {metadata('toughasnails/temperature/AreaFill$FillPos')}
  0x000001bc4c33312c: 0841 81fb | f809 8b02 | 0f85 4225 | 0000 4c8b | 5424 5845 | 8b52 0c4d | 8d1c dc4c | 895c 2468 
  0x000001bc4c33314c: ; implicit exception: dispatches to 0x000001bc4c33591c
  0x000001bc4c33314c: 478b 44d4 | 0845 8b5b | 0c4f 8d0c 

  0x000001bc4c333158: ;   {metadata('java/util/HashMap')}
  0x000001bc4c333158: d441 81f8 | 68ce 0800 | 0f85 1d06 | 0000 418b | 4924 85c9 | 0f84 dcfe | ffff 458b | 4ccc 0c45 
  0x000001bc4c333178: 85c9 0f86 | 4215 0000 | 4c8b 5424 | 6845 8b42 | 1045 85c0 | 0f84 8f05 | 0000 438b | 7cc4 1444 
  0x000001bc4c333198: 8bd7 41c1 | e205 442b | d747 0354 | c410 418b | fac1 e705 | 412b fa43 | 037c c40c | 448b d741 
  0x000001bc4c3331b8: c1e2 0544 | 2bd7 4503 | d34c 8b5c | 2468 458b | 4314 48c1 | e103 41ff | c945 85c0 | 0f84 4005 
  0x000001bc4c3331d8: 0000 438b | 44c4 1085 | c00f 8466 | 0500 0045 | 8bda 41c1 | e305 452b | da41 03c3 | 448b c041 
  0x000001bc4c3331f8: c1e8 1044 | 33c0 4523 | c842 8b4c | 8910 85c9 | 0f84 40fe | ffff 458b | 5ccc 0c4c | 8b54 2468 
  0x000001bc4c333218: 418b 5a0c | 453b d874 | 4645 8b54 | cc18 4585 | d20f 841f | feff ff45 | 8b5c cc08 

  0x000001bc4c333234: ;   {metadata('java/util/HashMap$TreeNode')}
  0x000001bc4c333234: 4181 fb68 | 241a 000f | 85ec 0300 | 0049 8d14 | cc4c 8b4c 

  0x000001bc4c333248: ;   {optimized virtual_call}
  0x000001bc4c333248: 2468 90e8 

  0x000001bc4c33324c: ; ImmutableOopMap {[32]=Oop [40]=Oop [88]=Oop [96]=Oop [104]=Oop }
                      ;*invokevirtual getTreeNode {reexecute=0 rethrow=0 return_oop=1}
                      ; - java.util.HashMap::getNode@95 (line 582)
                      ; - java.util.HashMap::containsKey@2 (line 602)
                      ; - java.util.HashSet::contains@5 (line 213)
                      ; - toughasnails.temperature.AreaFill::fill@60 (line 40)
  0x000001bc4c33324c: 90be 3b00 

  0x000001bc4c333250: ;   {other}
  0x000001bc4c333250: 0f1f 8400 | 4009 0001 | 4533 db48 | 85c0 410f | 95c3 e9ea | fdff ff45 | 8b4c cc10 | 4d8b d949 
  0x000001bc4c333270: c1e3 034d | 3bda 0f84 | cafd ffff | 4d3b d30f | 848c 1400 | 0047 8b54 

  0x000001bc4c333288: ;   {metadata('toughasnails/temperature/AreaFill$FillPos')}
  0x000001bc4c333288: cc08 4181 | faf8 098b | 020f 8585 | 2400 004c | 8b54 2468 | 418b 7a14 | 49c1 e103 | 458b 5914 
  0x000001bc4c3332a8: 413b fb74 | 1185 ff0f | 84f7 1400 | 0041 3bfb | 0f85 ee14 | 0000 458b | 590c 413b | db0f 8595 
  0x000001bc4c3332c8: 1400 0041 | 8b59 1045 | 8b52 1044 | 3bd3 0f84 | 6afd ffff 

  0x000001bc4c3332dc: ; implicit exception: dispatches to 0x000001bc4c333316
  0x000001bc4c3332dc: 478b 5cd4 | 0c44 3bd3 | 0f84 5cfd | ffff 418b | 7cdc 0c44 | 3bdf 7522 | 418b 7cdc | 1047 8b5c 
  0x000001bc4c3332fc: d410 443b | df75 1345 | 8b5c dc14 | 438b 5cd4 | 1441 3bdb | 0f84 30fd | ffff bacd | ffff ff48 
  0x000001bc4c33331c: 8b6c 2420 | 4c8b 5424 | 284c 8954 | 2420 448b | 5c24 3044 | 895c 2428 | 4c8b 5424 | 584c 8954 
  0x000001bc4c33333c: 2430 4c8b | 5424 604c | 8954 2438 | 4c8b 5424 | 684c 8954 | 2448 894c | 242c 4489 | 4424 504c 
  0x000001bc4c33335c: 8954 2458 | 4c89 4c24 

  0x000001bc4c333364: ;   {runtime_call UncommonTrapBlob}
  0x000001bc4c333364: 6066 90e8 

  0x000001bc4c333368: ; ImmutableOopMap {rbp=Oop [32]=Oop [44]=NarrowOop [48]=Oop [56]=Oop [72]=Oop [88]=Oop [96]=Oop }
                      ;*invokestatic profileBoolean {reexecute=1 rethrow=0 return_oop=0}
                      ; - (reexecute) java.lang.invoke.LambdaForm$MH/0x000001bc6140fc00::guard@48
                      ; - java.lang.invoke.DelegatingMethodHandle$Holder::delegate@14
                      ; - java.lang.invoke.LambdaForm$MH/0x000001bc6140fc00::guard@74
                      ; - java.lang.invoke.DelegatingMethodHandle$Holder::delegate@14
                      ; - java.lang.invoke.LambdaForm$MH/0x000001bc61410000::invoke@93
                      ; - java.lang.invoke.DelegatingMethodHandle$Holder::delegate@14
                      ; - java.lang.invoke.LambdaForm$MH/0x000001bc6140fc00::guard@74
                      ; - java.lang.invoke.DelegatingMethodHandle$Holder::delegate@14
                      ; - java.lang.invoke.LambdaForm$MH/0x000001bc6140fc00::guard@94
                      ; - java.lang.invoke.LambdaForm$MH/0x000001bc61410400::linkToTargetMethod@6
                      ; - toughasnails.temperature.AreaFill$FillPos::equals@2 (line 135)
                      ; - java.util.HashMap::getNode@63 (line 578)
                      ; - java.util.HashMap::containsKey@2 (line 602)
                      ; - java.util.HashSet::contains@5 (line 213)
                      ; - toughasnails.temperature.AreaFill::fill@60 (line 40)
  0x000001bc4c333368: 9412 06fd 

  0x000001bc4c33336c: ;   {other}
  0x000001bc4c33336c: 0f1f 8400 | 5c0a 0002 | 4889 4424 | 50eb 4248 | 8b54 2428 | 4c8b 4424 | 204c 8b4c 

  0x000001bc4c333388: ;   {static_call}
  0x000001bc4c333388: 2468 90e8 

  0x000001bc4c33338c: ; ImmutableOopMap {[32]=Oop [40]=Oop [88]=Oop [96]=Oop [104]=Oop }
                      ;*invokestatic checkPassable {reexecute=0 rethrow=0 return_oop=0}
                      ; - toughasnails.temperature.AreaFill::fill@75 (line 44)
  0x000001bc4c33338c: b02e 33ff 

  0x000001bc4c333390: ;   {other}
  0x000001bc4c333390: 0f1f 8400 | 800a 0003 | 85c0 0f84 | 6b0f 0000 | 4c8b 5424 | 6845 8b5a | 0c44 3b5c | 2430 7c08 
  0x000001bc4c3333b0: 498b eae9 | e400 0000 | 4c89 5424 | 5048 8b54 | 2428 4c8b | 4424 204c | 8b4c 2450 

  0x000001bc4c3333cc: ;   {static_call}
  0x000001bc4c3333cc: 6666 90e8 

  0x000001bc4c3333d0: ; ImmutableOopMap {[32]=Oop [40]=Oop [80]=Oop [88]=Oop [96]=Oop [104]=Oop }
                      ;*invokestatic checkPassable {reexecute=0 rethrow=0 return_oop=0}
                      ; - toughasnails.temperature.AreaFill::fill@98 (line 47)
  0x000001bc4c3333d0: 6c2e 33ff 

  0x000001bc4c3333d4: ;   {other}
  0x000001bc4c3333d4: 0f1f 8400 | c40a 0004 | 85c0 0f84 | 6705 0000 | 4c8b 5424 | 5845 8b52 | 0c47 8b44 | d408 4f8d 
  0x000001bc4c3333f4: ;   {metadata('java/util/HashMap')}
  0x000001bc4c3333f4: 1cd4 4181 | f868 ce08 | 000f 8552 | 0500 0049 | 8beb 488b 

  0x000001bc4c333408: ;   {static_call}
  0x000001bc4c333408: 5424 50e8 

  0x000001bc4c33340c: ; ImmutableOopMap {rbp=Oop [32]=Oop [40]=Oop [80]=Oop [88]=Oop [96]=Oop [104]=Oop }
                      ;*invokestatic hash {reexecute=0 rethrow=0 return_oop=0}
                      ; - java.util.HashMap::put@2 (line 618)
                      ; - java.util.HashSet::add@8 (line 229)
                      ; - toughasnails.temperature.AreaFill::fill@108 (line 49)
  0x000001bc4c33340c: 10f4 6bfe 

  0x000001bc4c333410: ;   {other}
  0x000001bc4c333410: 0f1f 8400 | 000b 0005 | 488b d544 | 8bc0 4c8b 

  0x000001bc4c333420: ;   {oop(a 'java/lang/Object'{0x0000000600018688})}
  0x000001bc4c333420: 4c24 5048 | bf88 8601 | 0006 0000 | 0033 f6b9 | 0100 0000 

  0x000001bc4c333434: ;   {optimized virtual_call}
  0x000001bc4c333434: 6666 90e8 

  0x000001bc4c333438: ; ImmutableOopMap {[32]=Oop [40]=Oop [80]=Oop [88]=Oop [96]=Oop [104]=Oop }
                      ;*invokevirtual putVal {reexecute=0 rethrow=0 return_oop=1}
                      ; - java.util.HashMap::put@9 (line 618)
                      ; - java.util.HashSet::add@8 (line 229)
                      ; - toughasnails.temperature.AreaFill::fill@108 (line 49)
  0x000001bc4c333438: 24a4 e3fd 

  0x000001bc4c33343c: ;   {other}
  0x000001bc4c33343c: 0f1f 8400 | 2c0b 0006 | 488b 5424 | 604c 8b44 | 2458 4c8b | 4c24 2848 | 8b7c 2420 | 488b 7424 
  0x000001bc4c33345c: ;   {static_call}
  0x000001bc4c33345c: 5066 90e8 

  0x000001bc4c333460: ; ImmutableOopMap {[32]=Oop [40]=Oop [80]=Oop [88]=Oop [96]=Oop [104]=Oop }
                      ;*invokestatic expand {reexecute=0 rethrow=0 return_oop=0}
                      ; - toughasnails.temperature.AreaFill::fill@122 (line 50)
  0x000001bc4c333460: 1c4d 59ff 

  0x000001bc4c333464: ;   {other}
  0x000001bc4c333464: 0f1f 8400 | 540b 0007 | 488b 5424 

  0x000001bc4c333470: ;   {optimized virtual_call}
  0x000001bc4c333470: 5066 90e8 

  0x000001bc4c333474: ; ImmutableOopMap {[32]=Oop [40]=Oop [88]=Oop [96]=Oop [104]=Oop }
                      ;*invokevirtual west {reexecute=0 rethrow=0 return_oop=1}
                      ; - toughasnails.temperature.AreaFill::fill@127 (line 51)
  0x000001bc4c333474: e8e8 f4fe 

  0x000001bc4c333478: ;   {other}
  0x000001bc4c333478: 0f1f 8400 | 680b 0008 | 4d8b 9750 

  0x000001bc4c333484: ; ImmutableOopMap {rax=Oop [32]=Oop [40]=Oop [88]=Oop [96]=Oop [104]=Oop }
                      ;*goto {reexecute=1 rethrow=0 return_oop=0}
                      ; - (reexecute) toughasnails.temperature.AreaFill::fill@132 (line 51)
                      ;   {poll}
  0x000001bc4c333484: 0400 0041 | 8502 448b | 580c 443b | 5c24 300f | 8cdb feff | ff48 8be8 | 488b 5424 | 584c 8bc5 
  0x000001bc4c3334a4: ;   {optimized virtual_call}
  0x000001bc4c3334a4: 6666 90e8 

  0x000001bc4c3334a8: ; ImmutableOopMap {rbp=Oop [32]=Oop [40]=Oop [88]=Oop [96]=Oop [104]=Oop }
                      ;*invokeinterface add {reexecute=0 rethrow=0 return_oop=0}
                      ; - toughasnails.temperature.AreaFill::fill@139 (line 54)
  0x000001bc4c3334a8: b432 aafd 

  0x000001bc4c3334ac: ;   {other}
  0x000001bc4c3334ac: 0f1f 8400 | 9c0b 000a | 488b 5424 | 284c 8b44 | 2420 4c8b 

  0x000001bc4c3334c0: ;   {static_call}
  0x000001bc4c3334c0: cd66 90e8 

  0x000001bc4c3334c4: ; ImmutableOopMap {rbp=Oop [32]=Oop [40]=Oop [88]=Oop [96]=Oop [104]=Oop }
                      ;*invokestatic checkPassable {reexecute=0 rethrow=0 return_oop=0}
                      ; - toughasnails.temperature.AreaFill::fill@149 (line 55)
  0x000001bc4c3334c4: 782d 33ff 

  0x000001bc4c3334c8: ;   {other}
  0x000001bc4c3334c8: 0f1f 8400 | b80b 000b | 85c0 0f84 | 5102 0000 | 4c8b 5424 | 6845 8b52 | 0c44 3b54 | 2430 7c32 
  0x000001bc4c3334e8: 4d8b 9750 

  0x000001bc4c3334ec: ; ImmutableOopMap {[32]=Oop [40]=Oop [88]=Oop [96]=Oop }
                      ;*goto {reexecute=1 rethrow=0 return_oop=0}
                      ; - (reexecute) toughasnails.temperature.AreaFill::fill@173 (line 59)
                      ;   {poll}
  0x000001bc4c3334ec: 0400 0041 | 8502 4c8b | 5424 6045 | 8b5a 1045 | 85db 0f85 | 70fb ffff | 4881 c4b0 | 0000 005d 
  0x000001bc4c33350c: ;   {poll_return}
  0x000001bc4c33350c: 493b a748 | 0400 000f | 873f 2900 | 00c3 488b 

  0x000001bc4c33351c: ;   {optimized virtual_call}
  0x000001bc4c33351c: 5424 68e8 

  0x000001bc4c333520: ; ImmutableOopMap {[32]=Oop [40]=Oop [88]=Oop [96]=Oop }
                      ;*invokevirtual east {reexecute=0 rethrow=0 return_oop=1}
                      ; - toughasnails.temperature.AreaFill::fill@178 (line 61)
  0x000001bc4c333520: 3c83 f5fe 

  0x000001bc4c333524: ;   {other}
  0x000001bc4c333524: 0f1f 8400 | 140c 000d 

  0x000001bc4c33352c: ; implicit exception: dispatches to 0x000001bc4c335a14
  0x000001bc4c33352c: 448b 500c | 443b 5424 | 300f 8d8f | 0000 0048 | 8be8 488b | 5424 284c | 8b44 2420 

  0x000001bc4c333548: ;   {static_call}
  0x000001bc4c333548: 4c8b cde8 

  0x000001bc4c33354c: ; ImmutableOopMap {rbp=Oop [32]=Oop [40]=Oop [88]=Oop [96]=Oop }
                      ;*invokestatic checkPassable {reexecute=0 rethrow=0 return_oop=0}
                      ; - toughasnails.temperature.AreaFill::fill@196 (line 62)
  0x000001bc4c33354c: f02c 33ff 

  0x000001bc4c333550: ;   {other}
  0x000001bc4c333550: 0f1f 8400 | 400c 000e | 85c0 7471 | 488b 5424 | 584c 8bc5 

  0x000001bc4c333564: ;   {optimized virtual_call}
  0x000001bc4c333564: 6666 90e8 

  0x000001bc4c333568: ; ImmutableOopMap {rbp=Oop [32]=Oop [40]=Oop [88]=Oop [96]=Oop }
                      ;*invokeinterface add {reexecute=0 rethrow=0 return_oop=0}
                      ; - toughasnails.temperature.AreaFill::fill@206 (line 64)
  0x000001bc4c333568: f431 aafd 

  0x000001bc4c33356c: ;   {other}
  0x000001bc4c33356c: 0f1f 8400 | 5c0c 000f | 488b 5424 | 604c 8b44 | 2458 4c8b | 4c24 2848 | 8b7c 2420 

  0x000001bc4c333588: ;   {static_call}
  0x000001bc4c333588: 488b f5e8 

  0x000001bc4c33358c: ; ImmutableOopMap {rbp=Oop [32]=Oop [40]=Oop [88]=Oop [96]=Oop }
                      ;*invokestatic expand {reexecute=0 rethrow=0 return_oop=0}
                      ; - toughasnails.temperature.AreaFill::fill@220 (line 65)
  0x000001bc4c33358c: f04b 59ff 

  0x000001bc4c333590: ;   {other}
  0x000001bc4c333590: 0f1f 8400 | 800c 0010 

  0x000001bc4c333598: ;   {optimized virtual_call}
  0x000001bc4c333598: 488b d5e8 

  0x000001bc4c33359c: ; ImmutableOopMap {[32]=Oop [40]=Oop [88]=Oop [96]=Oop }
                      ;*invokevirtual east {reexecute=0 rethrow=0 return_oop=1}
                      ; - toughasnails.temperature.AreaFill::fill@225 (line 66)
  0x000001bc4c33359c: c082 f5fe 

  0x000001bc4c3335a0: ;   {other}
  0x000001bc4c3335a0: 0f1f 8400 | 900c 0011 | 4d8b 9750 

  0x000001bc4c3335ac: ; ImmutableOopMap {rax=Oop [32]=Oop [40]=Oop [88]=Oop [96]=Oop }
                      ;*goto {reexecute=1 rethrow=0 return_oop=0}
                      ; - (reexecute) toughasnails.temperature.AreaFill::fill@230 (line 66)
                      ;   {poll}
  0x000001bc4c3335ac: 0400 0041 | 8502 448b | 580c 443b | 5c24 307d | 0848 8be8 | e979 ffff | ff48 8be8 | eb03 488b 
  0x000001bc4c3335cc: e848 8b54 | 2458 4c8b 

  0x000001bc4c3335d4: ;   {optimized virtual_call}
  0x000001bc4c3335d4: c566 90e8 

  0x000001bc4c3335d8: ; ImmutableOopMap {rbp=Oop [32]=Oop [40]=Oop [88]=Oop [96]=Oop }
                      ;*invokeinterface add {reexecute=0 rethrow=0 return_oop=0}
                      ; - toughasnails.temperature.AreaFill::fill@237 (line 69)
  0x000001bc4c3335d8: 8431 aafd 

  0x000001bc4c3335dc: ;   {other}
  0x000001bc4c3335dc: 0f1f 8400 | cc0c 0013 | 488b 5424 | 284c 8b44 | 2420 4c8b 

  0x000001bc4c3335f0: ;   {static_call}
  0x000001bc4c3335f0: cd66 90e8 

  0x000001bc4c3335f4: ; ImmutableOopMap {rbp=Oop [32]=Oop [40]=Oop [88]=Oop [96]=Oop }
                      ;*invokestatic checkPassable {reexecute=0 rethrow=0 return_oop=0}
                      ; - toughasnails.temperature.AreaFill::fill@247 (line 70)
  0x000001bc4c3335f4: 482c 33ff 

  0x000001bc4c3335f8: ;   {other}
  0x000001bc4c3335f8: 0f1f 8400 | e80c 0014 | 85c0 0f85 | 52fa ffff | 488b 5424 | 584c 8b44 | 2428 4c8b | 4c24 2048 
  0x000001bc4c333618: ;   {static_call}
  0x000001bc4c333618: 8bfd 90e8 

  0x000001bc4c33361c: ; ImmutableOopMap {[32]=Oop [40]=Oop [88]=Oop [96]=Oop }
                      ;*invokestatic checkSolid {reexecute=0 rethrow=0 return_oop=0}
                      ; - toughasnails.temperature.AreaFill::fill@259 (line 70)
  0x000001bc4c33361c: 0068 0ffe 

  0x000001bc4c333620: ;   {other}
  0x000001bc4c333620: 0f1f 8400 | 100d 0015 | e92d faff | ff49 c1e2 | 0345 8b4a | 0c45 3bc8 | 7422 4d8b | 9f50 0400 
  0x000001bc4c333640: 0045 8b4a | 184c 8b54 

  0x000001bc4c333648: ; ImmutableOopMap {r10=Oop r9=NarrowOop [32]=Oop [40]=Oop [88]=Oop [96]=Oop [104]=Oop }
                      ;*ifnonnull {reexecute=1 rethrow=0 return_oop=0}
                      ; - (reexecute) java.util.HashMap::getNode@145 (line 587)
                      ; - java.util.HashMap::containsKey@2 (line 602)
                      ; - java.util.HashSet::contains@5 (line 213)
                      ; - toughasnails.temperature.AreaFill::fill@60 (line 40)
                      ;   {poll}
  0x000001bc4c333648: 2468 4185 | 0345 85c9 | 0f84 f8f9 | ffff 4f8d | 14cc ebd5 | 458b 4a10 | 4d8b d949 | c1e3 0348 
  0x000001bc4c333668: 8b4c 2468 | 4c3b d90f | 849a 0000 | 0049 3bcb | 0f84 c814 | 0000 478b 

  0x000001bc4c333680: ;   {metadata('toughasnails/temperature/AreaFill$FillPos')}
  0x000001bc4c333680: 5ccc 0841 | 81fb f809 | 8b02 0f85 | 5021 0000 | 4c8b d941 | 8b4b 144f | 8d1c cc45 | 8b4b 1441 
  0x000001bc4c3336a0: 3bc9 7411 | 85c9 0f84 | 3815 0000 | 413b c90f | 852f 1500 | 0045 8b4b | 0c41 3bd9 | 0f85 d214 
  0x000001bc4c3336c0: 0000 458b | 4b10 488b | 4c24 688b | 6910 413b | e974 3c41 | 8b4c ec0c | 413b e974 | 3243 8b5c 
  0x000001bc4c3336e0: cc0c 3bcb | 0f85 2616 | 0000 438b | 4ccc 1041 | 8b7c ec10 | 3bf9 0f85 | 1416 0000 | 438b 4ccc 
  0x000001bc4c333700: 1445 8b4c | ec14 443b | c90f 8501 | 1600 0041 | bb01 0000 | 00e9 37f9 | ffff 33c0 | e9c6 faff 
  0x000001bc4c333720: ff45 8bd3 | e998 faff | ff48 8b54 | 2458 4c8b | 4424 284c | 8b4c 2420 

  0x000001bc4c333738: ;   {static_call}
  0x000001bc4c333738: 488b fde8 

  0x000001bc4c33373c: ; ImmutableOopMap {[32]=Oop [40]=Oop [88]=Oop [96]=Oop [104]=Oop }
                      ;*invokestatic checkSolid {reexecute=0 rethrow=0 return_oop=0}
                      ; - toughasnails.temperature.AreaFill::fill@161 (line 55)
  0x000001bc4c33373c: e066 0ffe 

  0x000001bc4c333740: ;   {other}
  0x000001bc4c333740: 0f1f 8400 | 300e 0017 | e98b fdff | ff4b 8d1c | c44c 8b1b | 498b fb48 | 83e7 0348 | 83ff 010f 
  0x000001bc4c333760: 8550 0c00 | 0049 c1eb | 0841 8bc3 | 25ff ffff | 7f85 c00f | 843c 0c00 | 0043 8944 | c410 e964 
  0x000001bc4c333780: ;   {metadata('java/util/LinkedHashMap')}
  0x000001bc4c333780: faff ff41 | 81f8 b8e5 | 0f00 0f85 | a716 0000 | 458b 5124 | 4585 d20f | 8497 0000 | 0047 8b44 
  0x000001bc4c3337a0: d40c 4585 | c00f 86c9 | 1600 004c | 8b4c 2468 | 418b 4910 | 85c9 0f84 | f108 0000 | 418b 5ccc 
  0x000001bc4c3337c0: 1444 8bcb | 41c1 e105 | 442b cb45 | 034c cc10 | 418b d9c1 | e305 412b | d941 035c | cc0c 448b 
  0x000001bc4c3337e0: cb41 c1e1 | 0544 2bcb | 4503 cb4c | 8b5c 2468 | 418b 4b14 | 41ff c84b | 8d1c d485 | c90f 84a3 
  0x000001bc4c333800: 0800 0041 | 8b44 cc10 | 85c0 0f84 | 390b 0000 | 458b d941 | c1e3 0545 | 2bd9 4103 | c344 8bd0 
  0x000001bc4c333820: 41c1 ea10 | 4433 d045 | 23c2 468b | 4c83 1045 | 85c9 7508 | 4533 dbe9 | 15f8 ffff | 478b 5ccc 
  0x000001bc4c333840: 0c4c 8b44 | 2468 418b | 480c 453b | da74 4447 | 8b44 cc18 | 4585 c074 | db43 8b5c 

  0x000001bc4c33385c: ;   {metadata('java/util/HashMap$TreeNode')}
  0x000001bc4c33385c: cc08 81fb | 6824 1a00 | 0f85 5107 | 0000 4b8d | 14cc 458b | c24c 8b4c 

  0x000001bc4c333874: ;   {optimized virtual_call}
  0x000001bc4c333874: 2468 90e8 

  0x000001bc4c333878: ; ImmutableOopMap {[32]=Oop [40]=Oop [88]=Oop [96]=Oop [104]=Oop }
                      ;*invokevirtual getTreeNode {reexecute=0 rethrow=0 return_oop=1}
                      ; - java.util.HashMap::getNode@95 (line 582)
                      ; - java.util.HashMap::containsKey@2 (line 602)
                      ; - java.util.HashSet::contains@5 (line 213)
                      ; - toughasnails.temperature.AreaFill::fill@60 (line 40)
  0x000001bc4c333878: 04b2 05fd 

  0x000001bc4c33387c: ;   {other}
  0x000001bc4c33387c: 0f1f 8400 | 6c0f 0018 | 4533 db48 | 85c0 410f | 95c3 e9be | f7ff ff47 | 8b5c cc10 | 4d8b c349 
  0x000001bc4c33389c: c1e0 0348 | 8b5c 2468 | 4c3b c30f | 8493 0000 | 0049 3bd8 | 0f84 7a16 | 0000 438b 

  0x000001bc4c3338b8: ;   {metadata('toughasnails/temperature/AreaFill$FillPos')}
  0x000001bc4c3338b8: 5cdc 0881 | fbf8 098b | 020f 85cd | 1f00 004c | 8b44 2468 | 418b 5814 | 49c1 e303 | 418b 7b14 
  0x000001bc4c3338d8: 3bdf 7410 | 85db 0f84 | 3417 0000 | 3bdf 0f85 | 2c17 0000 | 418b 5b0c | 3bcb 0f85 | 8016 0000 
  0x000001bc4c3338f8: 418b 4b10 | 418b 6810 | 3be9 743c 

  0x000001bc4c333904: ; implicit exception: dispatches to 0x000001bc4c335074
  0x000001bc4c333904: 418b 5cec | 0c3b e974 | 3341 8b7c | cc0c 3bdf | 0f85 5a17 | 0000 418b | 5ccc 1045 | 8b44 ec10 
  0x000001bc4c333924: 443b c30f | 8547 1700 | 0045 8b44 | cc14 418b | 5cec 1441 | 3bd8 0f85 | 3417 0000 | 41bb 0100 
  0x000001bc4c333944: 0000 e906 | f7ff ff48 | 8b6c 2450 | e947 fbff 

  0x000001bc4c333954: ;   {metadata('java/util/LinkedHashMap')}
  0x000001bc4c333954: ff41 81f8 | b8e5 0f00 | 0f85 9e15 | 0000 4c8b | 5424 5045 | 8b42 1045 | 85c0 0f84 | 9009 0000 
  0x000001bc4c333974: 478b 4cc4 | 1445 8bd1 | 41c1 e205 | 452b d147 | 0354 c410 | 458b ca41 | c1e1 0545 | 2bca 4703 
  0x000001bc4c333994: 4cc4 0c41 | 8be9 c1e5 | 0541 2be9 | 4c89 5c24 | 704c 8b54 | 2450 4103 | 6a0c 418b | 4a14 85c9 
  0x000001bc4c3339b4: 0f84 4309 | 0000 418b | 44cc 1085 | c00f 84b8 | 0900 004c | 8b54 2470 | 458b 4224 | 448b dd41 
  0x000001bc4c3339d4: c1e3 0544 | 2bdd 4103 | c344 8bd8 | 41c1 eb10 | 4433 d844 | 895c 2478 | 4585 c075 | 1949 8bd2 
  0x000001bc4c3339f4: ;   {optimized virtual_call}
  0x000001bc4c3339f4: 6666 90e8 

  0x000001bc4c3339f8: ; ImmutableOopMap {[32]=Oop [40]=Oop [80]=Oop [88]=Oop [96]=Oop [104]=Oop [112]=Oop }
                      ;*invokevirtual resize {reexecute=0 rethrow=0 return_oop=1}
                      ; - java.util.HashMap::putVal@20 (line 635)
                      ; - java.util.HashMap::put@9 (line 618)
                      ; - java.util.HashSet::add@8 (line 229)
                      ; - toughasnails.temperature.AreaFill::fill@108 (line 49)
  0x000001bc4c3339f8: 84b0 05fd 

  0x000001bc4c3339fc: ;   {other}
  0x000001bc4c3339fc: 0f1f 8400 | ec10 0019 

  0x000001bc4c333a04: ; implicit exception: dispatches to 0x000001bc4c335b74
  0x000001bc4c333a04: 448b 500c | eb12 478b | 54c4 0c45 | 85d2 0f86 | bc16 0000 | 4b8d 04c4 | 418d 7aff | 237c 2478 
  0x000001bc4c333a24: 4585 d20f | 8477 1400 | 0048 8984 | 2490 0000 | 004c 8d54 | b810 4c89 | 5424 3845 | 8b0a 4585 
  0x000001bc4c333a44: c90f 8482 | 0100 0047 | 8b54 cc0c | 4c8b 5c24 | 5041 8b7b | 0c4b 8d14 | cc44 3b54 | 2478 0f85 
  0x000001bc4c333a64: 1901 0000 | 478b 54cc | 104d 8bda | 49c1 e303 | 4c8b 4424 | 504d 3bd8 | 0f84 9900 | 0000 4d3b 
  0x000001bc4c333a84: c30f 8441 | 1800 0047 | 8b5c d408 

  0x000001bc4c333a90: ;   {metadata('toughasnails/temperature/AreaFill$FillPos')}
  0x000001bc4c333a90: 4181 fbf8 | 098b 020f | 85db 1c00 | 0045 8b58 | 1449 c1e2 | 0345 8b42 | 1445 3bd8 | 7412 4585 
  0x000001bc4c333ab0: db0f 8425 | 1900 0045 | 3bd8 0f85 | 1c19 0000 | 458b 5a0c | 413b fb0f | 8557 1800 | 0041 8b5a 
  0x000001bc4c333ad0: 104c 8b5c | 2450 418b | 6b10 3beb | 743d 458b | 44ec 0c3b | eb74 3441 | 8b4c dc0c | 443b c10f 
  0x000001bc4c333af0: 85cc 1900 | 0045 8b44 | dc10 458b | 5cec 1045 | 3bd8 0f85 | b919 0000 | 458b 5cdc | 1441 8b4c 
  0x000001bc4c333b10: ec14 413b | cb0f 85a6 | 1900 0048 | 8bda 4180 | 7f40 000f | 8513 0f00 | 008b 6b14 

  0x000001bc4c333b2c: ;   {oop(a 'java/lang/Object'{0x0000000600018688})}
  0x000001bc4c333b2c: c743 14d1 | 3000 c04c 

  0x000001bc4c333b34: ;   {oop(a 'java/lang/Object'{0x0000000600018688})}
  0x000001bc4c333b34: 8bd3 49bb | 8886 0100 | 0600 0000 | 4d33 da49 | c1eb 164d | 85db 741a | 49c1 ea09 | 48b9 0000 
  0x000001bc4c333b54: ec4f bc01 | 0000 4903 | ca80 3902 | 0f85 0d0f | 0000 488b | 5424 704c 

  0x000001bc4c333b6c: ;   {optimized virtual_call}
  0x000001bc4c333b6c: 8bc3 90e8 

  0x000001bc4c333b70: ; ImmutableOopMap {rbp=NarrowOop [32]=Oop [40]=Oop [80]=Oop [88]=Oop [96]=Oop [104]=Oop }
                      ;*invokevirtual afterNodeAccess {reexecute=0 rethrow=0 return_oop=0}
                      ; - java.util.HashMap::putVal@253 (line 663)
                      ; - java.util.HashMap::put@9 (line 618)
                      ; - java.util.HashSet::add@8 (line 229)
                      ; - toughasnails.temperature.AreaFill::fill@108 (line 49)
  0x000001bc4c333b70: 0caf 05fd 

  0x000001bc4c333b74: ;   {other}
  0x000001bc4c333b74: 0f1f 8400 | 6412 001a | e9c3 f8ff | ff47 8b5c 

  0x000001bc4c333b84: ;   {metadata('java/util/HashMap$TreeNode')}
  0x000001bc4c333b84: cc08 4181 | fb68 241a | 000f 8522 | 0500 004c | 8b44 2470 | 4c8b c88b | 7c24 7848 | 8b74 2450 
  0x000001bc4c333ba4: ;   {oop(a 'java/lang/Object'{0x0000000600018688})}
  0x000001bc4c333ba4: 48b9 8886 | 0100 0600 

  0x000001bc4c333bac: ;   {optimized virtual_call}
  0x000001bc4c333bac: 0000 90e8 

  0x000001bc4c333bb0: ; ImmutableOopMap {[32]=Oop [40]=Oop [80]=Oop [88]=Oop [96]=Oop [104]=Oop [112]=Oop }
                      ;*invokevirtual putTreeVal {reexecute=0 rethrow=0 return_oop=1}
                      ; - java.util.HashMap::putVal@123 (line 644)
                      ; - java.util.HashMap::put@9 (line 618)
                      ; - java.util.HashSet::add@8 (line 229)
                      ; - toughasnails.temperature.AreaFill::fill@108 (line 49)
  0x000001bc4c333bb0: ccae 05fd 

  0x000001bc4c333bb4: ;   {other}
  0x000001bc4c333bb4: 0f1f 8400 | a412 001b | 4885 c00f | 84af 0100 | 0048 8bd8 | e951 ffff | ff49 8bb7 | b801 0000 
  0x000001bc4c333bd4: 4c8b d649 | 83c2 284d | 3b97 c801 | 0000 0f83 | 9f0d 0000 | 4d89 97b8 | 0100 0041 | 0f18 8200 
  0x000001bc4c333bf4: 0100 0048 | c706 0100 

  0x000001bc4c333bfc: ;   {metadata('java/util/LinkedHashMap$Entry')}
  0x000001bc4c333bfc: 0000 c746 | 08b0 261a | 0044 8966 | 0c44 8966 | 104c 8966 | 184c 8966 

  0x000001bc4c333c14: ;   {oop(a 'java/lang/Object'{0x0000000600018688})}
  0x000001bc4c333c14: 20c7 4614 | d130 00c0 | 448b 5c24 | 7844 895e | 0c4c 8b54 | 2450 4d8b | da49 c1eb | 0344 895e 
  0x000001bc4c333c34: 104c 8b54 | 2470 418b | 6a2c 83fd | 010f 840b | 1500 0041 | 807f 4000 | 0f85 ce07 | 0000 4c8b 
  0x000001bc4c333c54: 5424 7041 | 8b5a 384c | 8b94 2490 | 0000 0041 | 8b6a 084c | 8b54 2470 | 4c8b de4d | 33da 4c8b 
  0x000001bc4c333c74: ee49 c1ed | 034c 8b44 | 2470 4589 | 6838 49c1 | eb16 4d85 | db74 1a49 | c1ea 0948 | b900 00ec 
  0x000001bc4c333c94: 4fbc 0100 | 0049 03ca | 8039 020f | 85ed 0700 | 0085 db0f | 847a 0200 | 0041 807f | 4000 0f85 
  0x000001bc4c333cb4: ae08 0000 | 895e 1c4d | 8d34 dc4c | 8bd6 4d8b | de4d 33da | 49c1 eb16 | 4d85 db74 | 1a49 c1ea 
  0x000001bc4c333cd4: 0948 b900 | 00ec 4fbc | 0100 0049 | 03ca 8039 | 020f 85b2 | 0800 0041 | 807f 4000 | 0f85 3808 
  0x000001bc4c333cf4: 0000 4589 | 6cdc 204c | 8bd6 4d8b | de4d 33d3 | 49c1 ea16 | 4d85 d274 | 1a49 c1eb | 0948 b900 
  0x000001bc4c333d14: ;   {no_reloc}
  0x000001bc4c333d14: 00ec 4fbc | 0100 0049 | 03cb 8039 | 020f 85f6 

  0x000001bc4c333d24: ;   {metadata('java/util/HashMap$Node'[])}
  0x000001bc4c333d24: 0800 0081 | fdc0 1d1a | 000f 8591 | 1200 0041 | 807f 4000 | 0f85 1907 | 0000 4c8b | 5424 3845 
  0x000001bc4c333d44: 892a 4c8b | d64c 8b5c | 2438 4d33 | d349 c1ea | 164d 85d2 | 741a 49c1 | eb09 48b9 | 0000 ec4f 
  0x000001bc4c333d64: bc01 0000 | 4903 cb80 | 3902 0f85 | 6c07 0000 | 4c8b 5424 | 7041 ff42 | 1845 8b52 | 1c4c 8b5c 
  0x000001bc4c333d84: 2470 458b | 4314 41ff | c045 8943 | 1445 3bc2 | 0f8f 9705 | 0000 488b | 5424 7041 | b801 0000 
  0x000001bc4c333da4: ;   {optimized virtual_call}
  0x000001bc4c333da4: 0066 90e8 

  0x000001bc4c333da8: ; ImmutableOopMap {[32]=Oop [40]=Oop [80]=Oop [88]=Oop [96]=Oop [104]=Oop }
                      ;*invokevirtual afterNodeInsertion {reexecute=0 rethrow=0 return_oop=0}
                      ; - java.util.HashMap::putVal@295 (line 670)
                      ; - java.util.HashMap::put@9 (line 618)
                      ; - java.util.HashSet::add@8 (line 229)
                      ; - toughasnails.temperature.AreaFill::fill@108 (line 49)
  0x000001bc4c333da8: d4ac 05fd 

  0x000001bc4c333dac: ;   {other}
  0x000001bc4c333dac: 0f1f 8400 | 9c14 001c | e98b f6ff | ff45 8b5c | fc0c 4585 | db0f 84c6 | f2ff ff4d | 8b57 2849 
  0x000001bc4c333dcc: 8bcb 48c1 | e103 4d85 | d20f 8490 | 0800 004d | 8b5f 384b | 894c 13f8 | 4983 c2f8 | 4d89 5728 
  0x000001bc4c333dec: e99c f2ff | ff45 8b54 | fc10 4585 | d20f 8499 | f2ff ff4d | 8b5f 2849 | 8bca 48c1 | e103 4d85 
  0x000001bc4c333e0c: db0f 8475 | 0800 004d | 8b57 384b | 894c 1af8 | 4983 c3f8 | 4d89 5f28 | e96f f2ff | ff4c 8b54 
  0x000001bc4c333e2c: 2460 458b | 5a14 4585 | db0f 8468 | f2ff ff4d | 8b57 2849 | 8bcb 48c1 | e103 4d85 | d20f 8456 
  0x000001bc4c333e4c: 0800 004d | 8b5f 384b | 894c 13f8 | 4983 c2f8 | 4d89 5728 | e93e f2ff | ff4d 8b57 | 484d 8b5f 
  0x000001bc4c333e6c: 58f0 8344 | 24c0 0080 | 3900 0f84 | 75f2 ffff | 4488 214d | 85d2 751d | 498b d749 | ba70 f132 
  0x000001bc4c333e8c: 20fa 7f00 | 0041 ffd2 

  0x000001bc4c333e94: ;   {other}
  0x000001bc4c333e94: 0f1f 8400 | 0000 0000 | e950 f2ff | ff4b 894c | 13f8 4983 | c2f8 4d89 | 5748 e93e | f2ff ff45 
  0x000001bc4c333eb4: 8b5c f414 | 4585 db0f | 8455 f2ff | ff4d 8b57 | 2849 8bcb | 48c1 e103 | 4d85 d20f | 841f 0800 
  0x000001bc4c333ed4: 004d 8b5f | 384b 894c | 13f8 4983 | c2f8 4d89 | 5728 e92b | f2ff ff4c | 8b54 2460 | 458b 5218 
  0x000001bc4c333ef4: 4585 d20f | 8403 f2ff | ff4d 8b5f | 2849 8bca | 48c1 e103 | 4d85 db0f | 8459 0a00 | 004d 8b57 
  0x000001bc4c333f14: 384b 894c | 1af8 4983 | c3f8 4d89 | 5f28 e9d9 | f1ff ff41 | 807f 4000 | 0f85 fc09 | 0000 4c8b 
  0x000001bc4c333f34: 5424 7045 | 896a 344c | 8bd6 4c8b | 5c24 704d | 33d3 49c1 | ea16 4d85 | d20f 84d4 | fdff ff49 
  0x000001bc4c333f54: c1eb 0948 | b900 00ec | 4fbc 0100 | 0049 03cb | 8039 020f | 84ba fdff | ff4d 8b57 | 584d 8b5f 
  0x000001bc4c333f74: 48f0 8344 | 24c0 0080 | 3900 0f84 | a3fd ffff | 4488 214d | 85db 751d | 498b d749 

  0x000001bc4c333f90: ;   {no_reloc}
  0x000001bc4c333f90: ba70 f132 | 20fa 7f00 | 0041 ffd2 

  0x000001bc4c333f9c: ;   {other}
  0x000001bc4c333f9c: 0f1f 8400 | 0000 0000 | e97e fdff | ff4b 894c | 1af8 4983 | c3f8 4d89 | 5f48 e96c | fdff ff4f 
  0x000001bc4c333fbc: 8d1c c445 | 8b4b 0c45 | 3bca 7422 | 4d8b 8750 | 0400 0045 | 8b4b 184c 

  0x000001bc4c333fd4: ; ImmutableOopMap {r11=Oop r9=NarrowOop [32]=Oop [40]=Oop [88]=Oop [96]=Oop [104]=Oop }
                      ;*ifnonnull {reexecute=1 rethrow=0 return_oop=0}
                      ; - (reexecute) java.util.HashMap::getNode@145 (line 587)
                      ; - java.util.HashMap::containsKey@2 (line 602)
                      ; - java.util.HashSet::contains@5 (line 213)
                      ; - toughasnails.temperature.AreaFill::fill@60 (line 40)
  0x000001bc4c333fd4: 8b5c 2468 

  0x000001bc4c333fd8: ;   {poll}
  0x000001bc4c333fd8: 4185 0045 | 85c9 0f84 | 50f8 ffff | 4f8d 1ccc | ebd5 458b | 4310 4d8b | c849 c1e1 | 0348 8b5c 
  0x000001bc4c333ff8: 2468 4c3b | cb0f 8498 | 0000 0049 | 3bd9 0f84 | 2612 0000 

  0x000001bc4c33400c: ; implicit exception: dispatches to 0x000001bc4c335b88
  0x000001bc4c33400c: 478b 4cc4 

  0x000001bc4c334010: ;   {metadata('toughasnails/temperature/AreaFill$FillPos')}
  0x000001bc4c334010: 0841 81f9 | f809 8b02 | 0f85 1e18 | 0000 448b | 4b14 49c1 | e003 418b | 5814 443b | cb74 1245 
  0x000001bc4c334030: 85c9 0f84 | 4813 0000 | 443b cb0f | 853f 1300 | 0045 8b48 | 0c41 3bc9 | 0f85 2e12 | 0000 458b 
  0x000001bc4c334050: 4810 488b | 4c24 688b | 6910 413b | e974 3c41 | 8b4c ec0c | 413b e974 | 3243 8b5c | cc0c 3bcb 
  0x000001bc4c334070: 0f85 ce13 | 0000 438b | 4ccc 1041 | 8b7c ec10 | 3bf9 0f85 | bc13 0000 | 438b 4ccc | 1445 8b4c 
  0x000001bc4c334090: ec14 443b | c90f 85a9 | 1300 0041 | bb01 0000 | 00e9 abef | ffff 33c0 | e963 f7ff | ff45 8bcb 
  0x000001bc4c3340b0: e936 f7ff | ff47 8b54 | cc18 4585 | d20f 8479 | 0100 004b | 8d1c d445 | 33c0 448b | 4b0c 448b 
  0x000001bc4c3340d0: 5424 7845 | 3bca 7440 | 4d8b 8f50 | 0400 0044 | 8b5b 1841 

  0x000001bc4c3340e4: ; ImmutableOopMap {r11=NarrowOop rbx=Oop [32]=Oop [40]=Oop [80]=Oop [88]=Oop [96]=Oop [104]=Oop [112]=Oop [144]=Oop }
                      ;*goto {reexecute=1 rethrow=0 return_oop=0}
                      ; - (reexecute) java.util.HashMap::putVal@219 (line 646)
                      ; - java.util.HashMap::put@9 (line 618)
                      ; - java.util.HashSet::add@8 (line 229)
                      ; - toughasnails.temperature.AreaFill::fill@108 (line 49)
                      ;   {poll}
  0x000001bc4c3340e4: ffc0 4185 | 0145 85db | 7406 4b8d | 1cdc ebd6 | 488b eb44 | 8b5c 2478 | 4489 5c24 | 344c 8b94 
  0x000001bc4c334104: 2490 0000 | 004c 8954 | 2438 4489 | 4424 40e9 | 3e01 0000 | 448b 5310 | 4d8b da49 | c1e3 034c 
  0x000001bc4c334124: 8b4c 2450 | 4d3b d90f | 84ed f9ff | ff4d 3bcb | 0f84 0b14 | 0000 478b 

  0x000001bc4c33413c: ;   {metadata('toughasnails/temperature/AreaFill$FillPos')}
  0x000001bc4c33413c: 5cd4 0841 | 81fb f809 | 8b02 0f85 | 6015 0000 | 458b 5914 | 4f8d 0cd4 | 458b 5114 | 453b da74 
  0x000001bc4c33415c: 1245 85db | 0f84 a614 | 0000 453b | da0f 859d | 1400 0045 | 8b51 0c41 | 3bfa 0f85 | 2c14 0000 
  0x000001bc4c33417c: 418b 5110 | 4c8b 5424 | 5041 8b6a | 103b ea0f | 848d f9ff | ff45 8b5c | ec0c 3bea | 0f84 80f9 
  0x000001bc4c33419c: ffff 418b | 4cd4 0c44 | 3bd9 7522 | 458b 5cd4 | 1045 8b54 | ec10 453b | d375 1345 | 8b54 d414 
  0x000001bc4c3341bc: 418b 4cec | 1441 3bca | 0f84 54f9 | ffff bacd | ffff ff48 | 8b6c 2420 | 4c8b 5424 | 284c 8954 
  0x000001bc4c3341dc: 2420 448b | 5424 3044 | 8954 2428 | 4c8b 5424 | 584c 8954 | 2430 4c8b | 5424 604c | 8954 2438 
  0x000001bc4c3341fc: 4c8b 5424 | 684c 8954 | 2440 4c8b | 5424 704c | 8954 2460 | 448b 5c24 | 7844 895c | 242c 4889 
  0x000001bc4c33421c: 5c24 7044 | 8944 2478 | 4c89 8c24 | 8000 0000 

  0x000001bc4c33422c: ;   {runtime_call UncommonTrapBlob}
  0x000001bc4c33422c: 6666 90e8 

  0x000001bc4c334230: ; ImmutableOopMap {rbp=Oop [32]=Oop [48]=Oop [56]=Oop [64]=Oop [80]=Oop [96]=Oop [112]=Oop [128]=Oop [144]=Oop }
                      ;*invokestatic profileBoolean {reexecute=1 rethrow=0 return_oop=0}
                      ; - (reexecute) java.lang.invoke.LambdaForm$MH/0x000001bc6140fc00::guard@48
                      ; - java.lang.invoke.DelegatingMethodHandle$Holder::delegate@14
                      ; - java.lang.invoke.LambdaForm$MH/0x000001bc6140fc00::guard@74
                      ; - java.lang.invoke.DelegatingMethodHandle$Holder::delegate@14
                      ; - java.lang.invoke.LambdaForm$MH/0x000001bc61410000::invoke@93
                      ; - java.lang.invoke.DelegatingMethodHandle$Holder::delegate@14
                      ; - java.lang.invoke.LambdaForm$MH/0x000001bc6140fc00::guard@74
                      ; - java.lang.invoke.DelegatingMethodHandle$Holder::delegate@14
                      ; - java.lang.invoke.LambdaForm$MH/0x000001bc6140fc00::guard@94
                      ; - java.lang.invoke.LambdaForm$MH/0x000001bc61410400::linkToTargetMethod@6
                      ; - toughasnails.temperature.AreaFill$FillPos::equals@2 (line 135)
                      ; - java.util.HashMap::putVal@203 (line 654)
                      ; - java.util.HashMap::put@9 (line 618)
                      ; - java.util.HashSet::add@8 (line 229)
                      ; - toughasnails.temperature.AreaFill::fill@108 (line 49)
  0x000001bc4c334230: cc03 06fd 

  0x000001bc4c334234: ;   {other}
  0x000001bc4c334234: 0f1f 8400 | 2419 001f | 488b ea45 | 33d2 448b | 5c24 7844 | 895c 2434 | 4889 4424 | 3844 8954 
  0x000001bc4c334254: 2440 33f6 | 488b 5424 | 7044 8b44 | 2434 4c8b 

  0x000001bc4c334264: ;   {oop(a 'java/lang/Object'{0x0000000600018688})}
  0x000001bc4c334264: 4c24 5048 | bf88 8601 | 0006 0000 

  0x000001bc4c334270: ;   {optimized virtual_call}
  0x000001bc4c334270: 0066 90e8 

  0x000001bc4c334274: ; ImmutableOopMap {rbp=Oop [32]=Oop [40]=Oop [56]=Oop [80]=Oop [88]=Oop [96]=Oop [104]=Oop [112]=Oop }
                      ;*invokevirtual newNode {reexecute=0 rethrow=0 return_oop=1}
                      ; - java.util.HashMap::putVal@152 (line 648)
                      ; - java.util.HashMap::put@9 (line 618)
                      ; - java.util.HashSet::add@8 (line 229)
                      ; - toughasnails.temperature.AreaFill::fill@108 (line 49)
  0x000001bc4c334274: 08a8 05fd 

  0x000001bc4c334278: ;   {other}
  0x000001bc4c334278: 0f1f 8400 | 6819 0020 | 488b d841 | 807f 4000 | 0f85 3308 | 0000 4c8b | db49 c1eb | 0344 895d 
  0x000001bc4c334298: 184c 8bd5 | 4c8b db4d | 33da 49c1 | eb16 4d85 | db74 1f48 | 85db 741a | 49c1 ea09 | 48b9 0000 
  0x000001bc4c3342b8: ec4f bc01 | 0000 4903 | ca80 3902 | 0f85 2e08 | 0000 448b | 5c24 4041 | 83fb 070f | 8c9b faff 
  0x000001bc4c3342d8: ff48 8b54 | 2470 4c8b | 4424 3844 | 8b4c 2434 

  0x000001bc4c3342e8: ;   {optimized virtual_call}
  0x000001bc4c3342e8: 6666 90e8 

  0x000001bc4c3342ec: ; ImmutableOopMap {[32]=Oop [40]=Oop [80]=Oop [88]=Oop [96]=Oop [104]=Oop [112]=Oop }
                      ;*invokevirtual treeifyBin {reexecute=0 rethrow=0 return_oop=0}
                      ; - java.util.HashMap::putVal@169 (line 650)
                      ; - java.util.HashMap::put@9 (line 618)
                      ; - java.util.HashSet::add@8 (line 229)
                      ; - toughasnails.temperature.AreaFill::fill@108 (line 49)
  0x000001bc4c3342ec: 90a7 05fd 

  0x000001bc4c3342f0: ;   {other}
  0x000001bc4c3342f0: 0f1f 8400 | e019 0021 | e977 faff | ff33 c0e9 | c3f6 ffff | 33ed e995 | f6ff ff48 | 8b54 2458 
  0x000001bc4c334310: 4c8b 4424 | 284c 8b4c | 2420 488b 

  0x000001bc4c33431c: ;   {static_call}
  0x000001bc4c33431c: 7c24 68e8 

  0x000001bc4c334320: ; ImmutableOopMap {[32]=Oop [40]=Oop [88]=Oop [96]=Oop }
                      ;*invokestatic checkSolid {reexecute=0 rethrow=0 return_oop=0}
                      ; - toughasnails.temperature.AreaFill::fill@271 (line 74)
  0x000001bc4c334320: fc5a 0ffe 

  0x000001bc4c334324: ;   {other}
  0x000001bc4c334324: 0f1f 8400 | 141a 0022 | e929 edff | ff49 8bd3 

  0x000001bc4c334334: ;   {optimized virtual_call}
  0x000001bc4c334334: 6666 90e8 

  0x000001bc4c334338: ; ImmutableOopMap {[32]=Oop [40]=Oop [80]=Oop [88]=Oop [96]=Oop [104]=Oop [112]=Oop }
                      ;*invokevirtual resize {reexecute=0 rethrow=0 return_oop=1}
                      ; - java.util.HashMap::putVal@288 (line 669)
                      ; - java.util.HashMap::put@9 (line 618)
                      ; - java.util.HashSet::add@8 (line 229)
                      ; - toughasnails.temperature.AreaFill::fill@108 (line 49)
  0x000001bc4c334338: 44a7 05fd 

  0x000001bc4c33433c: ;   {other}
  0x000001bc4c33433c: 0f1f 8400 | 2c1a 0023 | e951 faff | ff49 8d3c | cc4c 8b17 | 4d8b da49 | 83e3 0349 | 83fb 010f 
  0x000001bc4c33435c: 850b 0a00 | 0049 c1ea | 0841 8bc2 | 25ff ffff | 7f85 c00f | 84f7 0900 | 0041 8944 | cc10 e991 
  0x000001bc4c33437c: f4ff ff4d | 8d04 cc4d | 8b10 4d8b | da49 83e3 | 0349 83fb | 010f 8540 | 0a00 0049 | c1ea 0841 
  0x000001bc4c33439c: 8bc2 25ff | ffff 7f85 | c00f 842c | 0a00 0041 | 8944 cc10 | e912 f6ff | ff48 894c | 2450 4489 
  0x000001bc4c3343bc: 4424 4c44 | 8954 2448 | 4489 4c24 | 344c 8b54 | 2468 4c89 | 5424 404c | 8b54 2460 | 4c89 5424 
  0x000001bc4c3343dc: 3848 8b6c | 2458 488b | d348 895c 

  0x000001bc4c3343e8: ;   {static_call}
  0x000001bc4c3343e8: 2460 90e8 

  0x000001bc4c3343ec: ; ImmutableOopMap {rbp=Oop [32]=Oop [40]=Oop [56]=Oop [64]=Oop [76]=NarrowOop [80]=Oop [96]=Oop [104]=Oop }
                      ;*invokestatic identityHashCode {reexecute=0 rethrow=0 return_oop=0}
                      ; - java.lang.Enum::hashCode@11 (line 190)
                      ; - java.util.Objects::hashCode@5 (line 103)
                      ; - java.lang.invoke.DirectMethodHandle$Holder::invokeStatic@10
                      ; - java.lang.invoke.LambdaForm$MH/0x000001bc61118400::invoke@31
                      ; - java.lang.invoke.LambdaForm$MH/0x000001bc6140d000::invoke@31
                      ; - java.lang.invoke.LambdaForm$MH/0x000001bc6140d400::linkToTargetMethod@5
                      ; - toughasnails.temperature.AreaFill$FillPos::hashCode@1 (line 135)
                      ; - java.util.HashMap::hash@9 (line 338)
                      ; - java.util.HashMap::getNode@23 (line 576)
                      ; - java.util.HashMap::containsKey@2 (line 602)
                      ; - java.util.HashSet::contains@5 (line 213)
                      ; - toughasnails.temperature.AreaFill::fill@60 (line 40)
  0x000001bc4c3343ec: 90ac 05fd 

  0x000001bc4c3343f0: ;   {other}
  0x000001bc4c3343f0: 0f1f 8400 | e01a 0024 | 4889 6c24 | 584c 8b54 | 2438 4c89 | 5424 6044 | 8b4c 2434 | 448b 5424 
  0x000001bc4c334410: 4844 8b44 | 244c 488b | 4c24 50e9 | 59f3 ffff | 458b 5a38 | 4585 db0f | 8425 f8ff | ff4d 8b57 
  0x000001bc4c334430: 2849 8bcb | 48c1 e103 | 4d85 d20f | 84d7 0c00 | 004d 8b5f | 384b 894c | 13f8 4983 | c2f8 4d89 
  0x000001bc4c334450: 5728 e9fb | f7ff ff4c | 8b54 2438 | 458b 1a45 | 85db 0f84 | d6f8 ffff | 4d8b 5728 | 498b cb48 
  0x000001bc4c334470: c1e1 034d | 85d2 0f84 | b90c 0000 | 4d8b 5f38 | 4b89 4c13 | f849 83c2 | f84d 8957 | 28e9 acf8 
  0x000001bc4c334490: ffff 4d8b | 5758 4d8b | 5f48 f083 | 4424 c000 | 8039 000f | 84fc f7ff | ff44 8821 | 4d85 db75 
  0x000001bc4c3344b0: 1d49 8bd7 | 49ba 70f1 | 3220 fa7f | 0000 41ff 

  0x000001bc4c3344c0: ;   {other}
  0x000001bc4c3344c0: d20f 1f84 | 0000 0000 | 00e9 d7f7 | ffff 4b89 | 4c1a f849 | 83c3 f84d | 895f 48e9 | c5f7 ffff 
  0x000001bc4c3344e0: 4d8b 5748 | 4d8b 5f58 | f083 4424 | c000 8039 | 000f 847d | f8ff ff44 | 8821 4d85 | d275 1d49 
  0x000001bc4c334500: 8bd7 49ba | 70f1 3220 | fa7f 0000 

  0x000001bc4c33450c: ;   {other}
  0x000001bc4c33450c: 41ff d20f | 1f84 0000 | 0000 00e9 | 58f8 ffff | 4b89 4c13 | f849 83c2 | f84d 8957 | 48e9 46f8 
  0x000001bc4c33452c: ffff 458b | 5cdc 2045 | 85db 0f84 | baf7 ffff | 4d8b 5728 | 498b cb48 | c1e1 034d | 85d2 0f84 
  0x000001bc4c33454c: 3c0c 0000 | 4d8b 5f38 | 4b89 4c13 | f849 83c2 | f84d 8957 | 28e9 90f7 | ffff 448b | 5e1c 4585 
  0x000001bc4c33456c: db0f 8445 | f7ff ff4d | 8b57 2849 | 8bcb 48c1 | e103 4d85 | d20f 8454 | 0c00 004d | 8b5f 384b 
  0x000001bc4c33458c: 894c 13f8 | 4983 c2f8 | 4d89 5728 | e91b f7ff | ff4d 8b57 | 484d 8b5f | 58f0 8344 | 24c0 0080 
  0x000001bc4c3345ac: 3900 0f84 | 37f7 ffff | 4488 214d | 85d2 754f | 4889 b424 | 8800 0000 | 4c8b 5424 | 384c 8994 
  0x000001bc4c3345cc: 2480 0000 | 0089 7c24 | 3449 8bd7 | 49ba 70f1 | 3220 fa7f | 0000 41ff 

  0x000001bc4c3345e4: ;   {other}
  0x000001bc4c3345e4: d20f 1f84 | 0000 0000 | 008b 7c24 | 344c 8b94 | 2480 0000 | 004c 8954 | 2438 488b | b424 8800 
  0x000001bc4c334604: 0000 e9e0 | f6ff ff4b | 894c 13f8 | 4983 c2f8 | 4d89 5748 | e9ce f6ff | ff4d 8b57 | 484d 8b5f 
  0x000001bc4c334624: 58f0 8344 | 24c0 0080 | 3900 0f84 | f3f6 ffff | 4488 214d | 85d2 751d | 498b d749 | ba70 f132 
  0x000001bc4c334644: 20fa 7f00 | 0041 ffd2 

  0x000001bc4c33464c: ;   {other}
  0x000001bc4c33464c: 0f1f 8400 | 0000 0000 | e9ce f6ff | ff4b 894c | 13f8 4983 | c2f8 4d89 | 5748 e9bc | f6ff ff49 
  0x000001bc4c33466c: 8bd7 49ba | 90f1 3220 | fa7f 0000 

  0x000001bc4c334678: ;   {other}
  0x000001bc4c334678: 41ff d20f | 1f84 0000 | 0000 00e9 | 05ea ffff | 498b d749 | ba90 f132 | 20fa 7f00 | 0041 ffd2 
  0x000001bc4c334698: ;   {other}
  0x000001bc4c334698: 0f1f 8400 | 0000 0000 | e9f3 e9ff | ff49 8bd7 | 49ba 90f1 | 3220 fa7f | 0000 41ff 

  0x000001bc4c3346b4: ;   {other}
  0x000001bc4c3346b4: d20f 1f84 | 0000 0000 | 00e9 e1e9 | ffff ba45 | ffff ff48 | 8b6c 2420 | 4c8b 5424 | 284c 8954 
  0x000001bc4c3346d4: 2420 448b | 5424 3044 | 8954 2428 | 4489 4c24 

  0x000001bc4c3346e4: ;   {runtime_call UncommonTrapBlob}
  0x000001bc4c3346e4: 2c66 90e8 

  0x000001bc4c3346e8: ; ImmutableOopMap {rbp=Oop [32]=Oop [88]=Oop [96]=Oop [104]=Oop }
                      ;*ifle {reexecute=1 rethrow=0 return_oop=0}
                      ; - (reexecute) java.util.HashMap::getNode@14 (line 575)
                      ; - java.util.HashMap::containsKey@2 (line 602)
                      ; - java.util.HashSet::contains@5 (line 213)
                      ; - toughasnails.temperature.AreaFill::fill@60 (line 40)
  0x000001bc4c3346e8: 14ff 05fd 

  0x000001bc4c3346ec: ;   {other}
  0x000001bc4c3346ec: 0f1f 8400 | dc1d 0025 | 498b d749 | ba90 f132 | 20fa 7f00 | 0041 ffd2 

  0x000001bc4c334704: ;   {other}
  0x000001bc4c334704: 0f1f 8400 | 0000 0000 | e905 eaff | ff33 ed4d | 3bd3 400f | 94c5 bacd | ffff ff4c | 8b54 2458 
  0x000001bc4c334724: 4c89 5424 | 384c 8b54 | 2460 4c89 | 5424 404c | 8b54 2468 | 4c89 5424 | 5089 4c24 | 3444 8944 
  0x000001bc4c334744: 2458 4c89 | 5424 6044 | 894c 245c 

  0x000001bc4c334750: ;   {runtime_call UncommonTrapBlob}
  0x000001bc4c334750: 6666 90e8 

  0x000001bc4c334754: ; ImmutableOopMap {[32]=Oop [40]=Oop [52]=NarrowOop [56]=Oop [64]=Oop [80]=Oop [92]=NarrowOop [96]=Oop }
                      ;*invokestatic profileBoolean {reexecute=1 rethrow=0 return_oop=0}
                      ; - (reexecute) java.lang.invoke.LambdaForm$MH/0x000001bc6140fc00::guard@48
                      ; - java.lang.invoke.LambdaForm$MH/0x000001bc61410400::linkToTargetMethod@6
                      ; - toughasnails.temperature.AreaFill$FillPos::equals@2 (line 135)
                      ; - java.util.HashMap::getNode@63 (line 578)
                      ; - java.util.HashMap::containsKey@2 (line 602)
                      ; - java.util.HashSet::contains@5 (line 213)
                      ; - toughasnails.temperature.AreaFill::fill@60 (line 40)
  0x000001bc4c334754: a8fe 05fd 

  0x000001bc4c334758: ;   {other}
  0x000001bc4c334758: 0f1f 8400 | 481e 0026 | 33ed 413b | db40 0f94 | c5ba cdff | ffff 4c8b | 5424 584c | 8954 2438 
  0x000001bc4c334778: 4c8b 5424 | 604c 8954 | 2440 4c8b | 5424 684c | 8954 2450 | 894c 2434 | 4489 4424 | 584c 8954 
  0x000001bc4c334798: 2460 4c89 

  0x000001bc4c33479c: ;   {runtime_call UncommonTrapBlob}
  0x000001bc4c33479c: 4c24 68e8 

  0x000001bc4c3347a0: ; ImmutableOopMap {[32]=Oop [40]=Oop [52]=NarrowOop [56]=Oop [64]=Oop [80]=Oop [96]=Oop [104]=Oop }
                      ;*invokestatic profileBoolean {reexecute=1 rethrow=0 return_oop=0}
                      ; - (reexecute) java.lang.invoke.LambdaForm$MH/0x000001bc6140fc00::guard@48
                      ; - java.lang.invoke.DelegatingMethodHandle$Holder::delegate@14
                      ; - java.lang.invoke.LambdaForm$MH/0x000001bc61410000::invoke@93
                      ; - java.lang.invoke.DelegatingMethodHandle$Holder::delegate@14
                      ; - java.lang.invoke.LambdaForm$MH/0x000001bc6140fc00::guard@74
                      ; - java.lang.invoke.DelegatingMethodHandle$Holder::delegate@14
                      ; - java.lang.invoke.LambdaForm$MH/0x000001bc6140fc00::guard@94
                      ; - java.lang.invoke.LambdaForm$MH/0x000001bc61410400::linkToTargetMethod@6
                      ; - toughasnails.temperature.AreaFill$FillPos::equals@2 (line 135)
                      ; - java.util.HashMap::getNode@63 (line 578)
                      ; - java.util.HashMap::containsKey@2 (line 602)
                      ; - java.util.HashSet::contains@5 (line 213)
                      ; - toughasnails.temperature.AreaFill::fill@60 (line 40)
  0x000001bc4c3347a0: 5cfe 05fd 

  0x000001bc4c3347a4: ;   {other}
  0x000001bc4c3347a4: 0f1f 8400 | 941e 0027 | bacd ffff | ff48 8b6c | 2420 4c8b | 5424 284c | 8954 2420 | 448b 5424 
  0x000001bc4c3347c4: 3044 8954 | 2428 4c8b | 5424 584c | 8954 2430 | 4c8b 5424 | 604c 8954 | 2438 4c8b | 5424 684c 
  0x000001bc4c3347e4: 8954 2448 | 894c 242c | 4489 4424 | 504c 8954 | 2458 4c89 

  0x000001bc4c3347f8: ;   {runtime_call UncommonTrapBlob}
  0x000001bc4c3347f8: 4c24 60e8 

  0x000001bc4c3347fc: ; ImmutableOopMap {rbp=Oop [32]=Oop [44]=NarrowOop [48]=Oop [56]=Oop [72]=Oop [88]=Oop [96]=Oop }
                      ;*invokestatic profileBoolean {reexecute=1 rethrow=0 return_oop=0}
                      ; - (reexecute) java.lang.invoke.LambdaForm$MH/0x000001bc61410000::invoke@66
                      ; - java.lang.invoke.DelegatingMethodHandle$Holder::delegate@14
                      ; - java.lang.invoke.LambdaForm$MH/0x000001bc6140fc00::guard@74
                      ; - java.lang.invoke.DelegatingMethodHandle$Holder::delegate@14
                      ; - java.lang.invoke.LambdaForm$MH/0x000001bc6140fc00::guard@94
                      ; - java.lang.invoke.LambdaForm$MH/0x000001bc61410400::linkToTargetMethod@6
                      ; - toughasnails.temperature.AreaFill$FillPos::equals@2 (line 135)
                      ; - java.util.HashMap::getNode@63 (line 578)
                      ; - java.util.HashMap::containsKey@2 (line 602)
                      ; - java.util.HashSet::contains@5 (line 213)
                      ; - toughasnails.temperature.AreaFill::fill@60 (line 40)
  0x000001bc4c3347fc: 00fe 05fd 

  0x000001bc4c334800: ;   {other}
  0x000001bc4c334800: 0f1f 8400 | f01e 0028 | 4c8b 5424 | 6045 8b52 | 1445 85d2 | 0f84 dce7 | ffff 4d8b | 5f28 498b 
  0x000001bc4c334820: ca48 c1e1 | 034d 85db | 0f84 ca09 | 0000 4d8b | 5738 4b89 | 4c1a f849 | 83c3 f84d | 895f 28e9 
  0x000001bc4c334840: b2e7 ffff | 4d8b 5758 | 4d8b 5f48 | f083 4424 | c000 8039 | 000f 8490 | e7ff ff44 | 8821 4d85 
  0x000001bc4c334860: db75 1d49 | 8bd7 49ba | 70f1 3220 | fa7f 0000 

  0x000001bc4c334870: ;   {other}
  0x000001bc4c334870: 41ff d20f | 1f84 0000 | 0000 00e9 | 6be7 ffff | 4b89 4c1a | f849 83c3 | f84d 895f | 48e9 59e7 
  0x000001bc4c334890: ffff 4d8b | 5758 4d8b | 5f48 f083 | 4424 c000 | 8039 000f | 8484 e7ff | ff44 8821 | 4d85 db75 
  0x000001bc4c3348b0: 1d49 8bd7 | 49ba 70f1 | 3220 fa7f | 0000 41ff 

  0x000001bc4c3348c0: ;   {other}
  0x000001bc4c3348c0: d20f 1f84 | 0000 0000 | 00e9 5fe7 | ffff 4b89 | 4c1a f849 | 83c3 f84d | 895f 48e9 | 4de7 ffff 
  0x000001bc4c3348e0: 4d8b 5758 | 4d8b 5f48 | f083 4424 | c000 8039 | 000f 84d6 | e5ff ff44 | 8821 4d85 | db75 1d49 
  0x000001bc4c334900: 8bd7 49ba | 70f1 3220 | fa7f 0000 

  0x000001bc4c33490c: ;   {other}
  0x000001bc4c33490c: 41ff d20f | 1f84 0000 | 0000 00e9 | b1e5 ffff | 4b89 4c1a | f849 83c3 | f84d 895f | 48e9 9fe5 
  0x000001bc4c33492c: ffff 4c8b | 5424 7045 | 8b52 3445 | 85d2 0f84 | f2f5 ffff | 4d8b 5f28 | 498b ca48 | c1e1 034d 
  0x000001bc4c33494c: 85db 0f84 | c108 0000 | 4d8b 5738 | 4b89 4c1a | f849 83c3 | f84d 895f | 28e9 c8f5 | ffff 498b 
  0x000001bc4c33496c: d749 ba90 | f132 20fa | 7f00 0041 

  0x000001bc4c334978: ;   {other}
  0x000001bc4c334978: ffd2 0f1f | 8400 0000 | 0000 e979 | e7ff ff4c | 8b54 2438 | 4c89 9424 | 8800 0000 | 897c 247c 
  0x000001bc4c334998: 4889 8424 | 8000 0000 | 448b 5c24 | 7844 895c | 2434 4c8b | 5424 504c | 8954 2448 | 4c8b 5424 
  0x000001bc4c3349b8: 684c 8954 | 2440 4c8b | 5424 604c | 8954 2438 | 488b 6c24 

  0x000001bc4c3349cc: ;   {metadata('java/util/LinkedHashMap$Entry')}
  0x000001bc4c3349cc: 5848 bab0 | 261a 60bc | 0100 004c | 8b54 2470 | 4c89 5424 

  0x000001bc4c3349e0: ;   {runtime_call _new_instance_Java}
  0x000001bc4c3349e0: 5066 90e8 

  0x000001bc4c3349e4: ; ImmutableOopMap {rbp=Oop [32]=Oop [40]=Oop [56]=Oop [64]=Oop [72]=Oop [80]=Oop [112]=Oop [128]=Oop [136]=Derived_oop_[128] }
                      ;*new {reexecute=0 rethrow=0 return_oop=1}
                      ; - java.util.LinkedHashMap::newNode@0 (line 281)
                      ; - java.util.HashMap::putVal@56 (line 637)
                      ; - java.util.HashMap::put@9 (line 618)
                      ; - java.util.HashSet::add@8 (line 229)
                      ; - toughasnails.temperature.AreaFill::fill@108 (line 49)
  0x000001bc4c3349e4: 987a 12fd 

  0x000001bc4c3349e8: ;   {other}
  0x000001bc4c3349e8: 0f1f 8400 | d820 0029 | 4889 6c24 | 584c 8b5c | 2438 4c89 | 5c24 604c | 8b5c 2440 | 4c89 5c24 
  0x000001bc4c334a08: 684c 8b5c | 2448 4c89 | 5c24 504c | 8b9c 2480 | 0000 004c | 899c 2490 | 0000 008b | 7c24 7c4c 
  0x000001bc4c334a28: 8b9c 2488 | 0000 004c | 895c 2438 | 488b f0e9 | d9f1 ffff | 448b 5314 | 4585 d20f | 84e0 f0ff 
  0x000001bc4c334a48: ff4d 8b5f | 2849 8bca | 48c1 e103 | 4d85 db0f | 8447 0a00 | 004d 8b57 | 384b 894c | 1af8 4983 
  0x000001bc4c334a68: c3f8 4d89 | 5f28 e9b6 | f0ff ff4d | 8b57 484d | 8b5f 58f0 | 8344 24c0 | 0080 3900 | 0f84 dcf0 
  0x000001bc4c334a88: ffff 4488 | 214d 85d2 | 751d 498b | d749 ba70 | f132 20fa | 7f00 0041 

  0x000001bc4c334aa0: ;   {other}
  0x000001bc4c334aa0: ffd2 0f1f | 8400 0000 | 0000 e9b7 | f0ff ff4b | 894c 13f8 | 4983 c2f8 | 4d89 5748 | e9a5 f0ff 
  0x000001bc4c334ac0: ff44 8b55 | 1845 85d2 | 0f84 c0f7 | ffff 4d8b | 5f28 498b | ca48 c1e1 | 034d 85db | 0f84 460a 
  0x000001bc4c334ae0: 0000 4d8b | 5738 4b89 | 4c1a f849 | 83c3 f84d | 895f 28e9 | 96f7 ffff | 4d8b 5758 | 4d8b 5f48 
  0x000001bc4c334b00: f083 4424 | c000 8039 | 000f 84bb | f7ff ff44 | 8821 4d85 | db75 1d49 | 8bd7 49ba | 70f1 3220 
  0x000001bc4c334b20: fa7f 0000 

  0x000001bc4c334b24: ;   {other}
  0x000001bc4c334b24: 41ff d20f | 1f84 0000 | 0000 00e9 | 96f7 ffff | 4b89 4c1a | f849 83c3 | f84d 895f | 48e9 84f7 
  0x000001bc4c334b44: ffff 33ed | 493b cb40 | 0f94 c5ba | cdff ffff | 4c8b 5c24 | 584c 895c | 2438 4c8b | 5c24 604c 
  0x000001bc4c334b64: 895c 2440 | 4c8b d94c | 895c 2450 | 4489 4424 | 344c 895c | 2458 4c89 | 5424 6044 | 894c 2468 
  0x000001bc4c334b84: ;   {runtime_call UncommonTrapBlob}
  0x000001bc4c334b84: 6666 90e8 

  0x000001bc4c334b88: ; ImmutableOopMap {[32]=Oop [40]=Oop [56]=Oop [64]=Oop [80]=Oop [88]=Oop [96]=Oop [104]=NarrowOop }
                      ;*invokestatic profileBoolean {reexecute=1 rethrow=0 return_oop=0}
                      ; - (reexecute) java.lang.invoke.LambdaForm$MH/0x000001bc6140fc00::guard@48
                      ; - java.lang.invoke.LambdaForm$MH/0x000001bc61410400::linkToTargetMethod@6
                      ; - toughasnails.temperature.AreaFill$FillPos::equals@2 (line 135)
                      ; - java.util.HashMap::getNode@128 (line 585)
                      ; - java.util.HashMap::containsKey@2 (line 602)
                      ; - java.util.HashSet::contains@5 (line 213)
                      ; - toughasnails.temperature.AreaFill::fill@60 (line 40)
  0x000001bc4c334b88: 74fa 05fd 

  0x000001bc4c334b8c: ;   {other}
  0x000001bc4c334b8c: 0f1f 8400 | 7c22 002a | 33ed 413b | d940 0f94 | c5ba cdff | ffff 4c8b | 4c24 584c | 894c 2438 
  0x000001bc4c334bac: 4c8b 4c24 | 604c 894c | 2440 4c8b | 4c24 684c | 894c 2450 | 4489 4424 | 344c 894c | 2458 4c89 
  0x000001bc4c334bcc: 5424 604c | 895c 2468 

  0x000001bc4c334bd4: ;   {runtime_call UncommonTrapBlob}
  0x000001bc4c334bd4: 6666 90e8 

  0x000001bc4c334bd8: ; ImmutableOopMap {[32]=Oop [40]=Oop [56]=Oop [64]=Oop [80]=Oop [88]=Oop [96]=Oop [104]=Oop }
                      ;*invokestatic profileBoolean {reexecute=1 rethrow=0 return_oop=0}
                      ; - (reexecute) java.lang.invoke.LambdaForm$MH/0x000001bc6140fc00::guard@48
                      ; - java.lang.invoke.DelegatingMethodHandle$Holder::delegate@14
                      ; - java.lang.invoke.LambdaForm$MH/0x000001bc61410000::invoke@93
                      ; - java.lang.invoke.DelegatingMethodHandle$Holder::delegate@14
                      ; - java.lang.invoke.LambdaForm$MH/0x000001bc6140fc00::guard@74
                      ; - java.lang.invoke.DelegatingMethodHandle$Holder::delegate@14
                      ; - java.lang.invoke.LambdaForm$MH/0x000001bc6140fc00::guard@94
                      ; - java.lang.invoke.LambdaForm$MH/0x000001bc61410400::linkToTargetMethod@6
                      ; - toughasnails.temperature.AreaFill$FillPos::equals@2 (line 135)
                      ; - java.util.HashMap::getNode@128 (line 585)
                      ; - java.util.HashMap::containsKey@2 (line 602)
                      ; - java.util.HashSet::contains@5 (line 213)
                      ; - toughasnails.temperature.AreaFill::fill@60 (line 40)
  0x000001bc4c334bd8: 24fa 05fd 

  0x000001bc4c334bdc: ;   {other}
  0x000001bc4c334bdc: 0f1f 8400 | cc22 002b | bacd ffff | ff48 8b6c | 2420 4c8b | 4c24 284c | 894c 2420 | 448b 4c24 
  0x000001bc4c334bfc: 3044 894c | 2428 4c8b | 4c24 584c | 894c 2430 | 4c8b 4c24 | 604c 894c | 2438 4c8b | 4c24 684c 
  0x000001bc4c334c1c: 894c 2448 | 4489 4424 | 2c4c 894c | 2450 4c89 | 5424 584c | 895c 2460 

  0x000001bc4c334c34: ;   {runtime_call UncommonTrapBlob}
  0x000001bc4c334c34: 6666 90e8 

  0x000001bc4c334c38: ; ImmutableOopMap {rbp=Oop [32]=Oop [48]=Oop [56]=Oop [72]=Oop [80]=Oop [88]=Oop [96]=Oop }
                      ;*invokestatic profileBoolean {reexecute=1 rethrow=0 return_oop=0}
                      ; - (reexecute) java.lang.invoke.LambdaForm$MH/0x000001bc61410000::invoke@66
                      ; - java.lang.invoke.DelegatingMethodHandle$Holder::delegate@14
                      ; - java.lang.invoke.LambdaForm$MH/0x000001bc6140fc00::guard@74
                      ; - java.lang.invoke.DelegatingMethodHandle$Holder::delegate@14
                      ; - java.lang.invoke.LambdaForm$MH/0x000001bc6140fc00::guard@94
                      ; - java.lang.invoke.LambdaForm$MH/0x000001bc61410400::linkToTargetMethod@6
                      ; - toughasnails.temperature.AreaFill$FillPos::equals@2 (line 135)
                      ; - java.util.HashMap::getNode@128 (line 585)
                      ; - java.util.HashMap::containsKey@2 (line 602)
                      ; - java.util.HashSet::contains@5 (line 213)
                      ; - toughasnails.temperature.AreaFill::fill@60 (line 40)
  0x000001bc4c334c38: c4f9 05fd 

  0x000001bc4c334c3c: ;   {other}
  0x000001bc4c334c3c: 0f1f 8400 | 2c23 002c 

  0x000001bc4c334c44: ;   {metadata('java/util/HashSet')}
  0x000001bc4c334c44: 48ba 98e6 | 0d60 bc01 

  0x000001bc4c334c4c: ;   {runtime_call _new_instance_Java}
  0x000001bc4c334c4c: 0000 90e8 

  0x000001bc4c334c50: ; ImmutableOopMap {rbp=Oop [32]=Oop [40]=Oop }
                      ;*new {reexecute=0 rethrow=0 return_oop=1}
                      ; - com.google.common.collect.Sets::newHashSet@0 (line 185)
                      ; - toughasnails.temperature.AreaFill::fill@0 (line 31)
  0x000001bc4c334c50: 2c78 12fd 

  0x000001bc4c334c54: ;   {other}
  0x000001bc4c334c54: 0f1f 8400 | 4423 002d | e9ca e1ff 

  0x000001bc4c334c60: ;   {metadata('toughasnails/temperature/AreaFill$FillPos')}
  0x000001bc4c334c60: ff48 baf8 | 098b 62bc | 0100 0048 | 8b6c 2420 | 4889 5c24 | 3848 8944 

  0x000001bc4c334c78: ;   {runtime_call _new_instance_Java}
  0x000001bc4c334c78: 2450 90e8 

  0x000001bc4c334c7c: ; ImmutableOopMap {rbp=Oop [32]=Oop [40]=Oop [52]=NarrowOop [56]=Oop [80]=Oop [88]=Oop [96]=Oop }
                      ;*new {reexecute=0 rethrow=0 return_oop=1}
                      ; - toughasnails.temperature.AreaFill::fill@16 (line 34)
  0x000001bc4c334c7c: 0078 12fd 

  0x000001bc4c334c80: ;   {other}
  0x000001bc4c334c80: 0f1f 8400 | 7023 002e | 488b e8e9 | bfe2 ffff | 4c8b 5424 | 584c 8954 

  0x000001bc4c334c98: ;   {metadata('java/util/LinkedList')}
  0x000001bc4c334c98: 2438 48ba | b0bc 1661 | bc01 0000 

  0x000001bc4c334ca4: ;   {runtime_call _new_instance_Java}
  0x000001bc4c334ca4: 6666 90e8 

  0x000001bc4c334ca8: ; ImmutableOopMap {rbp=Oop [32]=Oop [40]=Oop [52]=NarrowOop [56]=Oop [88]=Oop }
                      ;*new {reexecute=0 rethrow=0 return_oop=1}
                      ; - toughasnails.temperature.AreaFill::fill@5 (line 32)
  0x000001bc4c334ca8: d477 12fd 

  0x000001bc4c334cac: ;   {other}
  0x000001bc4c334cac: 0f1f 8400 | 9c23 002f | 488b dde9 | 55e2 ffff 

  0x000001bc4c334cbc: ;   {metadata('java/util/HashMap')}
  0x000001bc4c334cbc: 48ba 68ce | 0860 bc01 | 0000 4c8b | 5424 584c | 8954 2440 

  0x000001bc4c334cd0: ;   {runtime_call _new_instance_Java}
  0x000001bc4c334cd0: 6666 90e8 

  0x000001bc4c334cd4: ; ImmutableOopMap {rbp=Oop [32]=Oop [40]=Oop [64]=Oop [88]=Oop }
                      ;*new {reexecute=0 rethrow=0 return_oop=1}
                      ; - java.util.HashSet::<init>@5 (line 107)
                      ; - com.google.common.collect.Sets::newHashSet@4 (line 185)
                      ; - toughasnails.temperature.AreaFill::fill@0 (line 31)
  0x000001bc4c334cd4: a877 12fd 

  0x000001bc4c334cd8: ;   {other}
  0x000001bc4c334cd8: 0f1f 8400 | c823 0030 | e993 e1ff 

  0x000001bc4c334ce4: ;   {metadata('java/util/LinkedList$Node')}
  0x000001bc4c334ce4: ff48 ba60 | dd16 61bc | 0100 004c | 8b54 2460 | 4c89 5424 

  0x000001bc4c334cf8: ;   {runtime_call _new_instance_Java}
  0x000001bc4c334cf8: 4866 90e8 

  0x000001bc4c334cfc: ; ImmutableOopMap {rbp=Oop [32]=Oop [40]=Oop [72]=Oop [88]=Oop [96]=Oop }
                      ;*new {reexecute=0 rethrow=0 return_oop=1}
                      ; - java.util.LinkedList::linkLast@5 (line 153)
                      ; - java.util.LinkedList::add@2 (line 349)
                      ; - toughasnails.temperature.AreaFill::fill@28 (line 34)
  0x000001bc4c334cfc: 8077 12fd 

  0x000001bc4c334d00: ;   {other}
  0x000001bc4c334d00: 0f1f 8400 | f023 0031 | 488b d8e9 | 92e2 ffff | bacd ffff | ff48 8b6c | 2420 4c8b | 4c24 284c 
  0x000001bc4c334d20: 894c 2420 | 8b4c 2430 | 894c 2428 | 4c8b 4c24 | 584c 894c | 2430 4c8b | 4c24 604c | 894c 2438 
  0x000001bc4c334d40: 4c8b 4c24 | 684c 894c | 2448 4489 | 4424 2c4c | 894c 2450 | 4c89 5424 | 584c 895c 

  0x000001bc4c334d5c: ;   {runtime_call UncommonTrapBlob}
  0x000001bc4c334d5c: 2460 90e8 

  0x000001bc4c334d60: ; ImmutableOopMap {rbp=Oop [32]=Oop [48]=Oop [56]=Oop [72]=Oop [80]=Oop [88]=Oop [96]=Oop }
                      ;*invokestatic profileBoolean {reexecute=1 rethrow=0 return_oop=0}
                      ; - (reexecute) java.lang.invoke.LambdaForm$MH/0x000001bc6140fc00::guard@48
                      ; - java.lang.invoke.DelegatingMethodHandle$Holder::delegate@14
                      ; - java.lang.invoke.LambdaForm$MH/0x000001bc6140fc00::guard@74
                      ; - java.lang.invoke.DelegatingMethodHandle$Holder::delegate@14
                      ; - java.lang.invoke.LambdaForm$MH/0x000001bc61410000::invoke@93
                      ; - java.lang.invoke.DelegatingMethodHandle$Holder::delegate@14
                      ; - java.lang.invoke.LambdaForm$MH/0x000001bc6140fc00::guard@74
                      ; - java.lang.invoke.DelegatingMethodHandle$Holder::delegate@14
                      ; - java.lang.invoke.LambdaForm$MH/0x000001bc6140fc00::guard@94
                      ; - java.lang.invoke.LambdaForm$MH/0x000001bc61410400::linkToTargetMethod@6
                      ; - toughasnails.temperature.AreaFill$FillPos::equals@2 (line 135)
                      ; - java.util.HashMap::getNode@128 (line 585)
                      ; - java.util.HashMap::containsKey@2 (line 602)
                      ; - java.util.HashSet::contains@5 (line 213)
                      ; - toughasnails.temperature.AreaFill::fill@60 (line 40)
  0x000001bc4c334d60: 9cf8 05fd 

  0x000001bc4c334d64: ;   {other}
  0x000001bc4c334d64: 0f1f 8400 | 5424 0032 | 4889 5c24 | 5089 4c24 | 4c44 894c | 2448 4489 | 4424 344c | 8b5c 2468 
  0x000001bc4c334d84: 4c89 5c24 | 404c 8b5c | 2460 4c89 | 5c24 3848 | 8b6c 2458 | 488b d748 | 897c 2460 

  0x000001bc4c334da0: ;   {static_call}
  0x000001bc4c334da0: 6666 90e8 

  0x000001bc4c334da4: ; ImmutableOopMap {rbp=Oop [32]=Oop [40]=Oop [56]=Oop [64]=Oop [76]=NarrowOop [80]=Oop [96]=Oop [104]=Oop }
                      ;*invokestatic identityHashCode {reexecute=0 rethrow=0 return_oop=0}
                      ; - java.lang.Enum::hashCode@11 (line 190)
                      ; - java.util.Objects::hashCode@5 (line 103)
                      ; - java.lang.invoke.DirectMethodHandle$Holder::invokeStatic@10
                      ; - java.lang.invoke.LambdaForm$MH/0x000001bc61118400::invoke@31
                      ; - java.lang.invoke.LambdaForm$MH/0x000001bc6140d000::invoke@31
                      ; - java.lang.invoke.LambdaForm$MH/0x000001bc6140d400::linkToTargetMethod@5
                      ; - toughasnails.temperature.AreaFill$FillPos::hashCode@1 (line 135)
                      ; - java.util.HashMap::hash@9 (line 338)
                      ; - java.util.HashMap::getNode@23 (line 576)
                      ; - java.util.HashMap::containsKey@2 (line 602)
                      ; - java.util.HashSet::contains@5 (line 213)
                      ; - toughasnails.temperature.AreaFill::fill@60 (line 40)
  0x000001bc4c334da4: d8a2 05fd 

  0x000001bc4c334da8: ;   {other}
  0x000001bc4c334da8: 0f1f 8400 | 9824 0033 | 4889 6c24 | 584c 8b54 | 2438 4c89 | 5424 6044 | 8b44 2434 | 448b 4c24 
  0x000001bc4c334dc8: 488b 4c24 | 4c48 8b5c | 2450 e99e | f5ff ff89 | 4c24 344c | 8b5c 2468 | 4c89 5c24 | 484c 8b5c 
  0x000001bc4c334de8: 2460 4c89 | 5c24 404c | 8b5c 2458 | 4c89 5c24 | 3849 8bd0 | 4c89 4424 

  0x000001bc4c334e00: ;   {static_call}
  0x000001bc4c334e00: 6866 90e8 

  0x000001bc4c334e04: ; ImmutableOopMap {[32]=Oop [40]=Oop [52]=NarrowOop [56]=Oop [64]=Oop [72]=Oop [80]=Oop [104]=Oop [112]=Oop }
                      ;*invokestatic identityHashCode {reexecute=0 rethrow=0 return_oop=0}
                      ; - java.lang.Enum::hashCode@11 (line 190)
                      ; - java.util.Objects::hashCode@5 (line 103)
                      ; - java.lang.invoke.DirectMethodHandle$Holder::invokeStatic@10
                      ; - java.lang.invoke.LambdaForm$MH/0x000001bc61118400::invoke@31
                      ; - java.lang.invoke.LambdaForm$MH/0x000001bc6140d000::invoke@31
                      ; - java.lang.invoke.LambdaForm$MH/0x000001bc6140d400::linkToTargetMethod@5
                      ; - toughasnails.temperature.AreaFill$FillPos::hashCode@1 (line 135)
                      ; - java.util.HashMap::hash@9 (line 338)
                      ; - java.util.HashMap::put@2 (line 618)
                      ; - java.util.HashSet::add@8 (line 229)
                      ; - toughasnails.temperature.AreaFill::fill@108 (line 49)
  0x000001bc4c334e04: 78a2 05fd 

  0x000001bc4c334e08: ;   {other}
  0x000001bc4c334e08: 0f1f 8400 | f824 0034 | 4c8b 5424 | 384c 8954 | 2458 4c8b | 5424 404c | 8954 2460 | 4c8b 5424 
  0x000001bc4c334e28: 484c 8954 | 2468 8b4c | 2434 e974 | f5ff ffba | c6ff ffff | 488b 6c24 | 204c 8b5c | 2428 4c89 
  0x000001bc4c334e48: 5c24 2044 | 8b5c 2430 | 4489 5c24 | 284c 8b5c | 2468 4489 | 5424 2c4c | 895c 2448 

  0x000001bc4c334e64: ;   {runtime_call UncommonTrapBlob}
  0x000001bc4c334e64: 6666 90e8 

  0x000001bc4c334e68: ; ImmutableOopMap {rbp=Oop [32]=Oop [44]=NarrowOop [72]=Oop [88]=Oop [96]=Oop [104]=Oop }
                      ;*invokevirtual containsKey {reexecute=0 rethrow=0 return_oop=0}
                      ; - java.util.HashSet::contains@5 (line 213)
                      ; - toughasnails.temperature.AreaFill::fill@60 (line 40)
  0x000001bc4c334e68: 94f7 05fd 

  0x000001bc4c334e6c: ;   {other}
  0x000001bc4c334e6c: 0f1f 8400 | 5c25 0035 | ba45 ffff | ff48 8b6c | 2420 4c8b | 5424 284c | 8954 2420 | 448b 5c24 
  0x000001bc4c334e8c: 3044 895c | 2428 4489 

  0x000001bc4c334e94: ;   {runtime_call UncommonTrapBlob}
  0x000001bc4c334e94: 4424 2ce8 

  0x000001bc4c334e98: ; ImmutableOopMap {rbp=Oop [32]=Oop [88]=Oop [96]=Oop [104]=Oop }
                      ;*ifle {reexecute=1 rethrow=0 return_oop=0}
                      ; - (reexecute) java.util.HashMap::getNode@14 (line 575)
                      ; - java.util.HashMap::containsKey@2 (line 602)
                      ; - java.util.HashSet::contains@5 (line 213)
                      ; - toughasnails.temperature.AreaFill::fill@60 (line 40)
  0x000001bc4c334e98: 64f7 05fd 

  0x000001bc4c334e9c: ;   {other}
  0x000001bc4c334e9c: 0f1f 8400 | 8c25 0036 | bae4 ffff | ff48 8b6c | 2420 4c8b | 5424 284c | 8954 2420 | 448b 5424 
  0x000001bc4c334ebc: 3044 8954 | 2428 4c8b | 5424 584c | 8954 2430 | 4c8b 5424 | 604c 8954 | 2438 4c8b | 5424 684c 
  0x000001bc4c334edc: 8954 2440 | 4c8b 5424 | 704c 8954 | 2458 4889 | 4424 7089 

  0x000001bc4c334ef0: ;   {runtime_call UncommonTrapBlob}
  0x000001bc4c334ef0: 7c24 6ce8 

  0x000001bc4c334ef4: ; ImmutableOopMap {rbp=Oop [32]=Oop [48]=Oop [56]=Oop [64]=Oop [80]=Oop [88]=Oop [112]=Oop }
                      ;*aaload {reexecute=0 rethrow=0 return_oop=0}
                      ; - java.util.HashMap::putVal@40 (line 636)
                      ; - java.util.HashMap::put@9 (line 618)
                      ; - java.util.HashSet::add@8 (line 229)
                      ; - toughasnails.temperature.AreaFill::fill@108 (line 49)
  0x000001bc4c334ef4: 08f7 05fd 

  0x000001bc4c334ef8: ;   {other}
  0x000001bc4c334ef8: 0f1f 8400 | e825 0037 | bac6 ffff | ff48 8b6c | 2420 4c8b | 5c24 284c | 895c 2420 | 448b 4424 
  0x000001bc4c334f18: 3044 8944 | 2428 4489 

  0x000001bc4c334f20: ;   {runtime_call UncommonTrapBlob}
  0x000001bc4c334f20: 5424 2ce8 

  0x000001bc4c334f24: ; ImmutableOopMap {rbp=Oop [32]=Oop [44]=NarrowOop [80]=Oop [88]=Oop [96]=Oop [104]=Oop }
                      ;*invokevirtual put {reexecute=0 rethrow=0 return_oop=0}
                      ; - java.util.HashSet::add@8 (line 229)
                      ; - toughasnails.temperature.AreaFill::fill@108 (line 49)
  0x000001bc4c334f24: d8f6 05fd 

  0x000001bc4c334f28: ;   {other}
  0x000001bc4c334f28: 0f1f 8400 | 1826 0038 | 33ed 493b | d840 0f94 | c5ba cdff | ffff 4c8b | 4424 584c | 8944 2438 
  0x000001bc4c334f48: 4c8b 4424 | 604c 8944 | 2440 4889 | 5c24 5048 | 895c 2458 | 4489 4c24 | 3444 8954 | 2460 4489 
  0x000001bc4c334f68: ;   {runtime_call UncommonTrapBlob}
  0x000001bc4c334f68: 5c24 64e8 

  0x000001bc4c334f6c: ; ImmutableOopMap {[32]=Oop [40]=Oop [52]=NarrowOop [56]=Oop [64]=Oop [80]=Oop [88]=Oop [100]=NarrowOop }
                      ;*invokestatic profileBoolean {reexecute=1 rethrow=0 return_oop=0}
                      ; - (reexecute) java.lang.invoke.LambdaForm$MH/0x000001bc6140fc00::guard@48
                      ; - java.lang.invoke.LambdaForm$MH/0x000001bc61410400::linkToTargetMethod@6
                      ; - toughasnails.temperature.AreaFill$FillPos::equals@2 (line 135)
                      ; - java.util.HashMap::getNode@63 (line 578)
                      ; - java.util.HashMap::containsKey@2 (line 602)
                      ; - java.util.HashSet::contains@5 (line 213)
                      ; - toughasnails.temperature.AreaFill::fill@60 (line 40)
  0x000001bc4c334f6c: 90f6 05fd 

  0x000001bc4c334f70: ;   {other}
  0x000001bc4c334f70: 0f1f 8400 | 6026 0039 | 33ed 3bcb | 400f 94c5 | bacd ffff | ff4c 8b44 | 2458 4c89 | 4424 384c 
  0x000001bc4c334f90: 8b44 2460 | 4c89 4424 | 404c 8b44 | 2468 4c89 | 4424 504c | 8944 2458 | 4489 4c24 | 3444 8954 
  0x000001bc4c334fb0: 2460 4c89 

  0x000001bc4c334fb4: ;   {runtime_call UncommonTrapBlob}
  0x000001bc4c334fb4: 5c24 68e8 

  0x000001bc4c334fb8: ; ImmutableOopMap {[32]=Oop [40]=Oop [52]=NarrowOop [56]=Oop [64]=Oop [80]=Oop [88]=Oop [104]=Oop }
                      ;*invokestatic profileBoolean {reexecute=1 rethrow=0 return_oop=0}
                      ; - (reexecute) java.lang.invoke.LambdaForm$MH/0x000001bc6140fc00::guard@48
                      ; - java.lang.invoke.DelegatingMethodHandle$Holder::delegate@14
                      ; - java.lang.invoke.LambdaForm$MH/0x000001bc61410000::invoke@93
                      ; - java.lang.invoke.DelegatingMethodHandle$Holder::delegate@14
                      ; - java.lang.invoke.LambdaForm$MH/0x000001bc6140fc00::guard@74
                      ; - java.lang.invoke.DelegatingMethodHandle$Holder::delegate@14
                      ; - java.lang.invoke.LambdaForm$MH/0x000001bc6140fc00::guard@94
                      ; - java.lang.invoke.LambdaForm$MH/0x000001bc61410400::linkToTargetMethod@6
                      ; - toughasnails.temperature.AreaFill$FillPos::equals@2 (line 135)
                      ; - java.util.HashMap::getNode@63 (line 578)
                      ; - java.util.HashMap::containsKey@2 (line 602)
                      ; - java.util.HashSet::contains@5 (line 213)
                      ; - toughasnails.temperature.AreaFill::fill@60 (line 40)
  0x000001bc4c334fb8: 44f6 05fd 

  0x000001bc4c334fbc: ;   {other}
  0x000001bc4c334fbc: 0f1f 8400 | ac26 003a | bad6 ffff | ff48 8b6c | 2420 4c8b | 5424 284c | 8954 2420 | 448b 5c24 
  0x000001bc4c334fdc: 3044 895c | 2428 4c8b | 5424 584c | 8954 2430 | 4c8b 5424 | 604c 8954 | 2438 4c8b | 5424 504c 
  0x000001bc4c334ffc: 8954 2448 | 897c 242c | 4889 7424 

  0x000001bc4c335008: ;   {runtime_call UncommonTrapBlob}
  0x000001bc4c335008: 6066 90e8 

  0x000001bc4c33500c: ; ImmutableOopMap {rbp=Oop [32]=Oop [48]=Oop [56]=Oop [72]=Oop [96]=Oop [104]=Oop [112]=Oop [144]=Oop }
                      ;*aastore {reexecute=1 rethrow=0 return_oop=0}
                      ; - (reexecute) java.util.HashMap::putVal@59 (line 637)
                      ; - java.util.HashMap::put@9 (line 618)
                      ; - java.util.HashSet::add@8 (line 229)
                      ; - toughasnails.temperature.AreaFill::fill@108 (line 49)
  0x000001bc4c33500c: f0f5 05fd 

  0x000001bc4c335010: ;   {other}
  0x000001bc4c335010: 0f1f 8400 | 0027 003b | bacd ffff | ff48 8b6c | 2420 4c8b | 4424 284c | 8944 2420 | 8b4c 2430 
  0x000001bc4c335030: 894c 2428 | 4c8b 4424 | 584c 8944 | 2430 4c8b | 4424 604c | 8944 2438 | 4c8b 4424 | 684c 8944 
  0x000001bc4c335050: 2448 4c89 | 4424 5044 | 894c 242c | 4489 5424 | 584c 895c 

  0x000001bc4c335064: ;   {runtime_call UncommonTrapBlob}
  0x000001bc4c335064: 2460 90e8 

  0x000001bc4c335068: ; ImmutableOopMap {rbp=Oop [32]=Oop [44]=NarrowOop [48]=Oop [56]=Oop [72]=Oop [80]=Oop [96]=Oop }
                      ;*invokestatic profileBoolean {reexecute=1 rethrow=0 return_oop=0}
                      ; - (reexecute) java.lang.invoke.LambdaForm$MH/0x000001bc61410000::invoke@66
                      ; - java.lang.invoke.DelegatingMethodHandle$Holder::delegate@14
                      ; - java.lang.invoke.LambdaForm$MH/0x000001bc6140fc00::guard@74
                      ; - java.lang.invoke.DelegatingMethodHandle$Holder::delegate@14
                      ; - java.lang.invoke.LambdaForm$MH/0x000001bc6140fc00::guard@94
                      ; - java.lang.invoke.LambdaForm$MH/0x000001bc61410400::linkToTargetMethod@6
                      ; - toughasnails.temperature.AreaFill$FillPos::equals@2 (line 135)
                      ; - java.util.HashMap::getNode@63 (line 578)
                      ; - java.util.HashMap::containsKey@2 (line 602)
                      ; - java.util.HashSet::contains@5 (line 213)
                      ; - toughasnails.temperature.AreaFill::fill@60 (line 40)
  0x000001bc4c335068: 94f5 05fd 

  0x000001bc4c33506c: ;   {other}
  0x000001bc4c33506c: 0f1f 8400 | 5c27 003c | bacd ffff | ff48 8b6c | 2420 4c8b | 4424 284c | 8944 2420 | 448b 4424 
  0x000001bc4c33508c: 3044 8944 | 2428 4c8b | 4424 584c | 8944 2430 | 4c8b 4424 | 604c 8944 | 2438 4c8b | 4424 684c 
  0x000001bc4c3350ac: 8944 2448 | 4c89 4424 | 5044 894c | 242c 4489 | 5424 584c | 895c 2460 

  0x000001bc4c3350c4: ;   {runtime_call UncommonTrapBlob}
  0x000001bc4c3350c4: 6666 90e8 

  0x000001bc4c3350c8: ; ImmutableOopMap {rbp=Oop [32]=Oop [44]=NarrowOop [48]=Oop [56]=Oop [72]=Oop [80]=Oop [96]=Oop }
                      ;*invokestatic profileBoolean {reexecute=1 rethrow=0 return_oop=0}
                      ; - (reexecute) java.lang.invoke.LambdaForm$MH/0x000001bc6140fc00::guard@48
                      ; - java.lang.invoke.DelegatingMethodHandle$Holder::delegate@14
                      ; - java.lang.invoke.LambdaForm$MH/0x000001bc6140fc00::guard@74
                      ; - java.lang.invoke.DelegatingMethodHandle$Holder::delegate@14
                      ; - java.lang.invoke.LambdaForm$MH/0x000001bc61410000::invoke@93
                      ; - java.lang.invoke.DelegatingMethodHandle$Holder::delegate@14
                      ; - java.lang.invoke.LambdaForm$MH/0x000001bc6140fc00::guard@74
                      ; - java.lang.invoke.DelegatingMethodHandle$Holder::delegate@14
                      ; - java.lang.invoke.LambdaForm$MH/0x000001bc6140fc00::guard@94
                      ; - java.lang.invoke.LambdaForm$MH/0x000001bc61410400::linkToTargetMethod@6
                      ; - toughasnails.temperature.AreaFill$FillPos::equals@2 (line 135)
                      ; - java.util.HashMap::getNode@63 (line 578)
                      ; - java.util.HashMap::containsKey@2 (line 602)
                      ; - java.util.HashSet::contains@5 (line 213)
                      ; - toughasnails.temperature.AreaFill::fill@60 (line 40)
  0x000001bc4c3350c8: 34f5 05fd 

  0x000001bc4c3350cc: ;   {other}
  0x000001bc4c3350cc: 0f1f 8400 | bc27 003d | ba45 ffff | ff48 8b6c | 2420 4c8b | 5c24 284c | 895c 2420 | 448b 5c24 
  0x000001bc4c3350ec: 3044 895c | 2428 4c8b | 5c24 584c | 895c 2430 | 4c8b 5c24 | 604c 895c | 2438 4489 

  0x000001bc4c335108: ;   {runtime_call UncommonTrapBlob}
  0x000001bc4c335108: 5424 60e8 

  0x000001bc4c33510c: ; ImmutableOopMap {rbp=Oop [32]=Oop [48]=Oop [56]=Oop [80]=Oop [104]=Oop [112]=Oop }
                      ;*ifne {reexecute=1 rethrow=0 return_oop=0}
                      ; - (reexecute) java.util.HashMap::putVal@16 (line 634)
                      ; - java.util.HashMap::put@9 (line 618)
                      ; - java.util.HashSet::add@8 (line 229)
                      ; - toughasnails.temperature.AreaFill::fill@108 (line 49)
  0x000001bc4c33510c: f0f4 05fd 

  0x000001bc4c335110: ;   {other}
  0x000001bc4c335110: 0f1f 8400 | 0028 003e | 498b d749 | ba90 f132 | 20fa 7f00 | 0041 ffd2 

  0x000001bc4c335128: ;   {other}
  0x000001bc4c335128: 0f1f 8400 | 0000 0000 | e91d ebff | ff49 8bd7 | 49ba 90f1 | 3220 fa7f | 0000 41ff 

  0x000001bc4c335144: ;   {other}
  0x000001bc4c335144: d20f 1f84 | 0000 0000 | 00e9 eceb | ffff ba45 | ffff ff4c | 8b54 2458 | 4c89 5424 | 384c 8b54 
  0x000001bc4c335164: 2460 4c89 | 5424 404c | 8b54 2468 | 4c89 5424 | 4889 7c24 | 3448 8974 

  0x000001bc4c33517c: ;   {runtime_call UncommonTrapBlob}
  0x000001bc4c33517c: 2478 90e8 

  0x000001bc4c335180: ; ImmutableOopMap {[32]=Oop [40]=Oop [56]=Oop [64]=Oop [72]=Oop [80]=Oop [112]=Oop [120]=Oop [144]=Oop }
                      ;*if_icmpne {reexecute=1 rethrow=0 return_oop=0}
                      ; - (reexecute) java.util.LinkedHashMap::linkNodeAtEnd@5 (line 237)
                      ; - java.util.LinkedHashMap::newNode@17 (line 283)
                      ; - java.util.HashMap::putVal@56 (line 637)
                      ; - java.util.HashMap::put@9 (line 618)
                      ; - java.util.HashSet::add@8 (line 229)
                      ; - toughasnails.temperature.AreaFill::fill@108 (line 49)
  0x000001bc4c335180: 7cf4 05fd 

  0x000001bc4c335184: ;   {other}
  0x000001bc4c335184: 0f1f 8400 | 7428 003f | 4889 b424 | 8800 0000 | 4c8b 5424 | 384c 8994 | 2480 0000 | 0089 7c24 
  0x000001bc4c3351a4: 3449 8bd7 | 49ba 90f1 | 3220 fa7f | 0000 41ff 

  0x000001bc4c3351b4: ;   {other}
  0x000001bc4c3351b4: d20f 1f84 | 0000 0000 | 008b 7c24 | 344c 8b94 | 2480 0000 | 004c 8954 | 2438 488b | b424 8800 
  0x000001bc4c3351d4: 0000 e91b | ebff ff49 | 8bd7 49ba | 90f1 3220 | fa7f 0000 

  0x000001bc4c3351e8: ;   {other}
  0x000001bc4c3351e8: 41ff d20f | 1f84 0000 | 0000 00e9 | c0ea ffff | 498b d749 | ba90 f132 | 20fa 7f00 | 0041 ffd2 
  0x000001bc4c335208: ;   {other}
  0x000001bc4c335208: 0f1f 8400 | 0000 0000 | e9e1 ddff | ff49 8bd7 | 49ba 90f1 | 3220 fa7f | 0000 41ff 

  0x000001bc4c335224: ;   {other}
  0x000001bc4c335224: d20f 1f84 | 0000 0000 | 00e9 00ed | ffff 33ed | 493b d940 | 0f94 c5ba | cdff ffff | 4c8b 4c24 
  0x000001bc4c335244: 584c 894c | 2438 4c8b | 4c24 604c | 894c 2440 | 4889 5c24 | 5048 895c | 2458 4c89 | 5c24 6044 
  0x000001bc4c335264: 8954 2434 | 4489 4424 

  0x000001bc4c33526c: ;   {runtime_call UncommonTrapBlob}
  0x000001bc4c33526c: 6866 90e8 

  0x000001bc4c335270: ; ImmutableOopMap {[32]=Oop [40]=Oop [56]=Oop [64]=Oop [80]=Oop [88]=Oop [96]=Oop [104]=NarrowOop }
                      ;*invokestatic profileBoolean {reexecute=1 rethrow=0 return_oop=0}
                      ; - (reexecute) java.lang.invoke.LambdaForm$MH/0x000001bc6140fc00::guard@48
                      ; - java.lang.invoke.LambdaForm$MH/0x000001bc61410400::linkToTargetMethod@6
                      ; - toughasnails.temperature.AreaFill$FillPos::equals@2 (line 135)
                      ; - java.util.HashMap::getNode@128 (line 585)
                      ; - java.util.HashMap::containsKey@2 (line 602)
                      ; - java.util.HashSet::contains@5 (line 213)
                      ; - toughasnails.temperature.AreaFill::fill@60 (line 40)
  0x000001bc4c335270: 8cf3 05fd 

  0x000001bc4c335274: ;   {other}
  0x000001bc4c335274: 0f1f 8400 | 6429 0040 | 33ed 413b | c940 0f94 | c5ba cdff | ffff 4c8b | 4c24 584c | 894c 2438 
  0x000001bc4c335294: 4c8b 4c24 | 604c 894c | 2440 4c8b | 4c24 684c | 894c 2450 | 4c89 4c24 | 584c 895c | 2460 4489 
  0x000001bc4c3352b4: 5424 344c | 8944 2468 

  0x000001bc4c3352bc: ;   {runtime_call UncommonTrapBlob}
  0x000001bc4c3352bc: 6666 90e8 

  0x000001bc4c3352c0: ; ImmutableOopMap {[32]=Oop [40]=Oop [56]=Oop [64]=Oop [80]=Oop [88]=Oop [96]=Oop [104]=Oop }
                      ;*invokestatic profileBoolean {reexecute=1 rethrow=0 return_oop=0}
                      ; - (reexecute) java.lang.invoke.LambdaForm$MH/0x000001bc6140fc00::guard@48
                      ; - java.lang.invoke.DelegatingMethodHandle$Holder::delegate@14
                      ; - java.lang.invoke.LambdaForm$MH/0x000001bc61410000::invoke@93
                      ; - java.lang.invoke.DelegatingMethodHandle$Holder::delegate@14
                      ; - java.lang.invoke.LambdaForm$MH/0x000001bc6140fc00::guard@74
                      ; - java.lang.invoke.DelegatingMethodHandle$Holder::delegate@14
                      ; - java.lang.invoke.LambdaForm$MH/0x000001bc6140fc00::guard@94
                      ; - java.lang.invoke.LambdaForm$MH/0x000001bc61410400::linkToTargetMethod@6
                      ; - toughasnails.temperature.AreaFill$FillPos::equals@2 (line 135)
                      ; - java.util.HashMap::getNode@128 (line 585)
                      ; - java.util.HashMap::containsKey@2 (line 602)
                      ; - java.util.HashSet::contains@5 (line 213)
                      ; - toughasnails.temperature.AreaFill::fill@60 (line 40)
  0x000001bc4c3352c0: 3cf3 05fd 

  0x000001bc4c3352c4: ;   {other}
  0x000001bc4c3352c4: 0f1f 8400 | b429 0041 | 33ed 4d3b | c340 0f94 | c5ba cdff | ffff 4c8b | 5c24 584c | 895c 2438 
  0x000001bc4c3352e4: 4c8b 5c24 | 604c 895c | 2440 4c8b | 5c24 684c | 895c 2448 | 4c8b 5c24 | 704c 895c | 2468 448b 
  0x000001bc4c335304: 4424 7844 | 8944 2434 | 4489 4c24 | 7844 8954 

  0x000001bc4c335314: ;   {runtime_call UncommonTrapBlob}
  0x000001bc4c335314: 247c 90e8 

  0x000001bc4c335318: ; ImmutableOopMap {[32]=Oop [40]=Oop [56]=Oop [64]=Oop [72]=Oop [80]=Oop [104]=Oop [120]=NarrowOop [124]=NarrowOop [144]=Oop }
                      ;*invokestatic profileBoolean {reexecute=1 rethrow=0 return_oop=0}
                      ; - (reexecute) java.lang.invoke.LambdaForm$MH/0x000001bc6140fc00::guard@48
                      ; - java.lang.invoke.LambdaForm$MH/0x000001bc61410400::linkToTargetMethod@6
                      ; - toughasnails.temperature.AreaFill$FillPos::equals@2 (line 135)
                      ; - java.util.HashMap::putVal@91 (line 641)
                      ; - java.util.HashMap::put@9 (line 618)
                      ; - java.util.HashSet::add@8 (line 229)
                      ; - toughasnails.temperature.AreaFill::fill@108 (line 49)
  0x000001bc4c335318: e4f2 05fd 

  0x000001bc4c33531c: ;   {other}
  0x000001bc4c33531c: 0f1f 8400 | 0c2a 0042 | 33ed 413b | fb40 0f94 | c5ba cdff | ffff 4c8b | 5c24 584c | 895c 2438 
  0x000001bc4c33533c: 4c8b 5c24 | 604c 895c | 2440 4c8b | 5c24 684c | 895c 2448 | 4c8b 5c24 | 704c 895c | 2468 448b 
  0x000001bc4c33535c: 4424 7844 | 8944 2434 | 4489 4c24 | 784c 8994 | 2480 0000 

  0x000001bc4c335370: ;   {runtime_call UncommonTrapBlob}
  0x000001bc4c335370: 0066 90e8 

  0x000001bc4c335374: ; ImmutableOopMap {[32]=Oop [40]=Oop [56]=Oop [64]=Oop [72]=Oop [80]=Oop [104]=Oop [120]=NarrowOop [128]=Oop [144]=Oop }
                      ;*invokestatic profileBoolean {reexecute=1 rethrow=0 return_oop=0}
                      ; - (reexecute) java.lang.invoke.LambdaForm$MH/0x000001bc6140fc00::guard@48
                      ; - java.lang.invoke.DelegatingMethodHandle$Holder::delegate@14
                      ; - java.lang.invoke.LambdaForm$MH/0x000001bc61410000::invoke@93
                      ; - java.lang.invoke.DelegatingMethodHandle$Holder::delegate@14
                      ; - java.lang.invoke.LambdaForm$MH/0x000001bc6140fc00::guard@74
                      ; - java.lang.invoke.DelegatingMethodHandle$Holder::delegate@14
                      ; - java.lang.invoke.LambdaForm$MH/0x000001bc6140fc00::guard@94
                      ; - java.lang.invoke.LambdaForm$MH/0x000001bc61410400::linkToTargetMethod@6
                      ; - toughasnails.temperature.AreaFill$FillPos::equals@2 (line 135)
                      ; - java.util.HashMap::putVal@91 (line 641)
                      ; - java.util.HashMap::put@9 (line 618)
                      ; - java.util.HashSet::add@8 (line 229)
                      ; - toughasnails.temperature.AreaFill::fill@108 (line 49)
  0x000001bc4c335374: 88f2 05fd 

  0x000001bc4c335378: ;   {other}
  0x000001bc4c335378: 0f1f 8400 | 682a 0043 | bacd ffff | ff48 8b6c | 2420 4c8b | 4c24 284c | 894c 2420 | 8b4c 2430 
  0x000001bc4c335398: 894c 2428 | 4c8b 4c24 | 584c 894c | 2430 4c8b | 4c24 604c | 894c 2438 | 4c8b 4c24 | 684c 894c 
  0x000001bc4c3353b8: 2448 4c89 | 4c24 504c | 895c 2458 | 4489 5424 | 2c4c 8944 

  0x000001bc4c3353cc: ;   {runtime_call UncommonTrapBlob}
  0x000001bc4c3353cc: 2460 90e8 

  0x000001bc4c3353d0: ; ImmutableOopMap {rbp=Oop [32]=Oop [48]=Oop [56]=Oop [72]=Oop [80]=Oop [88]=Oop [96]=Oop }
                      ;*invokestatic profileBoolean {reexecute=1 rethrow=0 return_oop=0}
                      ; - (reexecute) java.lang.invoke.LambdaForm$MH/0x000001bc61410000::invoke@66
                      ; - java.lang.invoke.DelegatingMethodHandle$Holder::delegate@14
                      ; - java.lang.invoke.LambdaForm$MH/0x000001bc6140fc00::guard@74
                      ; - java.lang.invoke.DelegatingMethodHandle$Holder::delegate@14
                      ; - java.lang.invoke.LambdaForm$MH/0x000001bc6140fc00::guard@94
                      ; - java.lang.invoke.LambdaForm$MH/0x000001bc61410400::linkToTargetMethod@6
                      ; - toughasnails.temperature.AreaFill$FillPos::equals@2 (line 135)
                      ; - java.util.HashMap::getNode@128 (line 585)
                      ; - java.util.HashMap::containsKey@2 (line 602)
                      ; - java.util.HashSet::contains@5 (line 213)
                      ; - toughasnails.temperature.AreaFill::fill@60 (line 40)
  0x000001bc4c3353d0: 2cf2 05fd 

  0x000001bc4c3353d4: ;   {other}
  0x000001bc4c3353d4: 0f1f 8400 | c42a 0044 | bacd ffff | ff48 8b6c | 2420 4c8b | 5c24 284c | 895c 2420 | 448b 4424 
  0x000001bc4c3353f4: 3044 8944 | 2428 4c8b | 5c24 584c | 895c 2430 | 4c8b 5c24 | 604c 895c | 2438 4c8b | 5c24 684c 
  0x000001bc4c335414: 895c 2440 | 4c8b 5c24 | 704c 895c | 2460 448b | 5c24 7844 | 895c 242c | 4489 4c24 | 704c 8954 
  0x000001bc4c335434: ;   {runtime_call UncommonTrapBlob}
  0x000001bc4c335434: 2478 90e8 

  0x000001bc4c335438: ; ImmutableOopMap {rbp=Oop [32]=Oop [48]=Oop [56]=Oop [64]=Oop [80]=Oop [96]=Oop [112]=NarrowOop [120]=Oop [144]=Oop }
                      ;*invokestatic profileBoolean {reexecute=1 rethrow=0 return_oop=0}
                      ; - (reexecute) java.lang.invoke.LambdaForm$MH/0x000001bc61410000::invoke@66
                      ; - java.lang.invoke.DelegatingMethodHandle$Holder::delegate@14
                      ; - java.lang.invoke.LambdaForm$MH/0x000001bc6140fc00::guard@74
                      ; - java.lang.invoke.DelegatingMethodHandle$Holder::delegate@14
                      ; - java.lang.invoke.LambdaForm$MH/0x000001bc6140fc00::guard@94
                      ; - java.lang.invoke.LambdaForm$MH/0x000001bc61410400::linkToTargetMethod@6
                      ; - toughasnails.temperature.AreaFill$FillPos::equals@2 (line 135)
                      ; - java.util.HashMap::putVal@91 (line 641)
                      ; - java.util.HashMap::put@9 (line 618)
                      ; - java.util.HashSet::add@8 (line 229)
                      ; - toughasnails.temperature.AreaFill::fill@108 (line 49)
  0x000001bc4c335438: c4f1 05fd 

  0x000001bc4c33543c: ;   {other}
  0x000001bc4c33543c: 0f1f 8400 | 2c2b 0045 | bacd ffff | ff48 8b6c | 2420 4c8b | 4c24 284c | 894c 2420 | 448b 4c24 
  0x000001bc4c33545c: 3044 894c | 2428 4c8b | 4c24 584c | 894c 2430 | 4c8b 4c24 | 604c 894c | 2438 4c8b | 4c24 684c 
  0x000001bc4c33547c: 894c 2448 | 4c89 4c24 | 504c 895c | 2458 4489 | 5424 2c4c | 8944 2460 

  0x000001bc4c335494: ;   {runtime_call UncommonTrapBlob}
  0x000001bc4c335494: 6666 90e8 

  0x000001bc4c335498: ; ImmutableOopMap {rbp=Oop [32]=Oop [48]=Oop [56]=Oop [72]=Oop [80]=Oop [88]=Oop [96]=Oop }
                      ;*invokestatic profileBoolean {reexecute=1 rethrow=0 return_oop=0}
                      ; - (reexecute) java.lang.invoke.LambdaForm$MH/0x000001bc6140fc00::guard@48
                      ; - java.lang.invoke.DelegatingMethodHandle$Holder::delegate@14
                      ; - java.lang.invoke.LambdaForm$MH/0x000001bc6140fc00::guard@74
                      ; - java.lang.invoke.DelegatingMethodHandle$Holder::delegate@14
                      ; - java.lang.invoke.LambdaForm$MH/0x000001bc61410000::invoke@93
                      ; - java.lang.invoke.DelegatingMethodHandle$Holder::delegate@14
                      ; - java.lang.invoke.LambdaForm$MH/0x000001bc6140fc00::guard@74
                      ; - java.lang.invoke.DelegatingMethodHandle$Holder::delegate@14
                      ; - java.lang.invoke.LambdaForm$MH/0x000001bc6140fc00::guard@94
                      ; - java.lang.invoke.LambdaForm$MH/0x000001bc61410400::linkToTargetMethod@6
                      ; - toughasnails.temperature.AreaFill$FillPos::equals@2 (line 135)
                      ; - java.util.HashMap::getNode@128 (line 585)
                      ; - java.util.HashMap::containsKey@2 (line 602)
                      ; - java.util.HashSet::contains@5 (line 213)
                      ; - toughasnails.temperature.AreaFill::fill@60 (line 40)
  0x000001bc4c335498: 64f1 05fd 

  0x000001bc4c33549c: ;   {other}
  0x000001bc4c33549c: 0f1f 8400 | 8c2b 0046 | 498b d749 | ba90 f132 | 20fa 7f00 | 0041 ffd2 

  0x000001bc4c3354b4: ;   {other}
  0x000001bc4c3354b4: 0f1f 8400 | 0000 0000 | e968 e6ff | ffba cdff | ffff 488b | 6c24 204c | 8b5c 2428 | 4c89 5c24 
  0x000001bc4c3354d4: 2044 8b44 | 2430 4489 | 4424 284c | 8b5c 2458 | 4c89 5c24 | 304c 8b5c | 2460 4c89 | 5c24 384c 
  0x000001bc4c3354f4: 8b5c 2468 | 4c89 5c24 | 404c 8b5c | 2470 4c89 | 5c24 6044 | 8b5c 2478 | 4489 5c24 | 2c44 894c 
  0x000001bc4c335514: 2470 4c89 

  0x000001bc4c335518: ;   {runtime_call UncommonTrapBlob}
  0x000001bc4c335518: 5424 78e8 

  0x000001bc4c33551c: ; ImmutableOopMap {rbp=Oop [32]=Oop [48]=Oop [56]=Oop [64]=Oop [80]=Oop [96]=Oop [112]=NarrowOop [120]=Oop [144]=Oop }
                      ;*invokestatic profileBoolean {reexecute=1 rethrow=0 return_oop=0}
                      ; - (reexecute) java.lang.invoke.LambdaForm$MH/0x000001bc6140fc00::guard@48
                      ; - java.lang.invoke.DelegatingMethodHandle$Holder::delegate@14
                      ; - java.lang.invoke.LambdaForm$MH/0x000001bc6140fc00::guard@74
                      ; - java.lang.invoke.DelegatingMethodHandle$Holder::delegate@14
                      ; - java.lang.invoke.LambdaForm$MH/0x000001bc61410000::invoke@93
                      ; - java.lang.invoke.DelegatingMethodHandle$Holder::delegate@14
                      ; - java.lang.invoke.LambdaForm$MH/0x000001bc6140fc00::guard@74
                      ; - java.lang.invoke.DelegatingMethodHandle$Holder::delegate@14
                      ; - java.lang.invoke.LambdaForm$MH/0x000001bc6140fc00::guard@94
                      ; - java.lang.invoke.LambdaForm$MH/0x000001bc61410400::linkToTargetMethod@6
                      ; - toughasnails.temperature.AreaFill$FillPos::equals@2 (line 135)
                      ; - java.util.HashMap::putVal@91 (line 641)
                      ; - java.util.HashMap::put@9 (line 618)
                      ; - java.util.HashSet::add@8 (line 229)
                      ; - toughasnails.temperature.AreaFill::fill@108 (line 49)
  0x000001bc4c33551c: e0f0 05fd 

  0x000001bc4c335520: ;   {other}
  0x000001bc4c335520: 0f1f 8400 | 102c 0047 | 498b d749 | ba90 f132 | 20fa 7f00 | 0041 ffd2 

  0x000001bc4c335538: ;   {other}
  0x000001bc4c335538: 0f1f 8400 | 0000 0000 | e949 edff | ff33 ed4d | 3bcb 400f | 94c5 bacd | ffff ff4c | 8b5c 2458 
  0x000001bc4c335558: 4c89 5c24 | 384c 8b5c | 2460 4c89 | 5c24 404c | 8b5c 2468 | 4c89 5c24 | 484c 8b5c | 2470 4c89 
  0x000001bc4c335578: 5c24 6844 | 8b5c 2478 | 4489 5c24 | 3448 895c | 2478 4489 | 8424 8000 | 0000 4489 | 9424 8400 
  0x000001bc4c335598: ;   {runtime_call UncommonTrapBlob}
  0x000001bc4c335598: 0000 90e8 

  0x000001bc4c33559c: ; ImmutableOopMap {[32]=Oop [40]=Oop [56]=Oop [64]=Oop [72]=Oop [80]=Oop [104]=Oop [120]=Oop [132]=NarrowOop [144]=Oop }
                      ;*invokestatic profileBoolean {reexecute=1 rethrow=0 return_oop=0}
                      ; - (reexecute) java.lang.invoke.LambdaForm$MH/0x000001bc6140fc00::guard@48
                      ; - java.lang.invoke.LambdaForm$MH/0x000001bc61410400::linkToTargetMethod@6
                      ; - toughasnails.temperature.AreaFill$FillPos::equals@2 (line 135)
                      ; - java.util.HashMap::putVal@203 (line 654)
                      ; - java.util.HashMap::put@9 (line 618)
                      ; - java.util.HashSet::add@8 (line 229)
                      ; - toughasnails.temperature.AreaFill::fill@108 (line 49)
  0x000001bc4c33559c: 60f0 05fd 

  0x000001bc4c3355a0: ;   {other}
  0x000001bc4c3355a0: 0f1f 8400 | 902c 0048 | 33ed 413b | fa40 0f94 | c5ba cdff | ffff 4c8b | 5424 584c | 8954 2438 
  0x000001bc4c3355c0: 4c8b 5424 | 604c 8954 | 2440 4c8b | 5424 684c | 8954 2448 | 4c8b 5424 | 704c 8954 | 2468 448b 
  0x000001bc4c3355e0: 5c24 7844 | 895c 2434 | 4889 5c24 | 7844 8984 | 2480 0000 | 004c 898c | 2488 0000 

  0x000001bc4c3355fc: ;   {runtime_call UncommonTrapBlob}
  0x000001bc4c3355fc: 0066 90e8 

  0x000001bc4c335600: ; ImmutableOopMap {[32]=Oop [40]=Oop [56]=Oop [64]=Oop [72]=Oop [80]=Oop [104]=Oop [120]=Oop [136]=Oop [144]=Oop }
                      ;*invokestatic profileBoolean {reexecute=1 rethrow=0 return_oop=0}
                      ; - (reexecute) java.lang.invoke.LambdaForm$MH/0x000001bc6140fc00::guard@48
                      ; - java.lang.invoke.DelegatingMethodHandle$Holder::delegate@14
                      ; - java.lang.invoke.LambdaForm$MH/0x000001bc61410000::invoke@93
                      ; - java.lang.invoke.DelegatingMethodHandle$Holder::delegate@14
                      ; - java.lang.invoke.LambdaForm$MH/0x000001bc6140fc00::guard@74
                      ; - java.lang.invoke.DelegatingMethodHandle$Holder::delegate@14
                      ; - java.lang.invoke.LambdaForm$MH/0x000001bc6140fc00::guard@94
                      ; - java.lang.invoke.LambdaForm$MH/0x000001bc61410400::linkToTargetMethod@6
                      ; - toughasnails.temperature.AreaFill$FillPos::equals@2 (line 135)
                      ; - java.util.HashMap::putVal@203 (line 654)
                      ; - java.util.HashMap::put@9 (line 618)
                      ; - java.util.HashSet::add@8 (line 229)
                      ; - toughasnails.temperature.AreaFill::fill@108 (line 49)
  0x000001bc4c335600: fcef 05fd 

  0x000001bc4c335604: ;   {other}
  0x000001bc4c335604: 0f1f 8400 | f42c 0049 | bacd ffff | ff48 8b6c | 2420 4c8b | 5424 284c | 8954 2420 | 448b 5424 
  0x000001bc4c335624: 3044 8954 | 2428 4c8b | 5424 584c | 8954 2430 | 4c8b 5424 | 604c 8954 | 2438 4c8b | 5424 684c 
  0x000001bc4c335644: 8954 2440 | 4c8b 5424 | 704c 8954 | 2460 448b | 5424 7844 | 8954 242c | 4889 5c24 | 7044 8944 
  0x000001bc4c335664: 2478 4c89 | 8c24 8000 

  0x000001bc4c33566c: ;   {runtime_call UncommonTrapBlob}
  0x000001bc4c33566c: 0000 90e8 

  0x000001bc4c335670: ; ImmutableOopMap {rbp=Oop [32]=Oop [48]=Oop [56]=Oop [64]=Oop [80]=Oop [96]=Oop [112]=Oop [128]=Oop [144]=Oop }
                      ;*invokestatic profileBoolean {reexecute=1 rethrow=0 return_oop=0}
                      ; - (reexecute) java.lang.invoke.LambdaForm$MH/0x000001bc61410000::invoke@66
                      ; - java.lang.invoke.DelegatingMethodHandle$Holder::delegate@14
                      ; - java.lang.invoke.LambdaForm$MH/0x000001bc6140fc00::guard@74
                      ; - java.lang.invoke.DelegatingMethodHandle$Holder::delegate@14
                      ; - java.lang.invoke.LambdaForm$MH/0x000001bc6140fc00::guard@94
                      ; - java.lang.invoke.LambdaForm$MH/0x000001bc61410400::linkToTargetMethod@6
                      ; - toughasnails.temperature.AreaFill$FillPos::equals@2 (line 135)
                      ; - java.util.HashMap::putVal@203 (line 654)
                      ; - java.util.HashMap::put@9 (line 618)
                      ; - java.util.HashSet::add@8 (line 229)
                      ; - toughasnails.temperature.AreaFill::fill@108 (line 49)
  0x000001bc4c335670: 8cef 05fd 

  0x000001bc4c335674: ;   {other}
  0x000001bc4c335674: 0f1f 8400 | 642d 004a | bade ffff | ff48 8b6c | 2420 4c8b | 5424 284c | 8954 2420 | 448b 5424 
  0x000001bc4c335694: 3044 8954 | 2428 895c 

  0x000001bc4c33569c: ;   {runtime_call UncommonTrapBlob}
  0x000001bc4c33569c: 242c 90e8 

  0x000001bc4c3356a0: ; ImmutableOopMap {rbp=Oop [32]=Oop [44]=NarrowOop [88]=Oop [96]=Oop }
                      ;*checkcast {reexecute=0 rethrow=0 return_oop=0}
                      ; - toughasnails.temperature.AreaFill::fill@51 (line 37)
  0x000001bc4c3356a0: 5cef 05fd 

  0x000001bc4c3356a4: ;   {other}
  0x000001bc4c3356a4: 0f1f 8400 | 942d 004b | ba66 ffff | ff48 8b6c | 2420 4c8b | 5c24 284c | 895c 2420 | 448b 4c24 
  0x000001bc4c3356c4: 3044 894c | 2428 4c8b | 5c24 584c | 895c 2430 | 4c8b 5c24 | 604c 895c | 2438 4c8b | 5c24 684c 
  0x000001bc4c3356e4: 895c 2440 | 4c8b 5c24 | 704c 895c | 2460 448b | 5c24 7844 | 895c 242c | 4889 5c24 | 7044 8944 
  0x000001bc4c335704: 2478 4489 | 9424 8000 

  0x000001bc4c33570c: ;   {runtime_call UncommonTrapBlob}
  0x000001bc4c33570c: 0000 90e8 

  0x000001bc4c335710: ; ImmutableOopMap {rbp=Oop [32]=Oop [48]=Oop [56]=Oop [64]=Oop [80]=Oop [96]=Oop [112]=Oop [128]=NarrowOop [144]=Oop }
                      ;*invokestatic linkToSpecial {reexecute=0 rethrow=0 return_oop=0}
                      ; - java.lang.invoke.LambdaForm$DMH/0x000001bc6101d000::invokeSpecial@11
                      ; - java.lang.invoke.LambdaForm$MH/0x000001bc6140e400::invoke@23
                      ; - java.lang.invoke.LambdaForm$MH/0x000001bc6140fc00::guard@34
                      ; - java.lang.invoke.DelegatingMethodHandle$Holder::delegate@14
                      ; - java.lang.invoke.LambdaForm$MH/0x000001bc6140fc00::guard@94
                      ; - java.lang.invoke.LambdaForm$MH/0x000001bc61410400::linkToTargetMethod@6
                      ; - toughasnails.temperature.AreaFill$FillPos::equals@2 (line 135)
                      ; - java.util.HashMap::putVal@203 (line 654)
                      ; - java.util.HashMap::put@9 (line 618)
                      ; - java.util.HashSet::add@8 (line 229)
                      ; - toughasnails.temperature.AreaFill::fill@108 (line 49)
  0x000001bc4c335710: ecee 05fd 

  0x000001bc4c335714: ;   {other}
  0x000001bc4c335714: 0f1f 8400 | 042e 004c | ba66 ffff | ff48 8b6c | 2420 4c8b | 5424 284c | 8954 2420 | 448b 5424 
  0x000001bc4c335734: 3044 8954 | 2428 4c8b | 5424 584c | 8954 2430 | 4c8b 5424 | 604c 8954 | 2438 4c8b | 5424 684c 
  0x000001bc4c335754: 8954 2448 | 894c 242c | 4489 4424 | 504c 8954 | 2458 4489 

  0x000001bc4c335768: ;   {runtime_call UncommonTrapBlob}
  0x000001bc4c335768: 4c24 60e8 

  0x000001bc4c33576c: ; ImmutableOopMap {rbp=Oop [32]=Oop [44]=NarrowOop [48]=Oop [56]=Oop [72]=Oop [88]=Oop [96]=NarrowOop }
                      ;*invokestatic linkToSpecial {reexecute=0 rethrow=0 return_oop=0}
                      ; - java.lang.invoke.LambdaForm$DMH/0x000001bc6101d000::invokeSpecial@11
                      ; - java.lang.invoke.LambdaForm$MH/0x000001bc6140e400::invoke@23
                      ; - java.lang.invoke.LambdaForm$MH/0x000001bc6140fc00::guard@34
                      ; - java.lang.invoke.DelegatingMethodHandle$Holder::delegate@14
                      ; - java.lang.invoke.LambdaForm$MH/0x000001bc6140fc00::guard@94
                      ; - java.lang.invoke.LambdaForm$MH/0x000001bc61410400::linkToTargetMethod@6
                      ; - toughasnails.temperature.AreaFill$FillPos::equals@2 (line 135)
                      ; - java.util.HashMap::getNode@63 (line 578)
                      ; - java.util.HashMap::containsKey@2 (line 602)
                      ; - java.util.HashSet::contains@5 (line 213)
                      ; - toughasnails.temperature.AreaFill::fill@60 (line 40)
  0x000001bc4c33576c: 90ee 05fd 

  0x000001bc4c335770: ;   {other}
  0x000001bc4c335770: 0f1f 8400 | 602e 004d | ba66 ffff | ff48 8b6c | 2420 4c8b | 5c24 284c | 895c 2420 | 448b 5c24 
  0x000001bc4c335790: 3044 895c | 2428 4c8b | 5c24 584c | 895c 2430 | 4c8b 5c24 | 604c 895c | 2438 4c8b | 5c24 684c 
  0x000001bc4c3357b0: 895c 2440 | 4c8b 5c24 | 704c 895c | 2460 448b | 4424 7844 | 8944 242c | 4489 4c24 | 7044 8954 
  0x000001bc4c3357d0: ;   {runtime_call UncommonTrapBlob}
  0x000001bc4c3357d0: 2478 90e8 

  0x000001bc4c3357d4: ; ImmutableOopMap {rbp=Oop [32]=Oop [48]=Oop [56]=Oop [64]=Oop [80]=Oop [96]=Oop [112]=NarrowOop [120]=NarrowOop [144]=Oop }
                      ;*invokestatic linkToSpecial {reexecute=0 rethrow=0 return_oop=0}
                      ; - java.lang.invoke.LambdaForm$DMH/0x000001bc6101d000::invokeSpecial@11
                      ; - java.lang.invoke.LambdaForm$MH/0x000001bc6140e400::invoke@23
                      ; - java.lang.invoke.LambdaForm$MH/0x000001bc6140fc00::guard@34
                      ; - java.lang.invoke.DelegatingMethodHandle$Holder::delegate@14
                      ; - java.lang.invoke.LambdaForm$MH/0x000001bc6140fc00::guard@94
                      ; - java.lang.invoke.LambdaForm$MH/0x000001bc61410400::linkToTargetMethod@6
                      ; - toughasnails.temperature.AreaFill$FillPos::equals@2 (line 135)
                      ; - java.util.HashMap::putVal@91 (line 641)
                      ; - java.util.HashMap::put@9 (line 618)
                      ; - java.util.HashSet::add@8 (line 229)
                      ; - toughasnails.temperature.AreaFill::fill@108 (line 49)
  0x000001bc4c3357d4: 28ee 05fd 

  0x000001bc4c3357d8: ;   {other}
  0x000001bc4c3357d8: 0f1f 8400 | c82e 004e | ba66 ffff | ff48 8b6c | 2420 4c8b | 5c24 284c | 895c 2420 | 448b 5c24 
  0x000001bc4c3357f8: 3044 895c | 2428 4c8b | 5c24 584c | 895c 2430 | 4c8b 5c24 | 604c 895c | 2438 4c8b | d94c 895c 
  0x000001bc4c335818: 2448 4489 | 4424 2c4c | 895c 2450 | 4c89 5424 | 5844 894c 

  0x000001bc4c33582c: ;   {runtime_call UncommonTrapBlob}
  0x000001bc4c33582c: 2464 90e8 

  0x000001bc4c335830: ; ImmutableOopMap {rbp=Oop [32]=Oop [48]=Oop [56]=Oop [72]=Oop [80]=Oop [88]=Oop [100]=NarrowOop }
                      ;*invokestatic linkToSpecial {reexecute=0 rethrow=0 return_oop=0}
                      ; - java.lang.invoke.LambdaForm$DMH/0x000001bc6101d000::invokeSpecial@11
                      ; - java.lang.invoke.LambdaForm$MH/0x000001bc6140e400::invoke@23
                      ; - java.lang.invoke.LambdaForm$MH/0x000001bc6140fc00::guard@34
                      ; - java.lang.invoke.DelegatingMethodHandle$Holder::delegate@14
                      ; - java.lang.invoke.LambdaForm$MH/0x000001bc6140fc00::guard@94
                      ; - java.lang.invoke.LambdaForm$MH/0x000001bc61410400::linkToTargetMethod@6
                      ; - toughasnails.temperature.AreaFill$FillPos::equals@2 (line 135)
                      ; - java.util.HashMap::getNode@128 (line 585)
                      ; - java.util.HashMap::containsKey@2 (line 602)
                      ; - java.util.HashSet::contains@5 (line 213)
                      ; - toughasnails.temperature.AreaFill::fill@60 (line 40)
  0x000001bc4c335830: cced 05fd 

  0x000001bc4c335834: ;   {other}
  0x000001bc4c335834: 0f1f 8400 | 242f 004f | ba66 ffff | ff48 8b6c | 2420 4c8b | 4c24 284c | 894c 2420 | 8b4c 2430 
  0x000001bc4c335854: 894c 2428 | 4c8b 4c24 | 584c 894c | 2430 4c8b | 4c24 604c | 894c 2438 | 4889 5c24 | 4848 895c 
  0x000001bc4c335874: 2450 4c89 | 5c24 5844 | 8954 242c | 4489 4424 

  0x000001bc4c335884: ;   {runtime_call UncommonTrapBlob}
  0x000001bc4c335884: 6466 90e8 

  0x000001bc4c335888: ; ImmutableOopMap {rbp=Oop [32]=Oop [48]=Oop [56]=Oop [72]=Oop [80]=Oop [88]=Oop [100]=NarrowOop }
                      ;*invokestatic linkToSpecial {reexecute=0 rethrow=0 return_oop=0}
                      ; - java.lang.invoke.LambdaForm$DMH/0x000001bc6101d000::invokeSpecial@11
                      ; - java.lang.invoke.LambdaForm$MH/0x000001bc6140e400::invoke@23
                      ; - java.lang.invoke.LambdaForm$MH/0x000001bc6140fc00::guard@34
                      ; - java.lang.invoke.DelegatingMethodHandle$Holder::delegate@14
                      ; - java.lang.invoke.LambdaForm$MH/0x000001bc6140fc00::guard@94
                      ; - java.lang.invoke.LambdaForm$MH/0x000001bc61410400::linkToTargetMethod@6
                      ; - toughasnails.temperature.AreaFill$FillPos::equals@2 (line 135)
                      ; - java.util.HashMap::getNode@128 (line 585)
                      ; - java.util.HashMap::containsKey@2 (line 602)
                      ; - java.util.HashSet::contains@5 (line 213)
                      ; - toughasnails.temperature.AreaFill::fill@60 (line 40)
  0x000001bc4c335888: 74ed 05fd 

  0x000001bc4c33588c: ;   {other}
  0x000001bc4c33588c: 0f1f 8400 | 7c2f 0050 | ba66 ffff | ff48 8b6c | 2420 4c8b | 4424 284c | 8944 2420 | 8b4c 2430 
  0x000001bc4c3358ac: 894c 2428 | 4c8b 4424 | 584c 8944 | 2430 4c8b | 4424 604c | 8944 2438 | 4c8b 4424 | 684c 8944 
  0x000001bc4c3358cc: 2448 4c89 | 4424 5044 | 894c 242c | 4489 5424 | 5844 895c 

  0x000001bc4c3358e0: ;   {runtime_call UncommonTrapBlob}
  0x000001bc4c3358e0: 2460 90e8 

  0x000001bc4c3358e4: ; ImmutableOopMap {rbp=Oop [32]=Oop [44]=NarrowOop [48]=Oop [56]=Oop [72]=Oop [80]=Oop [96]=NarrowOop }
                      ;*invokestatic linkToSpecial {reexecute=0 rethrow=0 return_oop=0}
                      ; - java.lang.invoke.LambdaForm$DMH/0x000001bc6101d000::invokeSpecial@11
                      ; - java.lang.invoke.LambdaForm$MH/0x000001bc6140e400::invoke@23
                      ; - java.lang.invoke.LambdaForm$MH/0x000001bc6140fc00::guard@34
                      ; - java.lang.invoke.DelegatingMethodHandle$Holder::delegate@14
                      ; - java.lang.invoke.LambdaForm$MH/0x000001bc6140fc00::guard@94
                      ; - java.lang.invoke.LambdaForm$MH/0x000001bc61410400::linkToTargetMethod@6
                      ; - toughasnails.temperature.AreaFill$FillPos::equals@2 (line 135)
                      ; - java.util.HashMap::getNode@63 (line 578)
                      ; - java.util.HashMap::containsKey@2 (line 602)
                      ; - java.util.HashSet::contains@5 (line 213)
                      ; - toughasnails.temperature.AreaFill::fill@60 (line 40)
  0x000001bc4c3358e4: 18ed 05fd 

  0x000001bc4c3358e8: ;   {other}
  0x000001bc4c3358e8: 0f1f 8400 | d82f 0051 | baf4 ffff | ff48 8b6c | 2420 4c8b | 5424 284c | 8954 2420 | 448b 5424 
  0x000001bc4c335908: 3044 8954 

  0x000001bc4c33590c: ;   {runtime_call UncommonTrapBlob}
  0x000001bc4c33590c: 2428 90e8 

  0x000001bc4c335910: ; ImmutableOopMap {rbp=Oop [32]=Oop [88]=Oop [96]=Oop }
                      ;*checkcast {reexecute=0 rethrow=0 return_oop=0}
                      ; - toughasnails.temperature.AreaFill::fill@51 (line 37)
  0x000001bc4c335910: ecec 05fd 

  0x000001bc4c335914: ;   {other}
  0x000001bc4c335914: 0f1f 8400 | 0430 0052 | baf6 ffff | ff49 8beb 

  0x000001bc4c335924: ;   {runtime_call UncommonTrapBlob}
  0x000001bc4c335924: 6666 90e8 

  0x000001bc4c335928: ; ImmutableOopMap {rbp=Oop }
                      ;*invokevirtual containsKey {reexecute=0 rethrow=0 return_oop=0}
                      ; - java.util.HashSet::contains@5 (line 213)
                      ; - toughasnails.temperature.AreaFill::fill@60 (line 40)
  0x000001bc4c335928: d4ec 05fd 

  0x000001bc4c33592c: ;   {other}
  0x000001bc4c33592c: 0f1f 8400 | 1c30 0053 | ba5c ffff | ff48 8b6c | 2420 4c8b | 5424 284c | 8954 2420 | 448b 5c24 
  0x000001bc4c33594c: 3044 895c | 2428 4c8b | 5424 584c | 8954 2430 | 4c8b 5424 | 684c 8954 | 2448 894c | 242c 4489 
  0x000001bc4c33596c: 4424 504c | 8954 2458 | 4489 4c24 

  0x000001bc4c335978: ;   {runtime_call UncommonTrapBlob}
  0x000001bc4c335978: 5466 90e8 

  0x000001bc4c33597c: ; ImmutableOopMap {rbp=Oop [32]=Oop [44]=NarrowOop [48]=Oop [72]=Oop [84]=NarrowOop [88]=Oop [96]=Oop }
                      ;*invokestatic linkToSpecial {reexecute=0 rethrow=0 return_oop=0}
                      ; - java.lang.invoke.LambdaForm$DMH/0x000001bc6101d000::invokeSpecial@11
                      ; - java.lang.invoke.LambdaForm$MH/0x000001bc6140e400::invoke@23
                      ; - java.lang.invoke.LambdaForm$MH/0x000001bc6140fc00::guard@34
                      ; - java.lang.invoke.DelegatingMethodHandle$Holder::delegate@14
                      ; - java.lang.invoke.LambdaForm$MH/0x000001bc6140fc00::guard@94
                      ; - java.lang.invoke.LambdaForm$MH/0x000001bc61410400::linkToTargetMethod@6
                      ; - toughasnails.temperature.AreaFill$FillPos::equals@2 (line 135)
                      ; - java.util.HashMap::getNode@63 (line 578)
                      ; - java.util.HashMap::containsKey@2 (line 602)
                      ; - java.util.HashSet::contains@5 (line 213)
                      ; - toughasnails.temperature.AreaFill::fill@60 (line 40)
  0x000001bc4c33597c: 80ec 05fd 

  0x000001bc4c335980: ;   {other}
  0x000001bc4c335980: 0f1f 8400 | 7030 0054 | baf6 ffff 

  0x000001bc4c33598c: ;   {runtime_call UncommonTrapBlob}
  0x000001bc4c33598c: ff66 90e8 

  0x000001bc4c335990: ; ImmutableOopMap {[80]=Oop }
                      ;*invokevirtual put {reexecute=0 rethrow=0 return_oop=0}
                      ; - java.util.HashSet::add@8 (line 229)
                      ; - toughasnails.temperature.AreaFill::fill@108 (line 49)
  0x000001bc4c335990: 6cec 05fd 

  0x000001bc4c335994: ;   {other}
  0x000001bc4c335994: 0f1f 8400 | 8430 0055 | baf6 ffff 

  0x000001bc4c3359a0: ;   {runtime_call UncommonTrapBlob}
  0x000001bc4c3359a0: ff66 90e8 

  0x000001bc4c3359a4: ; ImmutableOopMap {}
                      ;*invokevirtual depth {reexecute=0 rethrow=0 return_oop=0}
                      ; - toughasnails.temperature.AreaFill::fill@87 (line 47)
  0x000001bc4c3359a4: 58ec 05fd 

  0x000001bc4c3359a8: ;   {other}
  0x000001bc4c3359a8: 0f1f 8400 | 9830 0056 | ba5c ffff | ff48 8b6c | 2420 4c8b | 5c24 284c | 895c 2420 | 448b 5c24 
  0x000001bc4c3359c8: 3044 895c | 2428 4c8b | 5c24 584c | 895c 2430 | 4c8b 5c24 | 604c 895c | 2438 4c8b | 5c24 684c 
  0x000001bc4c3359e8: 895c 2448 | 894c 242c | 4489 4424 | 504c 895c | 2458 4c89 | 4c24 6044 | 8954 2454 

  0x000001bc4c335a04: ;   {runtime_call UncommonTrapBlob}
  0x000001bc4c335a04: 6666 90e8 

  0x000001bc4c335a08: ; ImmutableOopMap {rbp=Oop [32]=Oop [44]=NarrowOop [48]=Oop [56]=Oop [72]=Oop [84]=NarrowOop [88]=Oop [96]=Oop }
                      ;*instanceof {reexecute=0 rethrow=0 return_oop=0}
                      ; - net.minecraft.class_2382::equals@8 (line 59)
                      ; - java.util.Objects::equals@11 (line 64)
                      ; - java.lang.invoke.DirectMethodHandle$Holder::invokeStatic@11
                      ; - java.lang.invoke.LambdaForm$MH/0x000001bc6140e800::invoke@44
                      ; - java.lang.invoke.LambdaForm$MH/0x000001bc6140fc00::guard@34
                      ; - java.lang.invoke.DelegatingMethodHandle$Holder::delegate@14
                      ; - java.lang.invoke.LambdaForm$MH/0x000001bc6140fc00::guard@74
                      ; - java.lang.invoke.DelegatingMethodHandle$Holder::delegate@14
                      ; - java.lang.invoke.LambdaForm$MH/0x000001bc61410000::invoke@93
                      ; - java.lang.invoke.DelegatingMethodHandle$Holder::delegate@14
                      ; - java.lang.invoke.LambdaForm$MH/0x000001bc6140fc00::guard@74
                      ; - java.lang.invoke.DelegatingMethodHandle$Holder::delegate@14
                      ; - java.lang.invoke.LambdaForm$MH/0x000001bc6140fc00::guard@94
                      ; - java.lang.invoke.LambdaForm$MH/0x000001bc61410400::linkToTargetMethod@6
                      ; - toughasnails.temperature.AreaFill$FillPos::equals@2 (line 135)
                      ; - java.util.HashMap::getNode@63 (line 578)
                      ; - java.util.HashMap::containsKey@2 (line 602)
                      ; - java.util.HashSet::contains@5 (line 213)
                      ; - toughasnails.temperature.AreaFill::fill@60 (line 40)
  0x000001bc4c335a08: f4eb 05fd 

  0x000001bc4c335a0c: ;   {other}
  0x000001bc4c335a0c: 0f1f 8400 | fc30 0057 | baf6 ffff 

  0x000001bc4c335a18: ;   {runtime_call UncommonTrapBlob}
  0x000001bc4c335a18: ff66 90e8 

  0x000001bc4c335a1c: ; ImmutableOopMap {}
                      ;*invokevirtual depth {reexecute=0 rethrow=0 return_oop=0}
                      ; - toughasnails.temperature.AreaFill::fill@185 (line 62)
  0x000001bc4c335a1c: e0eb 05fd 

  0x000001bc4c335a20: ;   {other}
  0x000001bc4c335a20: 0f1f 8400 | 1031 0058 | baf6 ffff 

  0x000001bc4c335a2c: ;   {runtime_call UncommonTrapBlob}
  0x000001bc4c335a2c: ff66 90e8 

  0x000001bc4c335a30: ; ImmutableOopMap {}
                      ;*invokevirtual depth {reexecute=0 rethrow=0 return_oop=0}
                      ; - toughasnails.temperature.AreaFill::fill@185 (line 62)
  0x000001bc4c335a30: cceb 05fd 

  0x000001bc4c335a34: ;   {other}
  0x000001bc4c335a34: 0f1f 8400 | 2431 0059 | ba5c ffff | ff48 8b6c | 2420 4c8b | 5c24 284c | 895c 2420 | 8b4c 2430 
  0x000001bc4c335a54: 894c 2428 | 4c8b 5c24 | 584c 895c | 2430 4c8b | 5c24 604c | 895c 2438 | 4c8b 5c24 | 684c 895c 
  0x000001bc4c335a74: 2448 4489 | 4424 2c4c | 895c 2450 | 4c89 5424 | 5844 894c 

  0x000001bc4c335a88: ;   {runtime_call UncommonTrapBlob}
  0x000001bc4c335a88: 2460 90e8 

  0x000001bc4c335a8c: ; ImmutableOopMap {rbp=Oop [32]=Oop [48]=Oop [56]=Oop [72]=Oop [80]=Oop [88]=Oop [96]=NarrowOop }
                      ;*invokestatic linkToSpecial {reexecute=0 rethrow=0 return_oop=0}
                      ; - java.lang.invoke.LambdaForm$DMH/0x000001bc6101d000::invokeSpecial@11
                      ; - java.lang.invoke.LambdaForm$MH/0x000001bc6140e400::invoke@23
                      ; - java.lang.invoke.LambdaForm$MH/0x000001bc6140fc00::guard@34
                      ; - java.lang.invoke.DelegatingMethodHandle$Holder::delegate@14
                      ; - java.lang.invoke.LambdaForm$MH/0x000001bc6140fc00::guard@94
                      ; - java.lang.invoke.LambdaForm$MH/0x000001bc61410400::linkToTargetMethod@6
                      ; - toughasnails.temperature.AreaFill$FillPos::equals@2 (line 135)
                      ; - java.util.HashMap::getNode@128 (line 585)
                      ; - java.util.HashMap::containsKey@2 (line 602)
                      ; - java.util.HashSet::contains@5 (line 213)
                      ; - toughasnails.temperature.AreaFill::fill@60 (line 40)
  0x000001bc4c335a8c: 70eb 05fd 

  0x000001bc4c335a90: ;   {other}
  0x000001bc4c335a90: 0f1f 8400 | 8031 005a | ba5c ffff | ff4c 8b4c | 2458 4c89 | 4c24 384c | 8b4c 2460 | 4c89 4c24 
  0x000001bc4c335ab0: 404c 8b4c | 2468 4c89 | 4c24 5044 | 8944 2434 | 4c89 4c24 | 584c 8954 | 2460 4c89 

  0x000001bc4c335acc: ;   {runtime_call UncommonTrapBlob}
  0x000001bc4c335acc: 5c24 68e8 

  0x000001bc4c335ad0: ; ImmutableOopMap {rbp=NarrowOop [32]=Oop [40]=Oop [56]=Oop [64]=Oop [80]=Oop [88]=Oop [96]=Oop [104]=Oop }
                      ;*instanceof {reexecute=0 rethrow=0 return_oop=0}
                      ; - net.minecraft.class_2382::equals@8 (line 59)
                      ; - java.util.Objects::equals@11 (line 64)
                      ; - java.lang.invoke.DirectMethodHandle$Holder::invokeStatic@11
                      ; - java.lang.invoke.LambdaForm$MH/0x000001bc6140e800::invoke@44
                      ; - java.lang.invoke.LambdaForm$MH/0x000001bc6140fc00::guard@34
                      ; - java.lang.invoke.DelegatingMethodHandle$Holder::delegate@14
                      ; - java.lang.invoke.LambdaForm$MH/0x000001bc6140fc00::guard@74
                      ; - java.lang.invoke.DelegatingMethodHandle$Holder::delegate@14
                      ; - java.lang.invoke.LambdaForm$MH/0x000001bc61410000::invoke@93
                      ; - java.lang.invoke.DelegatingMethodHandle$Holder::delegate@14
                      ; - java.lang.invoke.LambdaForm$MH/0x000001bc6140fc00::guard@74
                      ; - java.lang.invoke.DelegatingMethodHandle$Holder::delegate@14
                      ; - java.lang.invoke.LambdaForm$MH/0x000001bc6140fc00::guard@94
                      ; - java.lang.invoke.LambdaForm$MH/0x000001bc61410400::linkToTargetMethod@6
                      ; - toughasnails.temperature.AreaFill$FillPos::equals@2 (line 135)
                      ; - java.util.HashMap::getNode@128 (line 585)
                      ; - java.util.HashMap::containsKey@2 (line 602)
                      ; - java.util.HashSet::contains@5 (line 213)
                      ; - toughasnails.temperature.AreaFill::fill@60 (line 40)
  0x000001bc4c335ad0: 2ceb 05fd 

  0x000001bc4c335ad4: ;   {other}
  0x000001bc4c335ad4: 0f1f 8400 | c431 005b | ba5c ffff | ff48 8b6c | 2420 4c8b | 4424 284c | 8944 2420 | 448b 4424 
  0x000001bc4c335af4: 3044 8944 | 2428 4c8b | 4424 584c | 8944 2430 | 4c8b 4424 | 684c 8944 | 2448 4c89 | 4424 5044 
  0x000001bc4c335b14: 894c 242c | 4489 5424 | 5844 895c 

  0x000001bc4c335b20: ;   {runtime_call UncommonTrapBlob}
  0x000001bc4c335b20: 245c 90e8 

  0x000001bc4c335b24: ; ImmutableOopMap {rbp=Oop [32]=Oop [44]=NarrowOop [48]=Oop [72]=Oop [80]=Oop [92]=NarrowOop [96]=Oop }
                      ;*invokestatic linkToSpecial {reexecute=0 rethrow=0 return_oop=0}
                      ; - java.lang.invoke.LambdaForm$DMH/0x000001bc6101d000::invokeSpecial@11
                      ; - java.lang.invoke.LambdaForm$MH/0x000001bc6140e400::invoke@23
                      ; - java.lang.invoke.LambdaForm$MH/0x000001bc6140fc00::guard@34
                      ; - java.lang.invoke.DelegatingMethodHandle$Holder::delegate@14
                      ; - java.lang.invoke.LambdaForm$MH/0x000001bc6140fc00::guard@94
                      ; - java.lang.invoke.LambdaForm$MH/0x000001bc61410400::linkToTargetMethod@6
                      ; - toughasnails.temperature.AreaFill$FillPos::equals@2 (line 135)
                      ; - java.util.HashMap::getNode@63 (line 578)
                      ; - java.util.HashMap::containsKey@2 (line 602)
                      ; - java.util.HashSet::contains@5 (line 213)
                      ; - toughasnails.temperature.AreaFill::fill@60 (line 40)
  0x000001bc4c335b24: d8ea 05fd 

  0x000001bc4c335b28: ;   {other}
  0x000001bc4c335b28: 0f1f 8400 | 1832 005c | ba5c ffff | ff4c 8b44 | 2458 4c89 | 4424 384c | 8b44 2460 | 4c89 4424 
  0x000001bc4c335b48: 404c 8b44 | 2468 4c89 | 4424 504c | 8944 2458 | 4489 4c24 | 3444 8954 | 2460 4c89 

  0x000001bc4c335b64: ;   {runtime_call UncommonTrapBlob}
  0x000001bc4c335b64: 5c24 68e8 

  0x000001bc4c335b68: ; ImmutableOopMap {rbp=NarrowOop [32]=Oop [40]=Oop [52]=NarrowOop [56]=Oop [64]=Oop [80]=Oop [88]=Oop [104]=Oop }
                      ;*instanceof {reexecute=0 rethrow=0 return_oop=0}
                      ; - net.minecraft.class_2382::equals@8 (line 59)
                      ; - java.util.Objects::equals@11 (line 64)
                      ; - java.lang.invoke.DirectMethodHandle$Holder::invokeStatic@11
                      ; - java.lang.invoke.LambdaForm$MH/0x000001bc6140e800::invoke@44
                      ; - java.lang.invoke.LambdaForm$MH/0x000001bc6140fc00::guard@34
                      ; - java.lang.invoke.DelegatingMethodHandle$Holder::delegate@14
                      ; - java.lang.invoke.LambdaForm$MH/0x000001bc6140fc00::guard@74
                      ; - java.lang.invoke.DelegatingMethodHandle$Holder::delegate@14
                      ; - java.lang.invoke.LambdaForm$MH/0x000001bc61410000::invoke@93
                      ; - java.lang.invoke.DelegatingMethodHandle$Holder::delegate@14
                      ; - java.lang.invoke.LambdaForm$MH/0x000001bc6140fc00::guard@74
                      ; - java.lang.invoke.DelegatingMethodHandle$Holder::delegate@14
                      ; - java.lang.invoke.LambdaForm$MH/0x000001bc6140fc00::guard@94
                      ; - java.lang.invoke.LambdaForm$MH/0x000001bc61410400::linkToTargetMethod@6
                      ; - toughasnails.temperature.AreaFill$FillPos::equals@2 (line 135)
                      ; - java.util.HashMap::getNode@63 (line 578)
                      ; - java.util.HashMap::containsKey@2 (line 602)
                      ; - java.util.HashSet::contains@5 (line 213)
                      ; - toughasnails.temperature.AreaFill::fill@60 (line 40)
  0x000001bc4c335b68: 94ea 05fd 

  0x000001bc4c335b6c: ;   {other}
  0x000001bc4c335b6c: 0f1f 8400 | 5c32 005d | baf6 ffff 

  0x000001bc4c335b78: ;   {runtime_call UncommonTrapBlob}
  0x000001bc4c335b78: ff66 90e8 

  0x000001bc4c335b7c: ; ImmutableOopMap {}
                      ;*arraylength {reexecute=0 rethrow=0 return_oop=0}
                      ; - java.util.HashMap::putVal@26 (line 635)
                      ; - java.util.HashMap::put@9 (line 618)
                      ; - java.util.HashSet::add@8 (line 229)
                      ; - toughasnails.temperature.AreaFill::fill@108 (line 49)
  0x000001bc4c335b7c: 80ea 05fd 

  0x000001bc4c335b80: ;   {other}
  0x000001bc4c335b80: 0f1f 8400 | 7032 005e | ba5c ffff | ff48 8b6c | 2420 4c8b | 4c24 284c | 894c 2420 | 448b 4c24 
  0x000001bc4c335ba0: 3044 894c | 2428 4c8b | 4c24 584c | 894c 2430 | 4c8b 4c24 | 604c 894c | 2438 4889 | 5c24 4848 
  0x000001bc4c335bc0: 895c 2450 | 4c89 5c24 | 5844 8954 | 242c 4489 

  0x000001bc4c335bd0: ;   {runtime_call UncommonTrapBlob}
  0x000001bc4c335bd0: 4424 60e8 

  0x000001bc4c335bd4: ; ImmutableOopMap {rbp=Oop [32]=Oop [48]=Oop [56]=Oop [72]=Oop [80]=Oop [88]=Oop [96]=NarrowOop }
                      ;*invokestatic linkToSpecial {reexecute=0 rethrow=0 return_oop=0}
                      ; - java.lang.invoke.LambdaForm$DMH/0x000001bc6101d000::invokeSpecial@11
                      ; - java.lang.invoke.LambdaForm$MH/0x000001bc6140e400::invoke@23
                      ; - java.lang.invoke.LambdaForm$MH/0x000001bc6140fc00::guard@34
                      ; - java.lang.invoke.DelegatingMethodHandle$Holder::delegate@14
                      ; - java.lang.invoke.LambdaForm$MH/0x000001bc6140fc00::guard@94
                      ; - java.lang.invoke.LambdaForm$MH/0x000001bc61410400::linkToTargetMethod@6
                      ; - toughasnails.temperature.AreaFill$FillPos::equals@2 (line 135)
                      ; - java.util.HashMap::getNode@128 (line 585)
                      ; - java.util.HashMap::containsKey@2 (line 602)
                      ; - java.util.HashSet::contains@5 (line 213)
                      ; - toughasnails.temperature.AreaFill::fill@60 (line 40)
  0x000001bc4c335bd4: 28ea 05fd 

  0x000001bc4c335bd8: ;   {other}
  0x000001bc4c335bd8: 0f1f 8400 | c832 005f | ba5c ffff | ff48 8b6c | 2420 4c8b | 5c24 284c | 895c 2420 | 448b 4424 
  0x000001bc4c335bf8: 3044 8944 | 2428 4c8b | 5c24 584c | 895c 2430 | 4c8b 5c24 | 604c 895c | 2438 4c8b | 5c24 684c 
  0x000001bc4c335c18: 895c 2440 | 4c8b 5c24 | 704c 895c | 2460 4489 | 4c24 7044 | 8954 2474 

  0x000001bc4c335c30: ;   {runtime_call UncommonTrapBlob}
  0x000001bc4c335c30: 6666 90e8 

  0x000001bc4c335c34: ; ImmutableOopMap {rbp=Oop [32]=Oop [48]=Oop [56]=Oop [64]=Oop [80]=Oop [96]=Oop [112]=NarrowOop [116]=NarrowOop [144]=Oop }
                      ;*invokestatic linkToSpecial {reexecute=0 rethrow=0 return_oop=0}
                      ; - java.lang.invoke.LambdaForm$DMH/0x000001bc6101d000::invokeSpecial@11
                      ; - java.lang.invoke.LambdaForm$MH/0x000001bc6140e400::invoke@23
                      ; - java.lang.invoke.LambdaForm$MH/0x000001bc6140fc00::guard@34
                      ; - java.lang.invoke.DelegatingMethodHandle$Holder::delegate@14
                      ; - java.lang.invoke.LambdaForm$MH/0x000001bc6140fc00::guard@94
                      ; - java.lang.invoke.LambdaForm$MH/0x000001bc61410400::linkToTargetMethod@6
                      ; - toughasnails.temperature.AreaFill$FillPos::equals@2 (line 135)
                      ; - java.util.HashMap::putVal@91 (line 641)
                      ; - java.util.HashMap::put@9 (line 618)
                      ; - java.util.HashSet::add@8 (line 229)
                      ; - toughasnails.temperature.AreaFill::fill@108 (line 49)
  0x000001bc4c335c34: c8e9 05fd 

  0x000001bc4c335c38: ;   {other}
  0x000001bc4c335c38: 0f1f 8400 | 2833 0060 | ba5c ffff | ff4c 8b4c | 2458 4c89 | 4c24 384c | 8b4c 2460 | 4c89 4c24 
  0x000001bc4c335c58: 404c 8b4c | 2468 4c89 | 4c24 504c | 894c 2458 | 4c89 5c24 | 6044 8954 | 2434 4c89 

  0x000001bc4c335c74: ;   {runtime_call UncommonTrapBlob}
  0x000001bc4c335c74: 4424 68e8 

  0x000001bc4c335c78: ; ImmutableOopMap {rbp=NarrowOop [32]=Oop [40]=Oop [56]=Oop [64]=Oop [80]=Oop [88]=Oop [96]=Oop [104]=Oop }
                      ;*instanceof {reexecute=0 rethrow=0 return_oop=0}
                      ; - net.minecraft.class_2382::equals@8 (line 59)
                      ; - java.util.Objects::equals@11 (line 64)
                      ; - java.lang.invoke.DirectMethodHandle$Holder::invokeStatic@11
                      ; - java.lang.invoke.LambdaForm$MH/0x000001bc6140e800::invoke@44
                      ; - java.lang.invoke.LambdaForm$MH/0x000001bc6140fc00::guard@34
                      ; - java.lang.invoke.DelegatingMethodHandle$Holder::delegate@14
                      ; - java.lang.invoke.LambdaForm$MH/0x000001bc6140fc00::guard@74
                      ; - java.lang.invoke.DelegatingMethodHandle$Holder::delegate@14
                      ; - java.lang.invoke.LambdaForm$MH/0x000001bc61410000::invoke@93
                      ; - java.lang.invoke.DelegatingMethodHandle$Holder::delegate@14
                      ; - java.lang.invoke.LambdaForm$MH/0x000001bc6140fc00::guard@74
                      ; - java.lang.invoke.DelegatingMethodHandle$Holder::delegate@14
                      ; - java.lang.invoke.LambdaForm$MH/0x000001bc6140fc00::guard@94
                      ; - java.lang.invoke.LambdaForm$MH/0x000001bc61410400::linkToTargetMethod@6
                      ; - toughasnails.temperature.AreaFill$FillPos::equals@2 (line 135)
                      ; - java.util.HashMap::getNode@128 (line 585)
                      ; - java.util.HashMap::containsKey@2 (line 602)
                      ; - java.util.HashSet::contains@5 (line 213)
                      ; - toughasnails.temperature.AreaFill::fill@60 (line 40)
  0x000001bc4c335c78: 84e9 05fd 

  0x000001bc4c335c7c: ;   {other}
  0x000001bc4c335c7c: 0f1f 8400 | 6c33 0061 | ba5c ffff | ff4c 8b5c | 2458 4c89 | 5c24 384c | 8b5c 2460 | 4c89 5c24 
  0x000001bc4c335c9c: 404c 8b5c | 2468 4c89 | 5c24 484c | 8b5c 2470 | 4c89 5c24 | 6844 8b5c | 2478 4489 | 5c24 3444 
  0x000001bc4c335cbc: 894c 2478 | 4c89 9424 | 8000 0000 

  0x000001bc4c335cc8: ;   {runtime_call UncommonTrapBlob}
  0x000001bc4c335cc8: 6666 90e8 

  0x000001bc4c335ccc: ; ImmutableOopMap {rbp=NarrowOop [32]=Oop [40]=Oop [56]=Oop [64]=Oop [72]=Oop [80]=Oop [104]=Oop [120]=NarrowOop [128]=Oop [144]=Oop }
                      ;*instanceof {reexecute=0 rethrow=0 return_oop=0}
                      ; - net.minecraft.class_2382::equals@8 (line 59)
                      ; - java.util.Objects::equals@11 (line 64)
                      ; - java.lang.invoke.DirectMethodHandle$Holder::invokeStatic@11
                      ; - java.lang.invoke.LambdaForm$MH/0x000001bc6140e800::invoke@44
                      ; - java.lang.invoke.LambdaForm$MH/0x000001bc6140fc00::guard@34
                      ; - java.lang.invoke.DelegatingMethodHandle$Holder::delegate@14
                      ; - java.lang.invoke.LambdaForm$MH/0x000001bc6140fc00::guard@74
                      ; - java.lang.invoke.DelegatingMethodHandle$Holder::delegate@14
                      ; - java.lang.invoke.LambdaForm$MH/0x000001bc61410000::invoke@93
                      ; - java.lang.invoke.DelegatingMethodHandle$Holder::delegate@14
                      ; - java.lang.invoke.LambdaForm$MH/0x000001bc6140fc00::guard@74
                      ; - java.lang.invoke.DelegatingMethodHandle$Holder::delegate@14
                      ; - java.lang.invoke.LambdaForm$MH/0x000001bc6140fc00::guard@94
                      ; - java.lang.invoke.LambdaForm$MH/0x000001bc61410400::linkToTargetMethod@6
                      ; - toughasnails.temperature.AreaFill$FillPos::equals@2 (line 135)
                      ; - java.util.HashMap::putVal@91 (line 641)
                      ; - java.util.HashMap::put@9 (line 618)
                      ; - java.util.HashSet::add@8 (line 229)
                      ; - toughasnails.temperature.AreaFill::fill@108 (line 49)
  0x000001bc4c335ccc: 30e9 05fd 

  0x000001bc4c335cd0: ;   {other}
  0x000001bc4c335cd0: 0f1f 8400 | c033 0062 | ba5c ffff | ff48 8b6c | 2420 4c8b | 5c24 284c | 895c 2420 | 448b 5c24 
  0x000001bc4c335cf0: 3044 895c | 2428 4c8b | 5c24 584c | 895c 2430 | 4c8b 5c24 | 604c 895c | 2438 4c8b | 5c24 684c 
  0x000001bc4c335d10: 895c 2440 | 4c8b 5c24 | 704c 895c | 2460 448b | 5c24 7844 | 895c 242c | 4889 5c24 | 7044 8944 
  0x000001bc4c335d30: 2478 4489 

  0x000001bc4c335d34: ;   {runtime_call UncommonTrapBlob}
  0x000001bc4c335d34: 5424 7ce8 

  0x000001bc4c335d38: ; ImmutableOopMap {rbp=Oop [32]=Oop [48]=Oop [56]=Oop [64]=Oop [80]=Oop [96]=Oop [112]=Oop [124]=NarrowOop [144]=Oop }
                      ;*invokestatic linkToSpecial {reexecute=0 rethrow=0 return_oop=0}
                      ; - java.lang.invoke.LambdaForm$DMH/0x000001bc6101d000::invokeSpecial@11
                      ; - java.lang.invoke.LambdaForm$MH/0x000001bc6140e400::invoke@23
                      ; - java.lang.invoke.LambdaForm$MH/0x000001bc6140fc00::guard@34
                      ; - java.lang.invoke.DelegatingMethodHandle$Holder::delegate@14
                      ; - java.lang.invoke.LambdaForm$MH/0x000001bc6140fc00::guard@94
                      ; - java.lang.invoke.LambdaForm$MH/0x000001bc61410400::linkToTargetMethod@6
                      ; - toughasnails.temperature.AreaFill$FillPos::equals@2 (line 135)
                      ; - java.util.HashMap::putVal@203 (line 654)
                      ; - java.util.HashMap::put@9 (line 618)
                      ; - java.util.HashSet::add@8 (line 229)
                      ; - toughasnails.temperature.AreaFill::fill@108 (line 49)
  0x000001bc4c335d38: c4e8 05fd 

  0x000001bc4c335d3c: ;   {other}
  0x000001bc4c335d3c: 0f1f 8400 | 2c34 0063 | ba5c ffff | ff4c 8b54 | 2458 4c89 | 5424 384c | 8b54 2460 | 4c89 5424 
  0x000001bc4c335d5c: 404c 8b54 | 2468 4c89 | 5424 484c | 8b54 2470 | 4c89 5424 | 6844 8b5c | 2478 4489 | 5c24 3448 
  0x000001bc4c335d7c: 895c 2478 | 4489 8424 | 8000 0000 | 4c89 8c24 | 8800 0000 

  0x000001bc4c335d90: ;   {runtime_call UncommonTrapBlob}
  0x000001bc4c335d90: 6666 90e8 

  0x000001bc4c335d94: ; ImmutableOopMap {rbp=NarrowOop [32]=Oop [40]=Oop [56]=Oop [64]=Oop [72]=Oop [80]=Oop [104]=Oop [120]=Oop [136]=Oop [144]=Oop }
                      ;*instanceof {reexecute=0 rethrow=0 return_oop=0}
                      ; - net.minecraft.class_2382::equals@8 (line 59)
                      ; - java.util.Objects::equals@11 (line 64)
                      ; - java.lang.invoke.DirectMethodHandle$Holder::invokeStatic@11
                      ; - java.lang.invoke.LambdaForm$MH/0x000001bc6140e800::invoke@44
                      ; - java.lang.invoke.LambdaForm$MH/0x000001bc6140fc00::guard@34
                      ; - java.lang.invoke.DelegatingMethodHandle$Holder::delegate@14
                      ; - java.lang.invoke.LambdaForm$MH/0x000001bc6140fc00::guard@74
                      ; - java.lang.invoke.DelegatingMethodHandle$Holder::delegate@14
                      ; - java.lang.invoke.LambdaForm$MH/0x000001bc61410000::invoke@93
                      ; - java.lang.invoke.DelegatingMethodHandle$Holder::delegate@14
                      ; - java.lang.invoke.LambdaForm$MH/0x000001bc6140fc00::guard@74
                      ; - java.lang.invoke.DelegatingMethodHandle$Holder::delegate@14
                      ; - java.lang.invoke.LambdaForm$MH/0x000001bc6140fc00::guard@94
                      ; - java.lang.invoke.LambdaForm$MH/0x000001bc61410400::linkToTargetMethod@6
                      ; - toughasnails.temperature.AreaFill$FillPos::equals@2 (line 135)
                      ; - java.util.HashMap::putVal@203 (line 654)
                      ; - java.util.HashMap::put@9 (line 618)
                      ; - java.util.HashSet::add@8 (line 229)
                      ; - toughasnails.temperature.AreaFill::fill@108 (line 49)
  0x000001bc4c335d94: 68e8 05fd 

  0x000001bc4c335d98: ;   {other}
  0x000001bc4c335d98: 0f1f 8400 | 8834 0064 | 488b d0e9 | a300 0000 | 488b d0e9 | 9b00 0000 | 488b d0e9 | 9300 0000 
  0x000001bc4c335db8: 488b d0e9 | 8b00 0000 | 488b d0e9 | 8300 0000 | 488b d0eb | 7eeb 15eb | 18eb 16eb | 46eb 1248 
  0x000001bc4c335dd8: 8bd0 eb6f | eb0b eb09 | eb07 eb05 | 488b d0eb | 6248 8bd0 | eb5d 488b | d0eb 5848 | 8bd0 eb53 
  0x000001bc4c335df8: 488b d0eb | 4e48 8bd0 | eb49 488b | d0eb 4448 | 8bd0 eb3f | 488b d0eb | 3a48 8bd0 | eb35 488b 
  0x000001bc4c335e18: d0eb 3048 | 8bd0 eb2b | 488b d0eb | 2648 8bd0 | eb21 488b | d0eb 1c48 | 8bd0 eb17 | 488b d0eb 
  0x000001bc4c335e38: 1248 8bd0 | eb0d 488b | d0eb 0848 | 8bd0 eb03 | 488b d048 | 81c4 b000 

  0x000001bc4c335e50: ;   {runtime_call _rethrow_Java}
  0x000001bc4c335e50: 0000 5de9 | a895 12fd 

  0x000001bc4c335e58: ;   {internal_word}
  0x000001bc4c335e58: 49ba 0c35 | 334c bc01 | 0000 4d89 | 9760 0400 

  0x000001bc4c335e68: ;   {runtime_call SafepointBlob}
  0x000001bc4c335e68: 00e9 92f8 

  0x000001bc4c335e6c: ;   {runtime_call StubRoutines (final stubs)}
  0x000001bc4c335e6c: 05fd e8ed | ee03 fde9 | 66cf ffff 
[Stub Code]
  0x000001bc4c335e78: ;   {no_reloc}
  0x000001bc4c335e78: 48bb 0000 | 0000 0000 

  0x000001bc4c335e80: ;   {runtime_call}
  0x000001bc4c335e80: 0000 e9fb 

  0x000001bc4c335e84: ;   {static_stub}
  0x000001bc4c335e84: ffff ff48 | bb00 0000 | 0000 0000 

  0x000001bc4c335e90: ;   {runtime_call}
  0x000001bc4c335e90: 00e9 fbff 

  0x000001bc4c335e94: ;   {static_stub}
  0x000001bc4c335e94: ffff 48bb | 0000 0000 | 0000 0000 

  0x000001bc4c335ea0: ;   {runtime_call}
  0x000001bc4c335ea0: e9fb ffff 

  0x000001bc4c335ea4: ;   {static_stub}
  0x000001bc4c335ea4: ff48 bb00 | 0000 0000 

  0x000001bc4c335eac: ;   {runtime_call}
  0x000001bc4c335eac: 0000 00e9 | fbff ffff 

  0x000001bc4c335eb4: ;   {static_stub}
  0x000001bc4c335eb4: 48bb 0000 | 0000 0000 

  0x000001bc4c335ebc: ;   {runtime_call}
  0x000001bc4c335ebc: 0000 e9fb 

  0x000001bc4c335ec0: ;   {static_stub}
  0x000001bc4c335ec0: ffff ff48 | bb00 0000 | 0000 0000 

  0x000001bc4c335ecc: ;   {runtime_call}
  0x000001bc4c335ecc: 00e9 fbff 

  0x000001bc4c335ed0: ;   {static_stub}
  0x000001bc4c335ed0: ffff 48bb | 0000 0000 | 0000 0000 

  0x000001bc4c335edc: ;   {runtime_call}
  0x000001bc4c335edc: e9fb ffff 

  0x000001bc4c335ee0: ;   {static_stub}
  0x000001bc4c335ee0: ff48 bb00 | 0000 0000 

  0x000001bc4c335ee8: ;   {runtime_call}
  0x000001bc4c335ee8: 0000 00e9 | fbff ffff 

  0x000001bc4c335ef0: ;   {static_stub}
  0x000001bc4c335ef0: 48bb 0000 | 0000 0000 

  0x000001bc4c335ef8: ;   {runtime_call}
  0x000001bc4c335ef8: 0000 e9fb 

  0x000001bc4c335efc: ;   {static_stub}
  0x000001bc4c335efc: ffff ff48 | bb00 0000 | 0000 0000 

  0x000001bc4c335f08: ;   {runtime_call}
  0x000001bc4c335f08: 00e9 fbff 

  0x000001bc4c335f0c: ;   {static_stub}
  0x000001bc4c335f0c: ffff 48bb | 0000 0000 | 0000 0000 

  0x000001bc4c335f18: ;   {runtime_call}
  0x000001bc4c335f18: e9fb ffff 

  0x000001bc4c335f1c: ;   {static_stub}
  0x000001bc4c335f1c: ff48 bb00 | 0000 0000 

  0x000001bc4c335f24: ;   {runtime_call}
  0x000001bc4c335f24: 0000 00e9 | fbff ffff 

  0x000001bc4c335f2c: ;   {static_stub}
  0x000001bc4c335f2c: 48bb 0000 | 0000 0000 

  0x000001bc4c335f34: ;   {runtime_call}
  0x000001bc4c335f34: 0000 e9fb 

  0x000001bc4c335f38: ;   {static_stub}
  0x000001bc4c335f38: ffff ff48 | bb00 0000 | 0000 0000 

  0x000001bc4c335f44: ;   {runtime_call}
  0x000001bc4c335f44: 00e9 fbff 

  0x000001bc4c335f48: ;   {static_stub}
  0x000001bc4c335f48: ffff 48bb | 0000 0000 | 0000 0000 

  0x000001bc4c335f54: ;   {runtime_call}
  0x000001bc4c335f54: e9fb ffff 

  0x000001bc4c335f58: ;   {static_stub}
  0x000001bc4c335f58: ff48 bb00 | 0000 0000 

  0x000001bc4c335f60: ;   {runtime_call}
  0x000001bc4c335f60: 0000 00e9 | fbff ffff 

  0x000001bc4c335f68: ;   {static_stub}
  0x000001bc4c335f68: 48bb 0000 | 0000 0000 

  0x000001bc4c335f70: ;   {runtime_call}
  0x000001bc4c335f70: 0000 e9fb 

  0x000001bc4c335f74: ;   {static_stub}
  0x000001bc4c335f74: ffff ff48 | bb00 0000 | 0000 0000 

  0x000001bc4c335f80: ;   {runtime_call}
  0x000001bc4c335f80: 00e9 fbff 

  0x000001bc4c335f84: ;   {static_stub}
  0x000001bc4c335f84: ffff 48bb | 0000 0000 | 0000 0000 

  0x000001bc4c335f90: ;   {runtime_call}
  0x000001bc4c335f90: e9fb ffff 

  0x000001bc4c335f94: ;   {runtime_call ExceptionBlob}
  0x000001bc4c335f94: ffe9 e667 | 12fd e800 | 0000 0048 | 832c 2405 

  0x000001bc4c335fa4: ;   {runtime_call DeoptimizationBlob}
  0x000001bc4c335fa4: e9f7 e905 | fdf4 f4f4 | f4f4 f4f4 
[/MachCode]


---------------  P R O C E S S  ---------------

Threads class SMR info:
_java_thread_list=0x000001bca9b3ec10, length=100, elements={
0x000001bc5f682c20, 0x000001bc5f6843e0, 0x000001bc5f68c4a0, 0x000001bc5f68d360,
0x000001bc5f698380, 0x000001bc5f6965d0, 0x000001bc5f6a8de0, 0x000001bc5f6b1880,
0x000001bc5f885f30, 0x000001bc5f8872e0, 0x000001bc5f884b80, 0x000001bc5f8865c0,
0x000001bc5f886c50, 0x000001bc5f8844f0, 0x000001bc5f885210, 0x000001bc5f8858a0,
0x000001bca85b54f0, 0x000001bca85b2d90, 0x000001bca85b3ab0, 0x000001bca85b5b80,
0x000001bca85b4140, 0x000001bca85b4e60, 0x000001bcad7e6c10, 0x000001bcad7e7930,
0x000001bcad7e4b40, 0x000001bcad7e2a70, 0x000001bca6cc1220, 0x000001bca6cc2c60,
0x000001bca6cc1f40, 0x000001bca6cc25d0, 0x000001bca6cbf7e0, 0x000001bca6cc0b90,
0x000001bca6cc32f0, 0x000001bca6cbfe70, 0x000001bca6cc60e0, 0x000001bca6cc3980,
0x000001bca6cc53c0, 0x000001bca6cc5a50, 0x000001bca6cc46a0, 0x000001bca6cc4010,
0x000001bca9ef9ff0, 0x000001bca9efa680, 0x000001bca9efad10, 0x000001bca9ef7890,
0x000001bca9ef92d0, 0x000001bcad7e5ef0, 0x000001bca6ba9390, 0x000001bca6baa740,
0x000001bca6bacea0, 0x000001bca6bad530, 0x000001bca6bac810, 0x000001bca6baa0b0,
0x000001bca6bae250, 0x000001bca6bac180, 0x000001bca6baef70, 0x000001bca6baf600,
0x000001bca6bae8e0, 0x000001bca6bafc90, 0x000001bcad7e6580, 0x000001bcad1d7cd0,
0x000001bcad1d4ee0, 0x000001bcad1d2e10, 0x000001bcad1d4850, 0x000001bcaf6e7ce0,
0x000001bcaf6e7650, 0x000001bcaf6e4ef0, 0x000001bca7cac670, 0x000001bcad7e3e20,
0x000001bcad6c8990, 0x000001bcad6c9020, 0x000001bcad6cb0f0, 0x000001bca85b75c0,
0x000001bcaa2bee60, 0x000001bcaa2bcd90, 0x000001bcaa2bb9e0, 0x000001bcaa2bc070,
0x000001bcaa2be7d0, 0x000001bcaa2bc700, 0x000001bcaa2bb350, 0x000001bcaa2be140,
0x000001bcaa2c0210, 0x000001bcaa2c3000, 0x000001bcaa2c2970, 0x000001bcaa2c22e0,
0x000001bcaa2bfb80, 0x000001bcaa2c3690, 0x000001bcaa2c15c0, 0x000001bcaa2c1c50,
0x000001bcaa2c71a0, 0x000001bcaa2c3d20, 0x000001bcaa2c08a0, 0x000001bcaa2c0f30,
0x000001bcaa2c6b10, 0x000001bcaa2c6480, 0x000001bcaa2c5df0, 0x000001bcaa2c4a40,
0x000001bcaa2c9270, 0x000001bcaa2c9900, 0x000001bcad5e3380, 0x000001bcbf6feb40
}

Java Threads: ( => current thread )
  0x000001bc5f682c20 JavaThread "Reference Handler"          daemon [_thread_blocked, id=11252, stack(0x0000008ce4500000,0x0000008ce4600000) (1024K)]
  0x000001bc5f6843e0 JavaThread "Finalizer"                  daemon [_thread_blocked, id=3128, stack(0x0000008ce4600000,0x0000008ce4700000) (1024K)]
  0x000001bc5f68c4a0 JavaThread "Signal Dispatcher"          daemon [_thread_blocked, id=21160, stack(0x0000008ce4700000,0x0000008ce4800000) (1024K)]
  0x000001bc5f68d360 JavaThread "Attach Listener"            daemon [_thread_blocked, id=24340, stack(0x0000008ce4800000,0x0000008ce4900000) (1024K)]
  0x000001bc5f698380 JavaThread "Service Thread"             daemon [_thread_blocked, id=4564, stack(0x0000008ce4900000,0x0000008ce4a00000) (1024K)]
  0x000001bc5f6965d0 JavaThread "Monitor Deflation Thread"   daemon [_thread_blocked, id=27228, stack(0x0000008ce4a00000,0x0000008ce4b00000) (1024K)]
  0x000001bc5f6a8de0 JavaThread "C2 CompilerThread0"         daemon [_thread_blocked, id=27256, stack(0x0000008ce4b00000,0x0000008ce4c00000) (1024K)]
  0x000001bc5f6b1880 JavaThread "C1 CompilerThread0"         daemon [_thread_blocked, id=3012, stack(0x0000008ce4c00000,0x0000008ce4d00000) (1024K)]
  0x000001bc5f885f30 JavaThread "Notification Thread"        daemon [_thread_blocked, id=19588, stack(0x0000008ce4f00000,0x0000008ce5000000) (1024K)]
  0x000001bc5f8872e0 JavaThread "Common-Cleaner"             daemon [_thread_blocked, id=18016, stack(0x0000008ce5000000,0x0000008ce5100000) (1024K)]
  0x000001bc5f884b80 JavaThread "c2me-worker-0"              daemon [_thread_blocked, id=8880, stack(0x0000008ce5400000,0x0000008ce5500000) (1024K)]
  0x000001bc5f8865c0 JavaThread "c2me-worker-1"              daemon [_thread_blocked, id=4580, stack(0x0000008ce5500000,0x0000008ce5600000) (1024K)]
  0x000001bc5f886c50 JavaThread "c2me-worker-2"              daemon [_thread_blocked, id=23104, stack(0x0000008ce5600000,0x0000008ce5700000) (1024K)]
  0x000001bc5f8844f0 JavaThread "c2me-worker-3"              daemon [_thread_blocked, id=19648, stack(0x0000008ce5700000,0x0000008ce5800000) (1024K)]
  0x000001bc5f885210 JavaThread "c2me-worker-4"              daemon [_thread_blocked, id=16264, stack(0x0000008ce5800000,0x0000008ce5900000) (1024K)]
  0x000001bc5f8858a0 JavaThread "c2me-worker-5"              daemon [_thread_blocked, id=2812, stack(0x0000008ce5900000,0x0000008ce5a00000) (1024K)]
  0x000001bca85b54f0 JavaThread "c2me-worker-6"              daemon [_thread_blocked, id=18268, stack(0x0000008ce5a00000,0x0000008ce5b00000) (1024K)]
  0x000001bca85b2d90 JavaThread "c2me-worker-7"              daemon [_thread_blocked, id=26168, stack(0x0000008ce5b00000,0x0000008ce5c00000) (1024K)]
  0x000001bca85b3ab0 JavaThread "c2me-worker-8"              daemon [_thread_blocked, id=21244, stack(0x0000008ce5c00000,0x0000008ce5d00000) (1024K)]
  0x000001bca85b5b80 JavaThread "c2me-worker-9"              daemon [_thread_blocked, id=10844, stack(0x0000008ce5d00000,0x0000008ce5e00000) (1024K)]
  0x000001bca85b4140 JavaThread "c2me-sched"                 daemon [_thread_blocked, id=17644, stack(0x0000008ce5e00000,0x0000008ce5f00000) (1024K)]
  0x000001bca85b4e60 JavaThread "JNA Cleaner"                daemon [_thread_blocked, id=9756, stack(0x0000008ce5100000,0x0000008ce5200000) (1024K)]
  0x000001bcad7e6c10 JavaThread "Timer hack thread"          daemon [_thread_blocked, id=26448, stack(0x0000008ce7700000,0x0000008ce7800000) (1024K)]
  0x000001bcad7e7930 JavaThread "Yggdrasil Key Fetcher"      daemon [_thread_blocked, id=19444, stack(0x0000008ce7400000,0x0000008ce7500000) (1024K)]
  0x000001bcad7e4b40 JavaThread "Worker-Main-4"              daemon [_thread_blocked, id=24348, stack(0x0000008ce5300000,0x0000008ce5400000) (1024K)]
  0x000001bcad7e2a70 JavaThread "Worker-Main-5"              daemon [_thread_blocked, id=10024, stack(0x0000008ce7500000,0x0000008ce7600000) (1024K)]
  0x000001bca6cc1220 JavaThread "Java2D Disposer"            daemon [_thread_blocked, id=23428, stack(0x0000008ce7c00000,0x0000008ce7d00000) (1024K)]
  0x000001bca6cc2c60 JavaThread "AWT-Shutdown"                      [_thread_blocked, id=20836, stack(0x0000008ce7d00000,0x0000008ce7e00000) (1024K)]
  0x000001bca6cc1f40 JavaThread "AWT-Windows"                daemon [_thread_in_native, id=15164, stack(0x0000008ce8100000,0x0000008ce8200000) (1024K)]
  0x000001bca6cc25d0 JavaThread "AWT-EventQueue-0"                  [_thread_blocked, id=7816, stack(0x0000008ce8a00000,0x0000008ce8b00000) (1024K)]
  0x000001bca6cbf7e0 JavaThread "TimerQueue"                 daemon [_thread_blocked, id=13400, stack(0x0000008ce8b00000,0x0000008ce8c00000) (1024K)]
  0x000001bca6cc0b90 JavaThread "Thread-13"                  daemon [_thread_blocked, id=7728, stack(0x0000008ce8d00000,0x0000008ce8e00000) (1024K)]
=>0x000001bca6cc32f0 JavaThread "Server thread"                     [_thread_in_Java, id=11460, stack(0x0000008ce8e00000,0x0000008ce8f00000) (1024K)]
  0x000001bca6cbfe70 JavaThread "DestroyJavaVM"                     [_thread_blocked, id=19008, stack(0x0000008ce3d00000,0x0000008ce3e00000) (1024K)]
  0x000001bca6cc60e0 JavaThread "D3D Screen Updater"         daemon [_thread_blocked, id=22616, stack(0x0000008ce8f00000,0x0000008ce9000000) (1024K)]
  0x000001bca6cc3980 JavaThread "Server console handler"     daemon [_thread_in_native, id=16188, stack(0x0000008ce9000000,0x0000008ce9100000) (1024K)]
  0x000001bca6cc53c0 JavaThread "Netty Server IO #0"         daemon [_thread_in_native, id=18336, stack(0x0000008ce9300000,0x0000008ce9400000) (1024K)]
  0x000001bca6cc5a50 JavaThread "C2ME Storage #1"            daemon [_thread_blocked, id=15376, stack(0x0000008ce9100000,0x0000008ce9200000) (1024K)]
  0x000001bca6cc46a0 JavaThread "C2ME Storage #2"            daemon [_thread_blocked, id=4368, stack(0x0000008ce9200000,0x0000008ce9300000) (1024K)]
  0x000001bca6cc4010 JavaThread "C2ME Storage #3"            daemon [_thread_blocked, id=19508, stack(0x0000008ce9600000,0x0000008ce9700000) (1024K)]
  0x000001bca9ef9ff0 JavaThread "Worker-Main-8"              daemon [_thread_blocked, id=16700, stack(0x0000008ce9800000,0x0000008ce9900000) (1024K)]
  0x000001bca9efa680 JavaThread "Worker-Main-9"              daemon [_thread_blocked, id=24260, stack(0x0000008ce9900000,0x0000008ce9a00000) (1024K)]
  0x000001bca9efad10 JavaThread "Worker-Main-11"             daemon [_thread_blocked, id=22020, stack(0x0000008ce9b00000,0x0000008ce9c00000) (1024K)]
  0x000001bca9ef7890 JavaThread "Worker-Main-12"             daemon [_thread_blocked, id=14700, stack(0x0000008ce9c00000,0x0000008ce9d00000) (1024K)]
  0x000001bca9ef92d0 JavaThread "Worker-Main-15"             daemon [_thread_blocked, id=17864, stack(0x0000008ce9f00000,0x0000008cea000000) (1024K)]
  0x000001bcad7e5ef0 JavaThread "C2ME Storage #4"            daemon [_thread_blocked, id=27736, stack(0x0000008cea300000,0x0000008cea400000) (1024K)]
  0x000001bca6ba9390 JavaThread "C2ME Storage #5"            daemon [_thread_blocked, id=11148, stack(0x0000008cea400000,0x0000008cea500000) (1024K)]
  0x000001bca6baa740 JavaThread "C2ME Storage #6"            daemon [_thread_blocked, id=4788, stack(0x0000008cea700000,0x0000008cea800000) (1024K)]
  0x000001bca6bacea0 JavaThread "C2ME Storage #7"            daemon [_thread_blocked, id=19248, stack(0x0000008cea800000,0x0000008cea900000) (1024K)]
  0x000001bca6bad530 JavaThread "C2ME Storage #8"            daemon [_thread_blocked, id=14992, stack(0x0000008cea900000,0x0000008ceaa00000) (1024K)]
  0x000001bca6bac810 JavaThread "C2ME Storage #9"            daemon [_thread_blocked, id=18496, stack(0x0000008ceaa00000,0x0000008ceab00000) (1024K)]
  0x000001bca6baa0b0 JavaThread "RxCachedWorkerPoolEvictor-1" daemon [_thread_blocked, id=17064, stack(0x0000008ceab00000,0x0000008ceac00000) (1024K)]
  0x000001bca6bae250 JavaThread "ThreadStateHolderCleaner"   daemon [_thread_blocked, id=3812, stack(0x0000008cea200000,0x0000008cea300000) (1024K)]
  0x000001bca6bac180 JavaThread "minecraft_overworld - Light" daemon [_thread_blocked, id=11776, stack(0x0000008ceac00000,0x0000008cead00000) (1024K)]
  0x000001bca6baef70 JavaThread "RCON Listener #1"                  [_thread_in_native, id=26436, stack(0x0000008ceb000000,0x0000008ceb100000) (1024K)]
  0x000001bca6baf600 JavaThread "Server Watchdog"            daemon [_thread_blocked, id=2916, stack(0x0000008ceb100000,0x0000008ceb200000) (1024K)]
  0x000001bca6bae8e0 JavaThread "Netty Server IO #1"         daemon [_thread_in_native, id=7676, stack(0x0000008ce3a00000,0x0000008ce3b00000) (1024K)]
  0x000001bca6bafc90 JavaThread "Netty Server IO #2"         daemon [_thread_in_native, id=22688, stack(0x0000008ce3b00000,0x0000008ce3c00000) (1024K)]
  0x000001bcad7e6580 JavaThread "ForkJoinPool-3-worker-3"    daemon [_thread_blocked, id=15784, stack(0x0000008ce7900000,0x0000008ce7a00000) (1024K)]
  0x000001bcad1d7cd0 JavaThread "ForkJoinPool-3-worker-8"    daemon [_thread_blocked, id=10476, stack(0x0000008cead00000,0x0000008ceae00000) (1024K)]
  0x000001bcad1d4ee0 JavaThread "Netty Server IO #3"         daemon [_thread_in_native, id=22416, stack(0x0000008ce3c00000,0x0000008ce3d00000) (1024K)]
  0x000001bcad1d2e10 JavaThread "Netty Server IO #4"         daemon [_thread_in_native, id=20460, stack(0x0000008ce4d00000,0x0000008ce4e00000) (1024K)]
  0x000001bcad1d4850 JavaThread "Netty Server IO #5"         daemon [_thread_in_native, id=22988, stack(0x0000008ce5200000,0x0000008ce5300000) (1024K)]
  0x000001bcaf6e7ce0 JavaThread "Netty Server IO #6"         daemon [_thread_in_native, id=2096, stack(0x0000008ce7800000,0x0000008ce7900000) (1024K)]
  0x000001bcaf6e7650 JavaThread "Netty Server IO #7"         daemon [_thread_in_native, id=27080, stack(0x0000008ce7f00000,0x0000008ce8000000) (1024K)]
  0x000001bcaf6e4ef0 JavaThread "Netty Server IO #8"         daemon [_thread_in_native, id=10712, stack(0x0000008ce9e00000,0x0000008ce9f00000) (1024K)]
  0x000001bca7cac670 JavaThread "Netty Server IO #9"         daemon [_thread_in_native, id=27288, stack(0x0000008ce7000000,0x0000008ce7100000) (1024K)]
  0x000001bcad7e3e20 JavaThread "Netty Server IO #10"        daemon [_thread_in_native, id=12512, stack(0x0000008ce7100000,0x0000008ce7200000) (1024K)]
  0x000001bcad6c8990 JavaThread "Netty Server IO #11"        daemon [_thread_in_native, id=12416, stack(0x0000008ce7200000,0x0000008ce7300000) (1024K)]
  0x000001bcad6c9020 JavaThread "Netty Server IO #12"        daemon [_thread_in_native, id=26228, stack(0x0000008ce7300000,0x0000008ce7400000) (1024K)]
  0x000001bcad6cb0f0 JavaThread "Netty Server IO #13"        daemon [_thread_in_native, id=11968, stack(0x0000008ce7600000,0x0000008ce7700000) (1024K)]
  0x000001bca85b75c0 JavaThread "Netty Server IO #14"        daemon [_thread_in_native, id=26772, stack(0x0000008cea000000,0x0000008cea100000) (1024K)]
  0x000001bcaa2bee60 JavaThread "Netty Server IO #15"        daemon [_thread_in_native, id=21592, stack(0x0000008ceb700000,0x0000008ceb800000) (1024K)]
  0x000001bcaa2bcd90 JavaThread "Netty Server IO #16"        daemon [_thread_in_native, id=7900, stack(0x0000008ce7a00000,0x0000008ce7b00000) (1024K)]
  0x000001bcaa2bb9e0 JavaThread "Netty Server IO #17"        daemon [_thread_in_native, id=23944, stack(0x0000008ce9500000,0x0000008ce9600000) (1024K)]
  0x000001bcaa2bc070 JavaThread "Netty Server IO #18"        daemon [_thread_in_native, id=22648, stack(0x0000008ce7e00000,0x0000008ce7f00000) (1024K)]
  0x000001bcaa2be7d0 JavaThread "Netty Server IO #19"        daemon [_thread_in_native, id=11024, stack(0x0000008ce9700000,0x0000008ce9800000) (1024K)]
  0x000001bcaa2bc700 JavaThread "Netty Server IO #20"        daemon [_thread_in_native, id=15644, stack(0x0000008ce9a00000,0x0000008ce9b00000) (1024K)]
  0x000001bcaa2bb350 JavaThread "Worker-Main-18"             daemon [_thread_blocked, id=9664, stack(0x0000008ceaf00000,0x0000008ceb000000) (1024K)]
  0x000001bcaa2be140 JavaThread "Worker-Main-17"             daemon [_thread_blocked, id=23556, stack(0x0000008ceb200000,0x0000008ceb300000) (1024K)]
  0x000001bcaa2c0210 JavaThread "Netty Server IO #21"        daemon [_thread_in_native, id=7696, stack(0x0000008ce5f00000,0x0000008ce6000000) (1024K)]
  0x000001bcaa2c3000 JavaThread "Netty Server IO #22"        daemon [_thread_in_native, id=23384, stack(0x0000008ce9400000,0x0000008ce9500000) (1024K)]
  0x000001bcaa2c2970 JavaThread "Netty Server IO #23"        daemon [_thread_in_native, id=4260, stack(0x0000008ceae00000,0x0000008ceaf00000) (1024K)]
  0x000001bcaa2c22e0 JavaThread "ForkJoinPool-3-worker-12"   daemon [_thread_blocked, id=14924, stack(0x0000008ceba00000,0x0000008cebb00000) (1024K)]
  0x000001bcaa2bfb80 JavaThread "Worker-Main-19"             daemon [_thread_blocked, id=19300, stack(0x0000008ceb300000,0x0000008ceb400000) (1024K)]
  0x000001bcaa2c3690 JavaThread "RCON Client /100.99.48.98 #2"        [_thread_in_native, id=19920, stack(0x0000008ce4e00000,0x0000008ce4f00000) (1024K)]
  0x000001bcaa2c15c0 JavaThread "Netty Server IO #24"        daemon [_thread_in_native, id=5044, stack(0x0000008cea100000,0x0000008cea200000) (1024K)]
  0x000001bcaa2c1c50 JavaThread "Netty Server IO #25"        daemon [_thread_in_native, id=24188, stack(0x0000008ceb400000,0x0000008ceb500000) (1024K)]
  0x000001bcaa2c71a0 JavaThread "ForkJoinPool-3-worker-13"   daemon [_thread_blocked, id=18688, stack(0x0000008cebe00000,0x0000008cebf00000) (1024K)]
  0x000001bcaa2c3d20 JavaThread "Netty Server IO #26"        daemon [_thread_in_native, id=14008, stack(0x0000008ceb600000,0x0000008ceb700000) (1024K)]
  0x000001bcaa2c08a0 JavaThread "Netty Server IO #27"        daemon [_thread_in_native, id=12816, stack(0x0000008ceb800000,0x0000008ceb900000) (1024K)]
  0x000001bcaa2c0f30 JavaThread "ForkJoinPool-3-worker-14"   daemon [_thread_blocked, id=20324, stack(0x0000008ceb900000,0x0000008ceba00000) (1024K)]
  0x000001bcaa2c6b10 JavaThread "Netty Server IO #28"        daemon [_thread_in_native, id=11016, stack(0x0000008cebb00000,0x0000008cebc00000) (1024K)]
  0x000001bcaa2c6480 JavaThread "Netty Server IO #29"        daemon [_thread_in_native, id=25320, stack(0x0000008cebc00000,0x0000008cebd00000) (1024K)]
  0x000001bcaa2c5df0 JavaThread "Netty Server IO #30"        daemon [_thread_in_native, id=18520, stack(0x0000008cebd00000,0x0000008cebe00000) (1024K)]
  0x000001bcaa2c4a40 JavaThread "Netty Server IO #31"        daemon [_thread_in_native, id=24276, stack(0x0000008cebf00000,0x0000008cec000000) (1024K)]
  0x000001bcaa2c9270 JavaThread "ForkJoinPool-3-worker-16"   daemon [_thread_blocked, id=21848, stack(0x0000008cec500000,0x0000008cec600000) (1024K)]
  0x000001bcaa2c9900 JavaThread "ForkJoinPool-3-worker-15"   daemon [_thread_blocked, id=27140, stack(0x0000008cec600000,0x0000008cec700000) (1024K)]
  0x000001bcad5e3380 JavaThread "ForkJoinPool-3-worker-17"   daemon [_thread_blocked, id=13088, stack(0x0000008cec700000,0x0000008cec800000) (1024K)]
  0x000001bcbf6feb40 JavaThread "ForkJoinPool-3-worker-18"   daemon [_thread_blocked, id=26488, stack(0x0000008cecb00000,0x0000008cecc00000) (1024K)]
Total: 100

Other Threads:
  0x000001bc5f66ff30 VMThread "VM Thread"                           [id=25348, stack(0x0000008ce4400000,0x0000008ce4500000) (1024K)]
  0x000001bc5f64b0b0 WatcherThread "VM Periodic Task Thread"        [id=8608, stack(0x0000008ce4300000,0x0000008ce4400000) (1024K)]
  0x000001bc3851a050 WorkerThread "GC Thread#0"                     [id=18260, stack(0x0000008ce3e00000,0x0000008ce3f00000) (1024K)]
  0x000001bca8a4e810 WorkerThread "GC Thread#1"                     [id=12472, stack(0x0000008ce6200000,0x0000008ce6300000) (1024K)]
  0x000001bca512be60 WorkerThread "GC Thread#2"                     [id=4124, stack(0x0000008ce6300000,0x0000008ce6400000) (1024K)]
  0x000001bca512c200 WorkerThread "GC Thread#3"                     [id=7064, stack(0x0000008ce6400000,0x0000008ce6500000) (1024K)]
  0x000001bca563e5f0 WorkerThread "GC Thread#4"                     [id=13996, stack(0x0000008ce6500000,0x0000008ce6600000) (1024K)]
  0x000001bca563d030 WorkerThread "GC Thread#5"                     [id=11764, stack(0x0000008ce6600000,0x0000008ce6700000) (1024K)]
  0x000001bca563e250 WorkerThread "GC Thread#6"                     [id=28296, stack(0x0000008ce6700000,0x0000008ce6800000) (1024K)]
  0x000001bca563d3d0 WorkerThread "GC Thread#7"                     [id=22548, stack(0x0000008ce6800000,0x0000008ce6900000) (1024K)]
  0x000001bca563cc90 WorkerThread "GC Thread#8"                     [id=15416, stack(0x0000008ce6900000,0x0000008ce6a00000) (1024K)]
  0x000001bca563d770 WorkerThread "GC Thread#9"                     [id=15016, stack(0x0000008ce6a00000,0x0000008ce6b00000) (1024K)]
  0x000001bca563db10 WorkerThread "GC Thread#10"                    [id=8760, stack(0x0000008ce6b00000,0x0000008ce6c00000) (1024K)]
  0x000001bca563deb0 WorkerThread "GC Thread#11"                    [id=22292, stack(0x0000008ce6c00000,0x0000008ce6d00000) (1024K)]
  0x000001bca6b8da00 WorkerThread "GC Thread#12"                    [id=11588, stack(0x0000008ce6d00000,0x0000008ce6e00000) (1024K)]
  0x000001bc3852ce50 ConcurrentGCThread "G1 Main Marker"            [id=27444, stack(0x0000008ce3f00000,0x0000008ce4000000) (1024K)]
  0x000001bc3852e000 WorkerThread "G1 Conc#0"                       [id=13276, stack(0x0000008ce4000000,0x0000008ce4100000) (1024K)]
  0x000001bca6b8c440 WorkerThread "G1 Conc#1"                       [id=20884, stack(0x0000008ce6e00000,0x0000008ce6f00000) (1024K)]
  0x000001bca6b8bd00 WorkerThread "G1 Conc#2"                       [id=2548, stack(0x0000008ce6f00000,0x0000008ce7000000) (1024K)]
  0x000001bc5f378020 ConcurrentGCThread "G1 Refine#0"               [id=16624, stack(0x0000008ce4100000,0x0000008ce4200000) (1024K)]
  0x000001bc5f378840 ConcurrentGCThread "G1 Service"                [id=27836, stack(0x0000008ce4200000,0x0000008ce4300000) (1024K)]
Total: 21

Threads with active compile tasks:
Total: 0

VM state: not at safepoint (normal execution)

VM Mutex/Monitor currently owned by a thread: None

Heap address: 0x0000000600000000, size: 8192 MB, Compressed Oops mode: Zero based, Oop shift amount: 3

CDS archive(s) mapped at: [0x000001bc60000000-0x000001bc60c90000-0x000001bc60c90000), size 13172736, SharedBaseAddress: 0x000001bc60000000, ArchiveRelocationMode: 1.
Compressed class space mapped at: 0x000001bc61000000-0x000001bca1000000, reserved size: 1073741824
Narrow klass base: 0x000001bc60000000, Narrow klass shift: 0, Narrow klass range: 0x100000000

GC Precious Log:
 CardTable entry size: 512
 Card Set container configuration: InlinePtr #cards 4 size 8 Array Of Cards #cards 32 size 80 Howl #buckets 8 coarsen threshold 7372 Howl Bitmap #cards 1024 size 144 coarsen threshold 921 Card regions per heap region 1 cards per card region 8192
 CPUs: 16 total, 16 available
 Memory: 32108M
 Large Page Support: Disabled
 NUMA Support: Disabled
 Compressed Oops: Enabled (Zero based)
 Heap Region Size: 4M
 Heap Min Capacity: 8G
 Heap Initial Capacity: 8G
 Heap Max Capacity: 8G
 Pre-touch: Disabled
 Parallel Workers: 13
 Concurrent Workers: 3
 Concurrent Refinement Workers: 13
 Periodic GC: Disabled

Heap:
 garbage-first heap   total 8388608K, used 4871761K [0x0000000600000000, 0x0000000800000000)
  region size 4096K, 810 young (3317760K), 21 survivors (86016K)
 Metaspace       used 173047K, committed 175296K, reserved 1245184K
  class space    used 26238K, committed 27264K, reserved 1048576K

Heap Regions: E=young(eden), S=young(survivor), O=old, HS=humongous(starts), HC=humongous(continues), CS=collection set, F=free, TAMS=top-at-mark-start, PB=parsable bottom
|   0|0x0000000600000000, 0x0000000600400000, 0x0000000600400000|100%| O|  |TAMS 0x0000000600000000| PB 0x0000000600000000| Untracked 
|   1|0x0000000600400000, 0x0000000600800000, 0x0000000600800000|100%| O|  |TAMS 0x0000000600400000| PB 0x0000000600400000| Untracked 
|   2|0x0000000600800000, 0x0000000600c00000, 0x0000000600c00000|100%| O|  |TAMS 0x0000000600800000| PB 0x0000000600800000| Untracked 
|   3|0x0000000600c00000, 0x0000000601000000, 0x0000000601000000|100%| O|  |TAMS 0x0000000600c00000| PB 0x0000000600c00000| Untracked 
|   4|0x0000000601000000, 0x0000000601400000, 0x0000000601400000|100%| O|  |TAMS 0x0000000601000000| PB 0x0000000601000000| Untracked 
|   5|0x0000000601400000, 0x0000000601800000, 0x0000000601800000|100%| O|  |TAMS 0x0000000601400000| PB 0x0000000601400000| Untracked 
|   6|0x0000000601800000, 0x0000000601c00000, 0x0000000601c00000|100%| O|  |TAMS 0x0000000601800000| PB 0x0000000601800000| Untracked 
|   7|0x0000000601c00000, 0x0000000602000000, 0x0000000602000000|100%| O|  |TAMS 0x0000000601c00000| PB 0x0000000601c00000| Untracked 
|   8|0x0000000602000000, 0x0000000602400000, 0x0000000602400000|100%|HS|  |TAMS 0x0000000602000000| PB 0x0000000602000000| Complete 
|   9|0x0000000602400000, 0x0000000602800000, 0x0000000602800000|100%|HC|  |TAMS 0x0000000602400000| PB 0x0000000602400000| Complete 
|  10|0x0000000602800000, 0x0000000602c00000, 0x0000000602c00000|100%|HC|  |TAMS 0x0000000602800000| PB 0x0000000602800000| Complete 
|  11|0x0000000602c00000, 0x0000000603000000, 0x0000000603000000|100%| O|  |TAMS 0x0000000602c00000| PB 0x0000000602c00000| Untracked 
|  12|0x0000000603000000, 0x0000000603400000, 0x0000000603400000|100%| O|  |TAMS 0x0000000603000000| PB 0x0000000603000000| Untracked 
|  13|0x0000000603400000, 0x0000000603800000, 0x0000000603800000|100%| O|  |TAMS 0x0000000603400000| PB 0x0000000603400000| Untracked 
|  14|0x0000000603800000, 0x0000000603c00000, 0x0000000603c00000|100%| O|  |TAMS 0x0000000603800000| PB 0x0000000603800000| Untracked 
|  15|0x0000000603c00000, 0x0000000604000000, 0x0000000604000000|100%| O|  |TAMS 0x0000000603c00000| PB 0x0000000603c00000| Untracked 
|  16|0x0000000604000000, 0x0000000604400000, 0x0000000604400000|100%| O|  |TAMS 0x0000000604000000| PB 0x0000000604000000| Untracked 
|  17|0x0000000604400000, 0x0000000604800000, 0x0000000604800000|100%| O|  |TAMS 0x0000000604400000| PB 0x0000000604400000| Untracked 
|  18|0x0000000604800000, 0x0000000604c00000, 0x0000000604c00000|100%| O|  |TAMS 0x0000000604800000| PB 0x0000000604800000| Untracked 
|  19|0x0000000604c00000, 0x0000000605000000, 0x0000000605000000|100%| O|  |TAMS 0x0000000604c00000| PB 0x0000000604c00000| Untracked 
|  20|0x0000000605000000, 0x0000000605400000, 0x0000000605400000|100%| O|  |TAMS 0x0000000605000000| PB 0x0000000605000000| Untracked 
|  21|0x0000000605400000, 0x0000000605800000, 0x0000000605800000|100%| O|  |TAMS 0x0000000605400000| PB 0x0000000605400000| Untracked 
|  22|0x0000000605800000, 0x0000000605c00000, 0x0000000605c00000|100%| O|  |TAMS 0x0000000605800000| PB 0x0000000605800000| Untracked 
|  23|0x0000000605c00000, 0x0000000606000000, 0x0000000606000000|100%| O|  |TAMS 0x0000000605c00000| PB 0x0000000605c00000| Untracked 
|  24|0x0000000606000000, 0x0000000606400000, 0x0000000606400000|100%| O|  |TAMS 0x0000000606000000| PB 0x0000000606000000| Untracked 
|  25|0x0000000606400000, 0x0000000606800000, 0x0000000606800000|100%| O|  |TAMS 0x0000000606400000| PB 0x0000000606400000| Untracked 
|  26|0x0000000606800000, 0x0000000606c00000, 0x0000000606c00000|100%| O|  |TAMS 0x0000000606800000| PB 0x0000000606800000| Untracked 
|  27|0x0000000606c00000, 0x0000000607000000, 0x0000000607000000|100%| O|  |TAMS 0x0000000606c00000| PB 0x0000000606c00000| Untracked 
|  28|0x0000000607000000, 0x0000000607400000, 0x0000000607400000|100%| O|  |TAMS 0x0000000607000000| PB 0x0000000607000000| Untracked 
|  29|0x0000000607400000, 0x0000000607800000, 0x0000000607800000|100%| O|  |TAMS 0x0000000607400000| PB 0x0000000607400000| Untracked 
|  30|0x0000000607800000, 0x0000000607c00000, 0x0000000607c00000|100%| O|  |TAMS 0x0000000607800000| PB 0x0000000607800000| Untracked 
|  31|0x0000000607c00000, 0x0000000608000000, 0x0000000608000000|100%| O|  |TAMS 0x0000000607c00000| PB 0x0000000607c00000| Untracked 
|  32|0x0000000608000000, 0x0000000608400000, 0x0000000608400000|100%| O|  |TAMS 0x0000000608000000| PB 0x0000000608000000| Untracked 
|  33|0x0000000608400000, 0x0000000608800000, 0x0000000608800000|100%| O|  |TAMS 0x0000000608400000| PB 0x0000000608400000| Untracked 
|  34|0x0000000608800000, 0x0000000608c00000, 0x0000000608c00000|100%| O|  |TAMS 0x0000000608800000| PB 0x0000000608800000| Untracked 
|  35|0x0000000608c00000, 0x0000000609000000, 0x0000000609000000|100%| O|  |TAMS 0x0000000608c00000| PB 0x0000000608c00000| Untracked 
|  36|0x0000000609000000, 0x0000000609400000, 0x0000000609400000|100%| O|  |TAMS 0x0000000609000000| PB 0x0000000609000000| Untracked 
|  37|0x0000000609400000, 0x0000000609800000, 0x0000000609800000|100%| O|  |TAMS 0x0000000609400000| PB 0x0000000609400000| Untracked 
|  38|0x0000000609800000, 0x0000000609c00000, 0x0000000609c00000|100%| O|  |TAMS 0x0000000609800000| PB 0x0000000609800000| Untracked 
|  39|0x0000000609c00000, 0x000000060a000000, 0x000000060a000000|100%| O|  |TAMS 0x0000000609c00000| PB 0x0000000609c00000| Untracked 
|  40|0x000000060a000000, 0x000000060a400000, 0x000000060a400000|100%| O|  |TAMS 0x000000060a000000| PB 0x000000060a000000| Untracked 
|  41|0x000000060a400000, 0x000000060a800000, 0x000000060a800000|100%| O|  |TAMS 0x000000060a400000| PB 0x000000060a400000| Untracked 
|  42|0x000000060a800000, 0x000000060ac00000, 0x000000060ac00000|100%| O|  |TAMS 0x000000060a800000| PB 0x000000060a800000| Untracked 
|  43|0x000000060ac00000, 0x000000060b000000, 0x000000060b000000|100%| O|  |TAMS 0x000000060ac00000| PB 0x000000060ac00000| Untracked 
|  44|0x000000060b000000, 0x000000060b400000, 0x000000060b400000|100%| O|  |TAMS 0x000000060b000000| PB 0x000000060b000000| Untracked 
|  45|0x000000060b400000, 0x000000060b800000, 0x000000060b800000|100%| O|  |TAMS 0x000000060b400000| PB 0x000000060b400000| Untracked 
|  46|0x000000060b800000, 0x000000060bc00000, 0x000000060bc00000|100%| O|  |TAMS 0x000000060b800000| PB 0x000000060b800000| Untracked 
|  47|0x000000060bc00000, 0x000000060c000000, 0x000000060c000000|100%| O|  |TAMS 0x000000060bc00000| PB 0x000000060bc00000| Untracked 
|  48|0x000000060c000000, 0x000000060c400000, 0x000000060c400000|100%| O|  |TAMS 0x000000060c000000| PB 0x000000060c000000| Untracked 
|  49|0x000000060c400000, 0x000000060c800000, 0x000000060c800000|100%| O|  |TAMS 0x000000060c400000| PB 0x000000060c400000| Untracked 
|  50|0x000000060c800000, 0x000000060cc00000, 0x000000060cc00000|100%| O|  |TAMS 0x000000060c800000| PB 0x000000060c800000| Untracked 
|  51|0x000000060cc00000, 0x000000060d000000, 0x000000060d000000|100%| O|  |TAMS 0x000000060cc00000| PB 0x000000060cc00000| Untracked 
|  52|0x000000060d000000, 0x000000060d400000, 0x000000060d400000|100%| O|  |TAMS 0x000000060d000000| PB 0x000000060d000000| Untracked 
|  53|0x000000060d400000, 0x000000060d800000, 0x000000060d800000|100%| O|  |TAMS 0x000000060d400000| PB 0x000000060d400000| Untracked 
|  54|0x000000060d800000, 0x000000060dc00000, 0x000000060dc00000|100%| O|  |TAMS 0x000000060d800000| PB 0x000000060d800000| Untracked 
|  55|0x000000060dc00000, 0x000000060e000000, 0x000000060e000000|100%| O|  |TAMS 0x000000060dc00000| PB 0x000000060dc00000| Untracked 
|  56|0x000000060e000000, 0x000000060e400000, 0x000000060e400000|100%| O|  |TAMS 0x000000060e000000| PB 0x000000060e000000| Untracked 
|  57|0x000000060e400000, 0x000000060e800000, 0x000000060e800000|100%| O|  |TAMS 0x000000060e400000| PB 0x000000060e400000| Untracked 
|  58|0x000000060e800000, 0x000000060ec00000, 0x000000060ec00000|100%| O|  |TAMS 0x000000060e800000| PB 0x000000060e800000| Untracked 
|  59|0x000000060ec00000, 0x000000060f000000, 0x000000060f000000|100%| O|  |TAMS 0x000000060ec00000| PB 0x000000060ec00000| Untracked 
|  60|0x000000060f000000, 0x000000060f400000, 0x000000060f400000|100%| O|  |TAMS 0x000000060f000000| PB 0x000000060f000000| Untracked 
|  61|0x000000060f400000, 0x000000060f800000, 0x000000060f800000|100%| O|  |TAMS 0x000000060f400000| PB 0x000000060f400000| Untracked 
|  62|0x000000060f800000, 0x000000060fc00000, 0x000000060fc00000|100%| O|  |TAMS 0x000000060f800000| PB 0x000000060f800000| Untracked 
|  63|0x000000060fc00000, 0x0000000610000000, 0x0000000610000000|100%| O|  |TAMS 0x000000060fc00000| PB 0x000000060fc00000| Untracked 
|  64|0x0000000610000000, 0x0000000610400000, 0x0000000610400000|100%| O|  |TAMS 0x0000000610000000| PB 0x0000000610000000| Untracked 
|  65|0x0000000610400000, 0x0000000610800000, 0x0000000610800000|100%| O|  |TAMS 0x0000000610400000| PB 0x0000000610400000| Untracked 
|  66|0x0000000610800000, 0x0000000610c00000, 0x0000000610c00000|100%| O|  |TAMS 0x0000000610800000| PB 0x0000000610800000| Untracked 
|  67|0x0000000610c00000, 0x0000000611000000, 0x0000000611000000|100%| O|  |TAMS 0x0000000610c00000| PB 0x0000000610c00000| Untracked 
|  68|0x0000000611000000, 0x0000000611400000, 0x0000000611400000|100%| O|  |TAMS 0x0000000611000000| PB 0x0000000611000000| Untracked 
|  69|0x0000000611400000, 0x0000000611800000, 0x0000000611800000|100%| O|  |TAMS 0x0000000611400000| PB 0x0000000611400000| Untracked 
|  70|0x0000000611800000, 0x0000000611c00000, 0x0000000611c00000|100%| O|  |TAMS 0x0000000611800000| PB 0x0000000611800000| Untracked 
|  71|0x0000000611c00000, 0x0000000612000000, 0x0000000612000000|100%| O|  |TAMS 0x0000000611c00000| PB 0x0000000611c00000| Untracked 
|  72|0x0000000612000000, 0x0000000612400000, 0x0000000612400000|100%| O|  |TAMS 0x0000000612000000| PB 0x0000000612000000| Untracked 
|  73|0x0000000612400000, 0x0000000612800000, 0x0000000612800000|100%| O|  |TAMS 0x0000000612400000| PB 0x0000000612400000| Untracked 
|  74|0x0000000612800000, 0x0000000612c00000, 0x0000000612c00000|100%| O|  |TAMS 0x0000000612800000| PB 0x0000000612800000| Untracked 
|  75|0x0000000612c00000, 0x0000000613000000, 0x0000000613000000|100%| O|  |TAMS 0x0000000612c00000| PB 0x0000000612c00000| Untracked 
|  76|0x0000000613000000, 0x0000000613400000, 0x0000000613400000|100%| O|  |TAMS 0x0000000613000000| PB 0x0000000613000000| Untracked 
|  77|0x0000000613400000, 0x0000000613800000, 0x0000000613800000|100%| O|  |TAMS 0x0000000613400000| PB 0x0000000613400000| Untracked 
|  78|0x0000000613800000, 0x0000000613c00000, 0x0000000613c00000|100%| O|  |TAMS 0x0000000613800000| PB 0x0000000613800000| Untracked 
|  79|0x0000000613c00000, 0x0000000614000000, 0x0000000614000000|100%| O|  |TAMS 0x0000000613c00000| PB 0x0000000613c00000| Untracked 
|  80|0x0000000614000000, 0x0000000614400000, 0x0000000614400000|100%| O|  |TAMS 0x0000000614000000| PB 0x0000000614000000| Untracked 
|  81|0x0000000614400000, 0x0000000614800000, 0x0000000614800000|100%| O|  |TAMS 0x0000000614400000| PB 0x0000000614400000| Untracked 
|  82|0x0000000614800000, 0x0000000614c00000, 0x0000000614c00000|100%| O|  |TAMS 0x0000000614800000| PB 0x0000000614800000| Untracked 
|  83|0x0000000614c00000, 0x0000000615000000, 0x0000000615000000|100%| O|  |TAMS 0x0000000614c00000| PB 0x0000000614c00000| Untracked 
|  84|0x0000000615000000, 0x0000000615400000, 0x0000000615400000|100%| O|  |TAMS 0x0000000615000000| PB 0x0000000615000000| Untracked 
|  85|0x0000000615400000, 0x0000000615800000, 0x0000000615800000|100%| O|  |TAMS 0x0000000615400000| PB 0x0000000615400000| Untracked 
|  86|0x0000000615800000, 0x0000000615c00000, 0x0000000615c00000|100%| O|  |TAMS 0x0000000615800000| PB 0x0000000615800000| Untracked 
|  87|0x0000000615c00000, 0x0000000616000000, 0x0000000616000000|100%| O|  |TAMS 0x0000000615c00000| PB 0x0000000615c00000| Untracked 
|  88|0x0000000616000000, 0x0000000616400000, 0x0000000616400000|100%| O|  |TAMS 0x0000000616000000| PB 0x0000000616000000| Untracked 
|  89|0x0000000616400000, 0x0000000616800000, 0x0000000616800000|100%| O|  |TAMS 0x0000000616400000| PB 0x0000000616400000| Untracked 
|  90|0x0000000616800000, 0x0000000616c00000, 0x0000000616c00000|100%| O|  |TAMS 0x0000000616800000| PB 0x0000000616800000| Untracked 
|  91|0x0000000616c00000, 0x0000000617000000, 0x0000000617000000|100%| O|  |TAMS 0x0000000616c00000| PB 0x0000000616c00000| Untracked 
|  92|0x0000000617000000, 0x0000000617400000, 0x0000000617400000|100%| O|  |TAMS 0x0000000617000000| PB 0x0000000617000000| Untracked 
|  93|0x0000000617400000, 0x0000000617800000, 0x0000000617800000|100%| O|  |TAMS 0x0000000617400000| PB 0x0000000617400000| Untracked 
|  94|0x0000000617800000, 0x0000000617c00000, 0x0000000617c00000|100%| O|  |TAMS 0x0000000617800000| PB 0x0000000617800000| Untracked 
|  95|0x0000000617c00000, 0x0000000618000000, 0x0000000618000000|100%| O|  |TAMS 0x0000000617c00000| PB 0x0000000617c00000| Untracked 
|  96|0x0000000618000000, 0x0000000618400000, 0x0000000618400000|100%| O|  |TAMS 0x0000000618000000| PB 0x0000000618000000| Untracked 
|  97|0x0000000618400000, 0x0000000618800000, 0x0000000618800000|100%| O|  |TAMS 0x0000000618400000| PB 0x0000000618400000| Untracked 
|  98|0x0000000618800000, 0x0000000618c00000, 0x0000000618c00000|100%| O|  |TAMS 0x0000000618800000| PB 0x0000000618800000| Untracked 
|  99|0x0000000618c00000, 0x0000000619000000, 0x0000000619000000|100%| O|  |TAMS 0x0000000618c00000| PB 0x0000000618c00000| Untracked 
| 100|0x0000000619000000, 0x0000000619400000, 0x0000000619400000|100%| O|  |TAMS 0x0000000619000000| PB 0x0000000619000000| Untracked 
| 101|0x0000000619400000, 0x0000000619800000, 0x0000000619800000|100%| O|  |TAMS 0x0000000619400000| PB 0x0000000619400000| Untracked 
| 102|0x0000000619800000, 0x0000000619c00000, 0x0000000619c00000|100%| O|  |TAMS 0x0000000619800000| PB 0x0000000619800000| Untracked 
| 103|0x0000000619c00000, 0x000000061a000000, 0x000000061a000000|100%| O|  |TAMS 0x0000000619c00000| PB 0x0000000619c00000| Untracked 
| 104|0x000000061a000000, 0x000000061a400000, 0x000000061a400000|100%| O|  |TAMS 0x000000061a000000| PB 0x000000061a000000| Untracked 
| 105|0x000000061a400000, 0x000000061a800000, 0x000000061a800000|100%| O|  |TAMS 0x000000061a400000| PB 0x000000061a400000| Untracked 
| 106|0x000000061a800000, 0x000000061ac00000, 0x000000061ac00000|100%| O|  |TAMS 0x000000061a800000| PB 0x000000061a800000| Untracked 
| 107|0x000000061ac00000, 0x000000061b000000, 0x000000061b000000|100%| O|  |TAMS 0x000000061ac00000| PB 0x000000061ac00000| Untracked 
| 108|0x000000061b000000, 0x000000061b400000, 0x000000061b400000|100%| O|  |TAMS 0x000000061b000000| PB 0x000000061b000000| Untracked 
| 109|0x000000061b400000, 0x000000061b800000, 0x000000061b800000|100%| O|  |TAMS 0x000000061b400000| PB 0x000000061b400000| Untracked 
| 110|0x000000061b800000, 0x000000061bc00000, 0x000000061bc00000|100%| O|  |TAMS 0x000000061b800000| PB 0x000000061b800000| Untracked 
| 111|0x000000061bc00000, 0x000000061c000000, 0x000000061c000000|100%| O|  |TAMS 0x000000061bc00000| PB 0x000000061bc00000| Untracked 
| 112|0x000000061c000000, 0x000000061c400000, 0x000000061c400000|100%| O|  |TAMS 0x000000061c000000| PB 0x000000061c000000| Untracked 
| 113|0x000000061c400000, 0x000000061c800000, 0x000000061c800000|100%| O|  |TAMS 0x000000061c400000| PB 0x000000061c400000| Untracked 
| 114|0x000000061c800000, 0x000000061cc00000, 0x000000061cc00000|100%| O|  |TAMS 0x000000061c800000| PB 0x000000061c800000| Untracked 
| 115|0x000000061cc00000, 0x000000061d000000, 0x000000061d000000|100%| O|  |TAMS 0x000000061cc00000| PB 0x000000061cc00000| Untracked 
| 116|0x000000061d000000, 0x000000061d400000, 0x000000061d400000|100%| O|  |TAMS 0x000000061d000000| PB 0x000000061d000000| Untracked 
| 117|0x000000061d400000, 0x000000061d800000, 0x000000061d800000|100%| O|  |TAMS 0x000000061d400000| PB 0x000000061d400000| Untracked 
| 118|0x000000061d800000, 0x000000061dc00000, 0x000000061dc00000|100%| O|  |TAMS 0x000000061d800000| PB 0x000000061d800000| Untracked 
| 119|0x000000061dc00000, 0x000000061e000000, 0x000000061e000000|100%| O|  |TAMS 0x000000061dc00000| PB 0x000000061dc00000| Untracked 
| 120|0x000000061e000000, 0x000000061e400000, 0x000000061e400000|100%| O|  |TAMS 0x000000061e000000| PB 0x000000061e000000| Untracked 
| 121|0x000000061e400000, 0x000000061e800000, 0x000000061e800000|100%| O|  |TAMS 0x000000061e400000| PB 0x000000061e400000| Untracked 
| 122|0x000000061e800000, 0x000000061ec00000, 0x000000061ec00000|100%| O|  |TAMS 0x000000061e800000| PB 0x000000061e800000| Untracked 
| 123|0x000000061ec00000, 0x000000061f000000, 0x000000061f000000|100%| O|  |TAMS 0x000000061ec00000| PB 0x000000061ec00000| Untracked 
| 124|0x000000061f000000, 0x000000061f400000, 0x000000061f400000|100%| O|  |TAMS 0x000000061f000000| PB 0x000000061f000000| Untracked 
| 125|0x000000061f400000, 0x000000061f800000, 0x000000061f800000|100%| O|  |TAMS 0x000000061f400000| PB 0x000000061f400000| Untracked 
| 126|0x000000061f800000, 0x000000061fc00000, 0x000000061fc00000|100%| O|  |TAMS 0x000000061f800000| PB 0x000000061f800000| Untracked 
| 127|0x000000061fc00000, 0x0000000620000000, 0x0000000620000000|100%| O|  |TAMS 0x000000061fc00000| PB 0x000000061fc00000| Untracked 
| 128|0x0000000620000000, 0x0000000620400000, 0x0000000620400000|100%| O|  |TAMS 0x0000000620000000| PB 0x0000000620000000| Untracked 
| 129|0x0000000620400000, 0x0000000620800000, 0x0000000620800000|100%| O|  |TAMS 0x0000000620400000| PB 0x0000000620400000| Untracked 
| 130|0x0000000620800000, 0x0000000620c00000, 0x0000000620c00000|100%| O|  |TAMS 0x0000000620800000| PB 0x0000000620800000| Untracked 
| 131|0x0000000620c00000, 0x0000000621000000, 0x0000000621000000|100%| O|  |TAMS 0x0000000620c00000| PB 0x0000000620c00000| Untracked 
| 132|0x0000000621000000, 0x0000000621400000, 0x0000000621400000|100%| O|  |TAMS 0x0000000621000000| PB 0x0000000621000000| Untracked 
| 133|0x0000000621400000, 0x0000000621800000, 0x0000000621800000|100%| O|  |TAMS 0x0000000621400000| PB 0x0000000621400000| Untracked 
| 134|0x0000000621800000, 0x0000000621c00000, 0x0000000621c00000|100%| O|  |TAMS 0x0000000621800000| PB 0x0000000621800000| Untracked 
| 135|0x0000000621c00000, 0x0000000622000000, 0x0000000622000000|100%| O|  |TAMS 0x0000000621c00000| PB 0x0000000621c00000| Untracked 
| 136|0x0000000622000000, 0x0000000622400000, 0x0000000622400000|100%| O|  |TAMS 0x0000000622000000| PB 0x0000000622000000| Untracked 
| 137|0x0000000622400000, 0x0000000622800000, 0x0000000622800000|100%| O|  |TAMS 0x0000000622400000| PB 0x0000000622400000| Untracked 
| 138|0x0000000622800000, 0x0000000622c00000, 0x0000000622c00000|100%| O|  |TAMS 0x0000000622800000| PB 0x0000000622800000| Untracked 
| 139|0x0000000622c00000, 0x0000000623000000, 0x0000000623000000|100%| O|  |TAMS 0x0000000622c00000| PB 0x0000000622c00000| Untracked 
| 140|0x0000000623000000, 0x0000000623400000, 0x0000000623400000|100%| O|  |TAMS 0x0000000623000000| PB 0x0000000623000000| Untracked 
| 141|0x0000000623400000, 0x0000000623800000, 0x0000000623800000|100%| O|  |TAMS 0x0000000623400000| PB 0x0000000623400000| Untracked 
| 142|0x0000000623800000, 0x0000000623c00000, 0x0000000623c00000|100%| O|  |TAMS 0x0000000623800000| PB 0x0000000623800000| Untracked 
| 143|0x0000000623c00000, 0x0000000624000000, 0x0000000624000000|100%| O|  |TAMS 0x0000000623c00000| PB 0x0000000623c00000| Untracked 
| 144|0x0000000624000000, 0x0000000624400000, 0x0000000624400000|100%| O|  |TAMS 0x0000000624000000| PB 0x0000000624000000| Untracked 
| 145|0x0000000624400000, 0x0000000624800000, 0x0000000624800000|100%| O|  |TAMS 0x0000000624400000| PB 0x0000000624400000| Untracked 
| 146|0x0000000624800000, 0x0000000624c00000, 0x0000000624c00000|100%| O|  |TAMS 0x0000000624800000| PB 0x0000000624800000| Untracked 
| 147|0x0000000624c00000, 0x0000000625000000, 0x0000000625000000|100%| O|  |TAMS 0x0000000624c00000| PB 0x0000000624c00000| Untracked 
| 148|0x0000000625000000, 0x0000000625400000, 0x0000000625400000|100%| O|  |TAMS 0x0000000625000000| PB 0x0000000625000000| Untracked 
| 149|0x0000000625400000, 0x0000000625800000, 0x0000000625800000|100%| O|  |TAMS 0x0000000625400000| PB 0x0000000625400000| Untracked 
| 150|0x0000000625800000, 0x0000000625c00000, 0x0000000625c00000|100%| O|  |TAMS 0x0000000625800000| PB 0x0000000625800000| Untracked 
| 151|0x0000000625c00000, 0x0000000626000000, 0x0000000626000000|100%| O|  |TAMS 0x0000000625c00000| PB 0x0000000625c00000| Untracked 
| 152|0x0000000626000000, 0x0000000626400000, 0x0000000626400000|100%| O|  |TAMS 0x0000000626000000| PB 0x0000000626000000| Untracked 
| 153|0x0000000626400000, 0x0000000626800000, 0x0000000626800000|100%| O|  |TAMS 0x0000000626400000| PB 0x0000000626400000| Untracked 
| 154|0x0000000626800000, 0x0000000626c00000, 0x0000000626c00000|100%| O|  |TAMS 0x0000000626800000| PB 0x0000000626800000| Untracked 
| 155|0x0000000626c00000, 0x0000000627000000, 0x0000000627000000|100%| O|  |TAMS 0x0000000626c00000| PB 0x0000000626c00000| Untracked 
| 156|0x0000000627000000, 0x0000000627400000, 0x0000000627400000|100%| O|  |TAMS 0x0000000627000000| PB 0x0000000627000000| Untracked 
| 157|0x0000000627400000, 0x0000000627800000, 0x0000000627800000|100%| O|  |TAMS 0x0000000627400000| PB 0x0000000627400000| Untracked 
| 158|0x0000000627800000, 0x0000000627c00000, 0x0000000627c00000|100%| O|  |TAMS 0x0000000627800000| PB 0x0000000627800000| Untracked 
| 159|0x0000000627c00000, 0x0000000628000000, 0x0000000628000000|100%| O|  |TAMS 0x0000000627c00000| PB 0x0000000627c00000| Untracked 
| 160|0x0000000628000000, 0x0000000628400000, 0x0000000628400000|100%| O|  |TAMS 0x0000000628000000| PB 0x0000000628000000| Untracked 
| 161|0x0000000628400000, 0x0000000628800000, 0x0000000628800000|100%| O|  |TAMS 0x0000000628400000| PB 0x0000000628400000| Untracked 
| 162|0x0000000628800000, 0x0000000628c00000, 0x0000000628c00000|100%| O|  |TAMS 0x0000000628800000| PB 0x0000000628800000| Untracked 
| 163|0x0000000628c00000, 0x0000000629000000, 0x0000000629000000|100%| O|  |TAMS 0x0000000628c00000| PB 0x0000000628c00000| Untracked 
| 164|0x0000000629000000, 0x0000000629400000, 0x0000000629400000|100%| O|  |TAMS 0x0000000629000000| PB 0x0000000629000000| Untracked 
| 165|0x0000000629400000, 0x0000000629800000, 0x0000000629800000|100%| O|  |TAMS 0x0000000629400000| PB 0x0000000629400000| Untracked 
| 166|0x0000000629800000, 0x0000000629c00000, 0x0000000629c00000|100%| O|  |TAMS 0x0000000629800000| PB 0x0000000629800000| Untracked 
| 167|0x0000000629c00000, 0x000000062a000000, 0x000000062a000000|100%| O|  |TAMS 0x0000000629c00000| PB 0x0000000629c00000| Untracked 
| 168|0x000000062a000000, 0x000000062a400000, 0x000000062a400000|100%| O|  |TAMS 0x000000062a000000| PB 0x000000062a000000| Untracked 
| 169|0x000000062a400000, 0x000000062a800000, 0x000000062a800000|100%| O|  |TAMS 0x000000062a400000| PB 0x000000062a400000| Untracked 
| 170|0x000000062a800000, 0x000000062ac00000, 0x000000062ac00000|100%| O|  |TAMS 0x000000062a800000| PB 0x000000062a800000| Untracked 
| 171|0x000000062ac00000, 0x000000062b000000, 0x000000062b000000|100%| O|  |TAMS 0x000000062ac00000| PB 0x000000062ac00000| Untracked 
| 172|0x000000062b000000, 0x000000062b400000, 0x000000062b400000|100%| O|  |TAMS 0x000000062b000000| PB 0x000000062b000000| Untracked 
| 173|0x000000062b400000, 0x000000062b800000, 0x000000062b800000|100%| O|  |TAMS 0x000000062b400000| PB 0x000000062b400000| Untracked 
| 174|0x000000062b800000, 0x000000062bc00000, 0x000000062bc00000|100%| O|  |TAMS 0x000000062b800000| PB 0x000000062b800000| Untracked 
| 175|0x000000062bc00000, 0x000000062c000000, 0x000000062c000000|100%| O|  |TAMS 0x000000062bc00000| PB 0x000000062bc00000| Untracked 
| 176|0x000000062c000000, 0x000000062c400000, 0x000000062c400000|100%| O|  |TAMS 0x000000062c000000| PB 0x000000062c000000| Untracked 
| 177|0x000000062c400000, 0x000000062c800000, 0x000000062c800000|100%| O|  |TAMS 0x000000062c400000| PB 0x000000062c400000| Untracked 
| 178|0x000000062c800000, 0x000000062cc00000, 0x000000062cc00000|100%| O|  |TAMS 0x000000062c800000| PB 0x000000062c800000| Untracked 
| 179|0x000000062cc00000, 0x000000062d000000, 0x000000062d000000|100%| O|  |TAMS 0x000000062cc00000| PB 0x000000062cc00000| Untracked 
| 180|0x000000062d000000, 0x000000062d400000, 0x000000062d400000|100%| O|  |TAMS 0x000000062d000000| PB 0x000000062d000000| Untracked 
| 181|0x000000062d400000, 0x000000062d800000, 0x000000062d800000|100%| O|  |TAMS 0x000000062d400000| PB 0x000000062d400000| Untracked 
| 182|0x000000062d800000, 0x000000062dc00000, 0x000000062dc00000|100%| O|  |TAMS 0x000000062d800000| PB 0x000000062d800000| Untracked 
| 183|0x000000062dc00000, 0x000000062e000000, 0x000000062e000000|100%| O|  |TAMS 0x000000062dc00000| PB 0x000000062dc00000| Untracked 
| 184|0x000000062e000000, 0x000000062e400000, 0x000000062e400000|100%| O|  |TAMS 0x000000062e000000| PB 0x000000062e000000| Untracked 
| 185|0x000000062e400000, 0x000000062e800000, 0x000000062e800000|100%| O|  |TAMS 0x000000062e400000| PB 0x000000062e400000| Untracked 
| 186|0x000000062e800000, 0x000000062ec00000, 0x000000062ec00000|100%| O|  |TAMS 0x000000062e800000| PB 0x000000062e800000| Untracked 
| 187|0x000000062ec00000, 0x000000062f000000, 0x000000062f000000|100%| O|  |TAMS 0x000000062ec00000| PB 0x000000062ec00000| Untracked 
| 188|0x000000062f000000, 0x000000062f400000, 0x000000062f400000|100%| O|  |TAMS 0x000000062f000000| PB 0x000000062f000000| Untracked 
| 189|0x000000062f400000, 0x000000062f800000, 0x000000062f800000|100%| O|  |TAMS 0x000000062f400000| PB 0x000000062f400000| Untracked 
| 190|0x000000062f800000, 0x000000062fc00000, 0x000000062fc00000|100%| O|  |TAMS 0x000000062f800000| PB 0x000000062f800000| Untracked 
| 191|0x000000062fc00000, 0x0000000630000000, 0x0000000630000000|100%| O|  |TAMS 0x000000062fc00000| PB 0x000000062fc00000| Untracked 
| 192|0x0000000630000000, 0x0000000630400000, 0x0000000630400000|100%| O|  |TAMS 0x0000000630000000| PB 0x0000000630000000| Untracked 
| 193|0x0000000630400000, 0x0000000630800000, 0x0000000630800000|100%| O|  |TAMS 0x0000000630400000| PB 0x0000000630400000| Untracked 
| 194|0x0000000630800000, 0x0000000630c00000, 0x0000000630c00000|100%| O|  |TAMS 0x0000000630800000| PB 0x0000000630800000| Untracked 
| 195|0x0000000630c00000, 0x0000000631000000, 0x0000000631000000|100%| O|  |TAMS 0x0000000630c00000| PB 0x0000000630c00000| Untracked 
| 196|0x0000000631000000, 0x0000000631400000, 0x0000000631400000|100%| O|  |TAMS 0x0000000631000000| PB 0x0000000631000000| Untracked 
| 197|0x0000000631400000, 0x0000000631800000, 0x0000000631800000|100%| O|  |TAMS 0x0000000631400000| PB 0x0000000631400000| Untracked 
| 198|0x0000000631800000, 0x0000000631c00000, 0x0000000631c00000|100%| O|  |TAMS 0x0000000631800000| PB 0x0000000631800000| Untracked 
| 199|0x0000000631c00000, 0x0000000632000000, 0x0000000632000000|100%| O|  |TAMS 0x0000000631c00000| PB 0x0000000631c00000| Untracked 
| 200|0x0000000632000000, 0x0000000632400000, 0x0000000632400000|100%| O|  |TAMS 0x0000000632000000| PB 0x0000000632000000| Untracked 
| 201|0x0000000632400000, 0x0000000632800000, 0x0000000632800000|100%| O|  |TAMS 0x0000000632400000| PB 0x0000000632400000| Untracked 
| 202|0x0000000632800000, 0x0000000632c00000, 0x0000000632c00000|100%| O|  |TAMS 0x0000000632800000| PB 0x0000000632800000| Untracked 
| 203|0x0000000632c00000, 0x0000000633000000, 0x0000000633000000|100%| O|  |TAMS 0x0000000632c00000| PB 0x0000000632c00000| Untracked 
| 204|0x0000000633000000, 0x0000000633400000, 0x0000000633400000|100%| O|  |TAMS 0x0000000633000000| PB 0x0000000633000000| Untracked 
| 205|0x0000000633400000, 0x0000000633800000, 0x0000000633800000|100%| O|  |TAMS 0x0000000633400000| PB 0x0000000633400000| Untracked 
| 206|0x0000000633800000, 0x0000000633c00000, 0x0000000633c00000|100%| O|  |TAMS 0x0000000633800000| PB 0x0000000633800000| Untracked 
| 207|0x0000000633c00000, 0x0000000634000000, 0x0000000634000000|100%| O|  |TAMS 0x0000000633c00000| PB 0x0000000633c00000| Untracked 
| 208|0x0000000634000000, 0x0000000634400000, 0x0000000634400000|100%| O|  |TAMS 0x0000000634000000| PB 0x0000000634000000| Untracked 
| 209|0x0000000634400000, 0x0000000634800000, 0x0000000634800000|100%| O|  |TAMS 0x0000000634400000| PB 0x0000000634400000| Untracked 
| 210|0x0000000634800000, 0x0000000634c00000, 0x0000000634c00000|100%| O|  |TAMS 0x0000000634800000| PB 0x0000000634800000| Untracked 
| 211|0x0000000634c00000, 0x0000000635000000, 0x0000000635000000|100%| O|  |TAMS 0x0000000634c00000| PB 0x0000000634c00000| Untracked 
| 212|0x0000000635000000, 0x0000000635400000, 0x0000000635400000|100%| O|  |TAMS 0x0000000635000000| PB 0x0000000635000000| Untracked 
| 213|0x0000000635400000, 0x0000000635800000, 0x0000000635800000|100%| O|  |TAMS 0x0000000635400000| PB 0x0000000635400000| Untracked 
| 214|0x0000000635800000, 0x0000000635c00000, 0x0000000635c00000|100%| O|  |TAMS 0x0000000635800000| PB 0x0000000635800000| Untracked 
| 215|0x0000000635c00000, 0x0000000636000000, 0x0000000636000000|100%| O|  |TAMS 0x0000000635c00000| PB 0x0000000635c00000| Untracked 
| 216|0x0000000636000000, 0x0000000636400000, 0x0000000636400000|100%| O|  |TAMS 0x0000000636000000| PB 0x0000000636000000| Untracked 
| 217|0x0000000636400000, 0x0000000636800000, 0x0000000636800000|100%| O|  |TAMS 0x0000000636400000| PB 0x0000000636400000| Untracked 
| 218|0x0000000636800000, 0x0000000636c00000, 0x0000000636c00000|100%| O|  |TAMS 0x0000000636800000| PB 0x0000000636800000| Untracked 
| 219|0x0000000636c00000, 0x0000000637000000, 0x0000000637000000|100%| O|  |TAMS 0x0000000636c00000| PB 0x0000000636c00000| Untracked 
| 220|0x0000000637000000, 0x0000000637400000, 0x0000000637400000|100%| O|  |TAMS 0x0000000637000000| PB 0x0000000637000000| Untracked 
| 221|0x0000000637400000, 0x0000000637800000, 0x0000000637800000|100%| O|  |TAMS 0x0000000637400000| PB 0x0000000637400000| Untracked 
| 222|0x0000000637800000, 0x0000000637c00000, 0x0000000637c00000|100%| O|  |TAMS 0x0000000637800000| PB 0x0000000637800000| Untracked 
| 223|0x0000000637c00000, 0x0000000638000000, 0x0000000638000000|100%| O|  |TAMS 0x0000000637c00000| PB 0x0000000637c00000| Untracked 
| 224|0x0000000638000000, 0x0000000638400000, 0x0000000638400000|100%| O|  |TAMS 0x0000000638000000| PB 0x0000000638000000| Untracked 
| 225|0x0000000638400000, 0x0000000638800000, 0x0000000638800000|100%| O|  |TAMS 0x0000000638400000| PB 0x0000000638400000| Untracked 
| 226|0x0000000638800000, 0x0000000638c00000, 0x0000000638c00000|100%| O|  |TAMS 0x0000000638800000| PB 0x0000000638800000| Untracked 
| 227|0x0000000638c00000, 0x0000000639000000, 0x0000000639000000|100%| O|  |TAMS 0x0000000638c00000| PB 0x0000000638c00000| Untracked 
| 228|0x0000000639000000, 0x0000000639400000, 0x0000000639400000|100%| O|  |TAMS 0x0000000639000000| PB 0x0000000639000000| Untracked 
| 229|0x0000000639400000, 0x0000000639800000, 0x0000000639800000|100%| O|  |TAMS 0x0000000639400000| PB 0x0000000639400000| Untracked 
| 230|0x0000000639800000, 0x0000000639c00000, 0x0000000639c00000|100%| O|  |TAMS 0x0000000639800000| PB 0x0000000639800000| Untracked 
| 231|0x0000000639c00000, 0x000000063a000000, 0x000000063a000000|100%| O|  |TAMS 0x0000000639c00000| PB 0x0000000639c00000| Untracked 
| 232|0x000000063a000000, 0x000000063a400000, 0x000000063a400000|100%| O|  |TAMS 0x000000063a000000| PB 0x000000063a000000| Untracked 
| 233|0x000000063a400000, 0x000000063a800000, 0x000000063a800000|100%| O|  |TAMS 0x000000063a400000| PB 0x000000063a400000| Untracked 
| 234|0x000000063a800000, 0x000000063ac00000, 0x000000063ac00000|100%| O|  |TAMS 0x000000063a800000| PB 0x000000063a800000| Untracked 
| 235|0x000000063ac00000, 0x000000063b000000, 0x000000063b000000|100%| O|  |TAMS 0x000000063ac00000| PB 0x000000063ac00000| Untracked 
| 236|0x000000063b000000, 0x000000063b400000, 0x000000063b400000|100%| O|  |TAMS 0x000000063b000000| PB 0x000000063b000000| Untracked 
| 237|0x000000063b400000, 0x000000063b800000, 0x000000063b800000|100%| O|  |TAMS 0x000000063b400000| PB 0x000000063b400000| Untracked 
| 238|0x000000063b800000, 0x000000063bc00000, 0x000000063bc00000|100%| O|  |TAMS 0x000000063b800000| PB 0x000000063b800000| Untracked 
| 239|0x000000063bc00000, 0x000000063c000000, 0x000000063c000000|100%| O|  |TAMS 0x000000063bc00000| PB 0x000000063bc00000| Untracked 
| 240|0x000000063c000000, 0x000000063c400000, 0x000000063c400000|100%| O|  |TAMS 0x000000063c000000| PB 0x000000063c000000| Untracked 
| 241|0x000000063c400000, 0x000000063c800000, 0x000000063c800000|100%| O|  |TAMS 0x000000063c400000| PB 0x000000063c400000| Untracked 
| 242|0x000000063c800000, 0x000000063cc00000, 0x000000063cc00000|100%| O|  |TAMS 0x000000063c800000| PB 0x000000063c800000| Untracked 
| 243|0x000000063cc00000, 0x000000063d000000, 0x000000063d000000|100%| O|  |TAMS 0x000000063cc00000| PB 0x000000063cc00000| Untracked 
| 244|0x000000063d000000, 0x000000063d400000, 0x000000063d400000|100%| O|  |TAMS 0x000000063d000000| PB 0x000000063d000000| Untracked 
| 245|0x000000063d400000, 0x000000063d800000, 0x000000063d800000|100%| O|  |TAMS 0x000000063d400000| PB 0x000000063d400000| Untracked 
| 246|0x000000063d800000, 0x000000063dc00000, 0x000000063dc00000|100%| O|  |TAMS 0x000000063d800000| PB 0x000000063d800000| Untracked 
| 247|0x000000063dc00000, 0x000000063e000000, 0x000000063e000000|100%| O|  |TAMS 0x000000063dc00000| PB 0x000000063dc00000| Untracked 
| 248|0x000000063e000000, 0x000000063e400000, 0x000000063e400000|100%| O|  |TAMS 0x000000063e000000| PB 0x000000063e000000| Untracked 
| 249|0x000000063e400000, 0x000000063e800000, 0x000000063e800000|100%| O|  |TAMS 0x000000063e400000| PB 0x000000063e400000| Untracked 
| 250|0x000000063e800000, 0x000000063ec00000, 0x000000063ec00000|100%| O|  |TAMS 0x000000063e800000| PB 0x000000063e800000| Untracked 
| 251|0x000000063ec00000, 0x000000063f000000, 0x000000063f000000|100%| O|  |TAMS 0x000000063ec00000| PB 0x000000063ec00000| Untracked 
| 252|0x000000063f000000, 0x000000063f400000, 0x000000063f400000|100%| O|  |TAMS 0x000000063f000000| PB 0x000000063f000000| Untracked 
| 253|0x000000063f400000, 0x000000063f800000, 0x000000063f800000|100%| O|  |TAMS 0x000000063f400000| PB 0x000000063f400000| Untracked 
| 254|0x000000063f800000, 0x000000063fc00000, 0x000000063fc00000|100%| O|  |TAMS 0x000000063f800000| PB 0x000000063f800000| Untracked 
| 255|0x000000063fc00000, 0x0000000640000000, 0x0000000640000000|100%| O|  |TAMS 0x000000063fc00000| PB 0x000000063fc00000| Untracked 
| 256|0x0000000640000000, 0x0000000640400000, 0x0000000640400000|100%| O|  |TAMS 0x0000000640000000| PB 0x0000000640000000| Untracked 
| 257|0x0000000640400000, 0x0000000640800000, 0x0000000640800000|100%| O|  |TAMS 0x0000000640400000| PB 0x0000000640400000| Untracked 
| 258|0x0000000640800000, 0x0000000640c00000, 0x0000000640c00000|100%| O|  |TAMS 0x0000000640800000| PB 0x0000000640800000| Untracked 
| 259|0x0000000640c00000, 0x0000000641000000, 0x0000000641000000|100%| O|  |TAMS 0x0000000640c00000| PB 0x0000000640c00000| Untracked 
| 260|0x0000000641000000, 0x0000000641400000, 0x0000000641400000|100%| O|  |TAMS 0x0000000641000000| PB 0x0000000641000000| Untracked 
| 261|0x0000000641400000, 0x0000000641800000, 0x0000000641800000|100%| O|  |TAMS 0x0000000641400000| PB 0x0000000641400000| Untracked 
| 262|0x0000000641800000, 0x0000000641c00000, 0x0000000641c00000|100%| O|  |TAMS 0x0000000641800000| PB 0x0000000641800000| Untracked 
| 263|0x0000000641c00000, 0x0000000642000000, 0x0000000642000000|100%| O|  |TAMS 0x0000000641c00000| PB 0x0000000641c00000| Untracked 
| 264|0x0000000642000000, 0x0000000642400000, 0x0000000642400000|100%| O|  |TAMS 0x0000000642000000| PB 0x0000000642000000| Untracked 
| 265|0x0000000642400000, 0x0000000642800000, 0x0000000642800000|100%| O|  |TAMS 0x0000000642400000| PB 0x0000000642400000| Untracked 
| 266|0x0000000642800000, 0x0000000642c00000, 0x0000000642c00000|100%| O|  |TAMS 0x0000000642800000| PB 0x0000000642800000| Untracked 
| 267|0x0000000642c00000, 0x0000000643000000, 0x0000000643000000|100%| O|  |TAMS 0x0000000642c00000| PB 0x0000000642c00000| Untracked 
| 268|0x0000000643000000, 0x0000000643400000, 0x0000000643400000|100%| O|  |TAMS 0x0000000643000000| PB 0x0000000643000000| Untracked 
| 269|0x0000000643400000, 0x0000000643800000, 0x0000000643800000|100%| O|  |TAMS 0x0000000643400000| PB 0x0000000643400000| Untracked 
| 270|0x0000000643800000, 0x0000000643c00000, 0x0000000643c00000|100%| O|  |TAMS 0x0000000643800000| PB 0x0000000643800000| Untracked 
| 271|0x0000000643c00000, 0x0000000644000000, 0x0000000644000000|100%| O|  |TAMS 0x0000000643c00000| PB 0x0000000643c00000| Untracked 
| 272|0x0000000644000000, 0x0000000644400000, 0x0000000644400000|100%| O|  |TAMS 0x0000000644000000| PB 0x0000000644000000| Untracked 
| 273|0x0000000644400000, 0x0000000644800000, 0x0000000644800000|100%| O|  |TAMS 0x0000000644400000| PB 0x0000000644400000| Untracked 
| 274|0x0000000644800000, 0x0000000644c00000, 0x0000000644c00000|100%| O|  |TAMS 0x0000000644800000| PB 0x0000000644800000| Untracked 
| 275|0x0000000644c00000, 0x0000000645000000, 0x0000000645000000|100%| O|  |TAMS 0x0000000644c00000| PB 0x0000000644c00000| Untracked 
| 276|0x0000000645000000, 0x0000000645400000, 0x0000000645400000|100%| O|  |TAMS 0x0000000645000000| PB 0x0000000645000000| Untracked 
| 277|0x0000000645400000, 0x0000000645800000, 0x0000000645800000|100%| O|  |TAMS 0x0000000645400000| PB 0x0000000645400000| Untracked 
| 278|0x0000000645800000, 0x0000000645c00000, 0x0000000645c00000|100%| O|  |TAMS 0x0000000645800000| PB 0x0000000645800000| Untracked 
| 279|0x0000000645c00000, 0x0000000646000000, 0x0000000646000000|100%| O|  |TAMS 0x0000000645c00000| PB 0x0000000645c00000| Untracked 
| 280|0x0000000646000000, 0x0000000646400000, 0x0000000646400000|100%| O|  |TAMS 0x0000000646000000| PB 0x0000000646000000| Untracked 
| 281|0x0000000646400000, 0x0000000646800000, 0x0000000646800000|100%| O|  |TAMS 0x0000000646400000| PB 0x0000000646400000| Untracked 
| 282|0x0000000646800000, 0x0000000646c00000, 0x0000000646c00000|100%| O|  |TAMS 0x0000000646800000| PB 0x0000000646800000| Untracked 
| 283|0x0000000646c00000, 0x0000000647000000, 0x0000000647000000|100%| O|  |TAMS 0x0000000646c00000| PB 0x0000000646c00000| Untracked 
| 284|0x0000000647000000, 0x0000000647400000, 0x0000000647400000|100%| O|  |TAMS 0x0000000647000000| PB 0x0000000647000000| Untracked 
| 285|0x0000000647400000, 0x0000000647800000, 0x0000000647800000|100%| O|  |TAMS 0x0000000647400000| PB 0x0000000647400000| Untracked 
| 286|0x0000000647800000, 0x0000000647c00000, 0x0000000647c00000|100%| O|  |TAMS 0x0000000647800000| PB 0x0000000647800000| Untracked 
| 287|0x0000000647c00000, 0x0000000648000000, 0x0000000648000000|100%| O|  |TAMS 0x0000000647c00000| PB 0x0000000647c00000| Untracked 
| 288|0x0000000648000000, 0x0000000648400000, 0x0000000648400000|100%| O|  |TAMS 0x0000000648000000| PB 0x0000000648000000| Untracked 
| 289|0x0000000648400000, 0x0000000648800000, 0x0000000648800000|100%| O|  |TAMS 0x0000000648400000| PB 0x0000000648400000| Untracked 
| 290|0x0000000648800000, 0x0000000648c00000, 0x0000000648c00000|100%| O|  |TAMS 0x0000000648800000| PB 0x0000000648800000| Untracked 
| 291|0x0000000648c00000, 0x0000000649000000, 0x0000000649000000|100%| O|  |TAMS 0x0000000648c00000| PB 0x0000000648c00000| Untracked 
| 292|0x0000000649000000, 0x0000000649400000, 0x0000000649400000|100%| O|  |TAMS 0x0000000649000000| PB 0x0000000649000000| Untracked 
| 293|0x0000000649400000, 0x0000000649800000, 0x0000000649800000|100%| O|  |TAMS 0x0000000649400000| PB 0x0000000649400000| Untracked 
| 294|0x0000000649800000, 0x0000000649c00000, 0x0000000649c00000|100%| O|  |TAMS 0x0000000649800000| PB 0x0000000649800000| Untracked 
| 295|0x0000000649c00000, 0x000000064a000000, 0x000000064a000000|100%| O|  |TAMS 0x0000000649c00000| PB 0x0000000649c00000| Untracked 
| 296|0x000000064a000000, 0x000000064a400000, 0x000000064a400000|100%| O|  |TAMS 0x000000064a000000| PB 0x000000064a000000| Untracked 
| 297|0x000000064a400000, 0x000000064a800000, 0x000000064a800000|100%| O|  |TAMS 0x000000064a400000| PB 0x000000064a400000| Untracked 
| 298|0x000000064a800000, 0x000000064ac00000, 0x000000064ac00000|100%| O|  |TAMS 0x000000064a800000| PB 0x000000064a800000| Untracked 
| 299|0x000000064ac00000, 0x000000064b000000, 0x000000064b000000|100%| O|  |TAMS 0x000000064ac00000| PB 0x000000064ac00000| Untracked 
| 300|0x000000064b000000, 0x000000064b400000, 0x000000064b400000|100%| O|  |TAMS 0x000000064b000000| PB 0x000000064b000000| Untracked 
| 301|0x000000064b400000, 0x000000064b800000, 0x000000064b800000|100%| O|  |TAMS 0x000000064b400000| PB 0x000000064b400000| Untracked 
| 302|0x000000064b800000, 0x000000064bc00000, 0x000000064bc00000|100%| O|  |TAMS 0x000000064b800000| PB 0x000000064b800000| Untracked 
| 303|0x000000064bc00000, 0x000000064c000000, 0x000000064c000000|100%| O|  |TAMS 0x000000064bc00000| PB 0x000000064bc00000| Untracked 
| 304|0x000000064c000000, 0x000000064c400000, 0x000000064c400000|100%| O|  |TAMS 0x000000064c000000| PB 0x000000064c000000| Untracked 
| 305|0x000000064c400000, 0x000000064c800000, 0x000000064c800000|100%| O|  |TAMS 0x000000064c400000| PB 0x000000064c400000| Untracked 
| 306|0x000000064c800000, 0x000000064cc00000, 0x000000064cc00000|100%| O|  |TAMS 0x000000064c800000| PB 0x000000064c800000| Untracked 
| 307|0x000000064cc00000, 0x000000064d000000, 0x000000064d000000|100%| O|  |TAMS 0x000000064cc00000| PB 0x000000064cc00000| Untracked 
| 308|0x000000064d000000, 0x000000064d400000, 0x000000064d400000|100%| O|  |TAMS 0x000000064d000000| PB 0x000000064d000000| Untracked 
| 309|0x000000064d400000, 0x000000064d800000, 0x000000064d800000|100%| O|  |TAMS 0x000000064d400000| PB 0x000000064d400000| Untracked 
| 310|0x000000064d800000, 0x000000064dc00000, 0x000000064dc00000|100%| O|  |TAMS 0x000000064d800000| PB 0x000000064d800000| Untracked 
| 311|0x000000064dc00000, 0x000000064e000000, 0x000000064e000000|100%| O|  |TAMS 0x000000064dc00000| PB 0x000000064dc00000| Untracked 
| 312|0x000000064e000000, 0x000000064e400000, 0x000000064e400000|100%| O|  |TAMS 0x000000064e000000| PB 0x000000064e000000| Untracked 
| 313|0x000000064e400000, 0x000000064e800000, 0x000000064e800000|100%| O|  |TAMS 0x000000064e400000| PB 0x000000064e400000| Untracked 
| 314|0x000000064e800000, 0x000000064ec00000, 0x000000064ec00000|100%| O|  |TAMS 0x000000064e800000| PB 0x000000064e800000| Untracked 
| 315|0x000000064ec00000, 0x000000064f000000, 0x000000064f000000|100%| O|  |TAMS 0x000000064ec00000| PB 0x000000064ec00000| Untracked 
| 316|0x000000064f000000, 0x000000064f400000, 0x000000064f400000|100%| O|  |TAMS 0x000000064f000000| PB 0x000000064f000000| Untracked 
| 317|0x000000064f400000, 0x000000064f800000, 0x000000064f800000|100%| O|  |TAMS 0x000000064f400000| PB 0x000000064f400000| Untracked 
| 318|0x000000064f800000, 0x000000064fc00000, 0x000000064fc00000|100%| O|  |TAMS 0x000000064f800000| PB 0x000000064f800000| Untracked 
| 319|0x000000064fc00000, 0x0000000650000000, 0x0000000650000000|100%| O|  |TAMS 0x000000064fc00000| PB 0x000000064fc00000| Untracked 
| 320|0x0000000650000000, 0x0000000650400000, 0x0000000650400000|100%| O|  |TAMS 0x0000000650000000| PB 0x0000000650000000| Untracked 
| 321|0x0000000650400000, 0x0000000650800000, 0x0000000650800000|100%| O|  |TAMS 0x0000000650400000| PB 0x0000000650400000| Untracked 
| 322|0x0000000650800000, 0x0000000650c00000, 0x0000000650c00000|100%| O|  |TAMS 0x0000000650800000| PB 0x0000000650800000| Untracked 
| 323|0x0000000650c00000, 0x0000000651000000, 0x0000000651000000|100%| O|  |TAMS 0x0000000650c00000| PB 0x0000000650c00000| Untracked 
| 324|0x0000000651000000, 0x0000000651400000, 0x0000000651400000|100%| O|  |TAMS 0x0000000651000000| PB 0x0000000651000000| Untracked 
| 325|0x0000000651400000, 0x0000000651800000, 0x0000000651800000|100%| O|  |TAMS 0x0000000651400000| PB 0x0000000651400000| Untracked 
| 326|0x0000000651800000, 0x0000000651c00000, 0x0000000651c00000|100%| O|  |TAMS 0x0000000651800000| PB 0x0000000651800000| Untracked 
| 327|0x0000000651c00000, 0x0000000652000000, 0x0000000652000000|100%| O|  |TAMS 0x0000000651c00000| PB 0x0000000651c00000| Untracked 
| 328|0x0000000652000000, 0x0000000652400000, 0x0000000652400000|100%| O|  |TAMS 0x0000000652000000| PB 0x0000000652000000| Untracked 
| 329|0x0000000652400000, 0x0000000652800000, 0x0000000652800000|100%| O|  |TAMS 0x0000000652400000| PB 0x0000000652400000| Untracked 
| 330|0x0000000652800000, 0x0000000652c00000, 0x0000000652c00000|100%| O|  |TAMS 0x0000000652800000| PB 0x0000000652800000| Untracked 
| 331|0x0000000652c00000, 0x0000000653000000, 0x0000000653000000|100%| O|  |TAMS 0x0000000652c00000| PB 0x0000000652c00000| Untracked 
| 332|0x0000000653000000, 0x0000000653400000, 0x0000000653400000|100%| O|  |TAMS 0x0000000653000000| PB 0x0000000653000000| Untracked 
| 333|0x0000000653400000, 0x0000000653800000, 0x0000000653800000|100%| O|  |TAMS 0x0000000653400000| PB 0x0000000653400000| Untracked 
| 334|0x0000000653800000, 0x0000000653c00000, 0x0000000653c00000|100%| O|  |TAMS 0x0000000653800000| PB 0x0000000653800000| Untracked 
| 335|0x0000000653c00000, 0x0000000654000000, 0x0000000654000000|100%| O|  |TAMS 0x0000000653c00000| PB 0x0000000653c00000| Untracked 
| 336|0x0000000654000000, 0x0000000654400000, 0x0000000654400000|100%| O|  |TAMS 0x0000000654000000| PB 0x0000000654000000| Untracked 
| 337|0x0000000654400000, 0x0000000654800000, 0x0000000654800000|100%| O|  |TAMS 0x0000000654400000| PB 0x0000000654400000| Untracked 
| 338|0x0000000654800000, 0x0000000654c00000, 0x0000000654c00000|100%| O|  |TAMS 0x0000000654800000| PB 0x0000000654800000| Untracked 
| 339|0x0000000654c00000, 0x0000000655000000, 0x0000000655000000|100%| O|  |TAMS 0x0000000654c00000| PB 0x0000000654c00000| Untracked 
| 340|0x0000000655000000, 0x0000000655400000, 0x0000000655400000|100%| O|  |TAMS 0x0000000655000000| PB 0x0000000655000000| Untracked 
| 341|0x0000000655400000, 0x0000000655800000, 0x0000000655800000|100%| O|  |TAMS 0x0000000655400000| PB 0x0000000655400000| Untracked 
| 342|0x0000000655800000, 0x0000000655c00000, 0x0000000655c00000|100%| O|  |TAMS 0x0000000655800000| PB 0x0000000655800000| Untracked 
| 343|0x0000000655c00000, 0x0000000656000000, 0x0000000656000000|100%| O|  |TAMS 0x0000000655c00000| PB 0x0000000655c00000| Untracked 
| 344|0x0000000656000000, 0x0000000656400000, 0x0000000656400000|100%| O|  |TAMS 0x0000000656000000| PB 0x0000000656000000| Untracked 
| 345|0x0000000656400000, 0x0000000656800000, 0x0000000656800000|100%| O|  |TAMS 0x0000000656400000| PB 0x0000000656400000| Untracked 
| 346|0x0000000656800000, 0x0000000656c00000, 0x0000000656c00000|100%| O|  |TAMS 0x0000000656800000| PB 0x0000000656800000| Untracked 
| 347|0x0000000656c00000, 0x0000000657000000, 0x0000000657000000|100%| O|  |TAMS 0x0000000656c00000| PB 0x0000000656c00000| Untracked 
| 348|0x0000000657000000, 0x0000000657400000, 0x0000000657400000|100%| O|  |TAMS 0x0000000657000000| PB 0x0000000657000000| Untracked 
| 349|0x0000000657400000, 0x0000000657800000, 0x0000000657800000|100%| O|  |TAMS 0x0000000657400000| PB 0x0000000657400000| Untracked 
| 350|0x0000000657800000, 0x0000000657c00000, 0x0000000657c00000|100%| O|  |TAMS 0x0000000657800000| PB 0x0000000657800000| Untracked 
| 351|0x0000000657c00000, 0x0000000658000000, 0x0000000658000000|100%| O|  |TAMS 0x0000000657c00000| PB 0x0000000657c00000| Untracked 
| 352|0x0000000658000000, 0x0000000658400000, 0x0000000658400000|100%| O|  |TAMS 0x0000000658000000| PB 0x0000000658000000| Untracked 
| 353|0x0000000658400000, 0x0000000658800000, 0x0000000658800000|100%| O|  |TAMS 0x0000000658400000| PB 0x0000000658400000| Untracked 
| 354|0x0000000658800000, 0x0000000658c00000, 0x0000000658c00000|100%| O|  |TAMS 0x0000000658800000| PB 0x0000000658800000| Untracked 
| 355|0x0000000658c00000, 0x0000000659000000, 0x0000000659000000|100%| O|  |TAMS 0x0000000658c00000| PB 0x0000000658c00000| Untracked 
| 356|0x0000000659000000, 0x0000000659400000, 0x0000000659400000|100%| O|  |TAMS 0x0000000659000000| PB 0x0000000659000000| Untracked 
| 357|0x0000000659400000, 0x0000000659800000, 0x0000000659800000|100%| O|  |TAMS 0x0000000659400000| PB 0x0000000659400000| Untracked 
| 358|0x0000000659800000, 0x0000000659c00000, 0x0000000659c00000|100%| O|  |TAMS 0x0000000659800000| PB 0x0000000659800000| Untracked 
| 359|0x0000000659c00000, 0x000000065a000000, 0x000000065a000000|100%| O|  |TAMS 0x0000000659c00000| PB 0x0000000659c00000| Untracked 
| 360|0x000000065a000000, 0x000000065a400000, 0x000000065a400000|100%| O|  |TAMS 0x000000065a000000| PB 0x000000065a000000| Untracked 
| 361|0x000000065a400000, 0x000000065a800000, 0x000000065a800000|100%| O|  |TAMS 0x000000065a400000| PB 0x000000065a400000| Untracked 
| 362|0x000000065a800000, 0x000000065ac00000, 0x000000065ac00000|100%| O|  |TAMS 0x000000065a800000| PB 0x000000065a800000| Untracked 
| 363|0x000000065ac00000, 0x000000065b000000, 0x000000065b000000|100%| O|  |TAMS 0x000000065ac00000| PB 0x000000065ac00000| Untracked 
| 364|0x000000065b000000, 0x000000065b400000, 0x000000065b400000|100%| O|  |TAMS 0x000000065b000000| PB 0x000000065b000000| Untracked 
| 365|0x000000065b400000, 0x000000065b800000, 0x000000065b800000|100%| O|  |TAMS 0x000000065b400000| PB 0x000000065b400000| Untracked 
| 366|0x000000065b800000, 0x000000065bc00000, 0x000000065bc00000|100%| O|  |TAMS 0x000000065b800000| PB 0x000000065b800000| Untracked 
| 367|0x000000065bc00000, 0x000000065c000000, 0x000000065c000000|100%| O|  |TAMS 0x000000065bc00000| PB 0x000000065bc00000| Untracked 
| 368|0x000000065c000000, 0x000000065c400000, 0x000000065c400000|100%| O|  |TAMS 0x000000065c000000| PB 0x000000065c000000| Untracked 
| 369|0x000000065c400000, 0x000000065c800000, 0x000000065c800000|100%| O|  |TAMS 0x000000065c400000| PB 0x000000065c400000| Untracked 
| 370|0x000000065c800000, 0x000000065cc00000, 0x000000065cc00000|100%| O|  |TAMS 0x000000065c800000| PB 0x000000065c800000| Untracked 
| 371|0x000000065cc00000, 0x000000065d000000, 0x000000065d000000|100%| O|  |TAMS 0x000000065cc00000| PB 0x000000065cc00000| Untracked 
| 372|0x000000065d000000, 0x000000065d400000, 0x000000065d400000|100%| O|  |TAMS 0x000000065d000000| PB 0x000000065d000000| Untracked 
| 373|0x000000065d400000, 0x000000065d800000, 0x000000065d800000|100%| O|  |TAMS 0x000000065d400000| PB 0x000000065d400000| Untracked 
| 374|0x000000065d800000, 0x000000065dc00000, 0x000000065dc00000|100%| O|  |TAMS 0x000000065d800000| PB 0x000000065d800000| Untracked 
| 375|0x000000065dc00000, 0x000000065e000000, 0x000000065e000000|100%| O|  |TAMS 0x000000065dc00000| PB 0x000000065dc00000| Untracked 
| 376|0x000000065e000000, 0x000000065e400000, 0x000000065e400000|100%| O|  |TAMS 0x000000065e000000| PB 0x000000065e000000| Untracked 
| 377|0x000000065e400000, 0x000000065e800000, 0x000000065e800000|100%| O|  |TAMS 0x000000065e400000| PB 0x000000065e400000| Untracked 
| 378|0x000000065e800000, 0x000000065ec00000, 0x000000065ec00000|100%| O|  |TAMS 0x000000065e800000| PB 0x000000065e800000| Untracked 
| 379|0x000000065ec00000, 0x000000065f000000, 0x000000065f000000|100%| O|  |TAMS 0x000000065ec00000| PB 0x000000065ec00000| Untracked 
| 380|0x000000065f000000, 0x000000065f400000, 0x000000065f400000|100%| O|  |TAMS 0x000000065f000000| PB 0x000000065f000000| Untracked 
| 381|0x000000065f400000, 0x000000065f800000, 0x000000065f800000|100%| O|  |TAMS 0x000000065f400000| PB 0x000000065f400000| Untracked 
| 382|0x000000065f800000, 0x000000065f86c030, 0x000000065fc00000| 10%| O|  |TAMS 0x000000065f800000| PB 0x000000065f800000| Untracked 
| 383|0x000000065fc00000, 0x000000065fc00000, 0x0000000660000000|  0%| F|  |TAMS 0x000000065fc00000| PB 0x000000065fc00000| Untracked 
| 384|0x0000000660000000, 0x0000000660000000, 0x0000000660400000|  0%| F|  |TAMS 0x0000000660000000| PB 0x0000000660000000| Untracked 
| 385|0x0000000660400000, 0x0000000660400000, 0x0000000660800000|  0%| F|  |TAMS 0x0000000660400000| PB 0x0000000660400000| Untracked 
| 386|0x0000000660800000, 0x0000000660800000, 0x0000000660c00000|  0%| F|  |TAMS 0x0000000660800000| PB 0x0000000660800000| Untracked 
| 387|0x0000000660c00000, 0x0000000660c00000, 0x0000000661000000|  0%| F|  |TAMS 0x0000000660c00000| PB 0x0000000660c00000| Untracked 
| 388|0x0000000661000000, 0x0000000661000000, 0x0000000661400000|  0%| F|  |TAMS 0x0000000661000000| PB 0x0000000661000000| Untracked 
| 389|0x0000000661400000, 0x0000000661400000, 0x0000000661800000|  0%| F|  |TAMS 0x0000000661400000| PB 0x0000000661400000| Untracked 
| 390|0x0000000661800000, 0x0000000661800000, 0x0000000661c00000|  0%| F|  |TAMS 0x0000000661800000| PB 0x0000000661800000| Untracked 
| 391|0x0000000661c00000, 0x0000000661c00000, 0x0000000662000000|  0%| F|  |TAMS 0x0000000661c00000| PB 0x0000000661c00000| Untracked 
| 392|0x0000000662000000, 0x0000000662000000, 0x0000000662400000|  0%| F|  |TAMS 0x0000000662000000| PB 0x0000000662000000| Untracked 
| 393|0x0000000662400000, 0x0000000662400000, 0x0000000662800000|  0%| F|  |TAMS 0x0000000662400000| PB 0x0000000662400000| Untracked 
| 394|0x0000000662800000, 0x0000000662800000, 0x0000000662c00000|  0%| F|  |TAMS 0x0000000662800000| PB 0x0000000662800000| Untracked 
| 395|0x0000000662c00000, 0x0000000662c00000, 0x0000000663000000|  0%| F|  |TAMS 0x0000000662c00000| PB 0x0000000662c00000| Untracked 
| 396|0x0000000663000000, 0x0000000663000000, 0x0000000663400000|  0%| F|  |TAMS 0x0000000663000000| PB 0x0000000663000000| Untracked 
| 397|0x0000000663400000, 0x0000000663400000, 0x0000000663800000|  0%| F|  |TAMS 0x0000000663400000| PB 0x0000000663400000| Untracked 
| 398|0x0000000663800000, 0x0000000663800000, 0x0000000663c00000|  0%| F|  |TAMS 0x0000000663800000| PB 0x0000000663800000| Untracked 
| 399|0x0000000663c00000, 0x0000000663c00000, 0x0000000664000000|  0%| F|  |TAMS 0x0000000663c00000| PB 0x0000000663c00000| Untracked 
| 400|0x0000000664000000, 0x0000000664000000, 0x0000000664400000|  0%| F|  |TAMS 0x0000000664000000| PB 0x0000000664000000| Untracked 
| 401|0x0000000664400000, 0x0000000664400000, 0x0000000664800000|  0%| F|  |TAMS 0x0000000664400000| PB 0x0000000664400000| Untracked 
| 402|0x0000000664800000, 0x0000000664800000, 0x0000000664c00000|  0%| F|  |TAMS 0x0000000664800000| PB 0x0000000664800000| Untracked 
| 403|0x0000000664c00000, 0x0000000664c00000, 0x0000000665000000|  0%| F|  |TAMS 0x0000000664c00000| PB 0x0000000664c00000| Untracked 
| 404|0x0000000665000000, 0x0000000665000000, 0x0000000665400000|  0%| F|  |TAMS 0x0000000665000000| PB 0x0000000665000000| Untracked 
| 405|0x0000000665400000, 0x0000000665400000, 0x0000000665800000|  0%| F|  |TAMS 0x0000000665400000| PB 0x0000000665400000| Untracked 
| 406|0x0000000665800000, 0x0000000665800000, 0x0000000665c00000|  0%| F|  |TAMS 0x0000000665800000| PB 0x0000000665800000| Untracked 
| 407|0x0000000665c00000, 0x0000000665c00000, 0x0000000666000000|  0%| F|  |TAMS 0x0000000665c00000| PB 0x0000000665c00000| Untracked 
| 408|0x0000000666000000, 0x0000000666000000, 0x0000000666400000|  0%| F|  |TAMS 0x0000000666000000| PB 0x0000000666000000| Untracked 
| 409|0x0000000666400000, 0x0000000666400000, 0x0000000666800000|  0%| F|  |TAMS 0x0000000666400000| PB 0x0000000666400000| Untracked 
| 410|0x0000000666800000, 0x0000000666800000, 0x0000000666c00000|  0%| F|  |TAMS 0x0000000666800000| PB 0x0000000666800000| Untracked 
| 411|0x0000000666c00000, 0x0000000666c00000, 0x0000000667000000|  0%| F|  |TAMS 0x0000000666c00000| PB 0x0000000666c00000| Untracked 
| 412|0x0000000667000000, 0x0000000667000000, 0x0000000667400000|  0%| F|  |TAMS 0x0000000667000000| PB 0x0000000667000000| Untracked 
| 413|0x0000000667400000, 0x0000000667400000, 0x0000000667800000|  0%| F|  |TAMS 0x0000000667400000| PB 0x0000000667400000| Untracked 
| 414|0x0000000667800000, 0x0000000667800000, 0x0000000667c00000|  0%| F|  |TAMS 0x0000000667800000| PB 0x0000000667800000| Untracked 
| 415|0x0000000667c00000, 0x0000000667c00000, 0x0000000668000000|  0%| F|  |TAMS 0x0000000667c00000| PB 0x0000000667c00000| Untracked 
| 416|0x0000000668000000, 0x0000000668000000, 0x0000000668400000|  0%| F|  |TAMS 0x0000000668000000| PB 0x0000000668000000| Untracked 
| 417|0x0000000668400000, 0x0000000668400000, 0x0000000668800000|  0%| F|  |TAMS 0x0000000668400000| PB 0x0000000668400000| Untracked 
| 418|0x0000000668800000, 0x0000000668800000, 0x0000000668c00000|  0%| F|  |TAMS 0x0000000668800000| PB 0x0000000668800000| Untracked 
| 419|0x0000000668c00000, 0x0000000668c00000, 0x0000000669000000|  0%| F|  |TAMS 0x0000000668c00000| PB 0x0000000668c00000| Untracked 
| 420|0x0000000669000000, 0x0000000669000000, 0x0000000669400000|  0%| F|  |TAMS 0x0000000669000000| PB 0x0000000669000000| Untracked 
| 421|0x0000000669400000, 0x0000000669400000, 0x0000000669800000|  0%| F|  |TAMS 0x0000000669400000| PB 0x0000000669400000| Untracked 
| 422|0x0000000669800000, 0x0000000669800000, 0x0000000669c00000|  0%| F|  |TAMS 0x0000000669800000| PB 0x0000000669800000| Untracked 
| 423|0x0000000669c00000, 0x0000000669c00000, 0x000000066a000000|  0%| F|  |TAMS 0x0000000669c00000| PB 0x0000000669c00000| Untracked 
| 424|0x000000066a000000, 0x000000066a000000, 0x000000066a400000|  0%| F|  |TAMS 0x000000066a000000| PB 0x000000066a000000| Untracked 
| 425|0x000000066a400000, 0x000000066a400000, 0x000000066a800000|  0%| F|  |TAMS 0x000000066a400000| PB 0x000000066a400000| Untracked 
| 426|0x000000066a800000, 0x000000066a800000, 0x000000066ac00000|  0%| F|  |TAMS 0x000000066a800000| PB 0x000000066a800000| Untracked 
| 427|0x000000066ac00000, 0x000000066ac00000, 0x000000066b000000|  0%| F|  |TAMS 0x000000066ac00000| PB 0x000000066ac00000| Untracked 
| 428|0x000000066b000000, 0x000000066b000000, 0x000000066b400000|  0%| F|  |TAMS 0x000000066b000000| PB 0x000000066b000000| Untracked 
| 429|0x000000066b400000, 0x000000066b400000, 0x000000066b800000|  0%| F|  |TAMS 0x000000066b400000| PB 0x000000066b400000| Untracked 
| 430|0x000000066b800000, 0x000000066b800000, 0x000000066bc00000|  0%| F|  |TAMS 0x000000066b800000| PB 0x000000066b800000| Untracked 
| 431|0x000000066bc00000, 0x000000066bc00000, 0x000000066c000000|  0%| F|  |TAMS 0x000000066bc00000| PB 0x000000066bc00000| Untracked 
| 432|0x000000066c000000, 0x000000066c000000, 0x000000066c400000|  0%| F|  |TAMS 0x000000066c000000| PB 0x000000066c000000| Untracked 
| 433|0x000000066c400000, 0x000000066c400000, 0x000000066c800000|  0%| F|  |TAMS 0x000000066c400000| PB 0x000000066c400000| Untracked 
| 434|0x000000066c800000, 0x000000066c800000, 0x000000066cc00000|  0%| F|  |TAMS 0x000000066c800000| PB 0x000000066c800000| Untracked 
| 435|0x000000066cc00000, 0x000000066cc00000, 0x000000066d000000|  0%| F|  |TAMS 0x000000066cc00000| PB 0x000000066cc00000| Untracked 
| 436|0x000000066d000000, 0x000000066d000000, 0x000000066d400000|  0%| F|  |TAMS 0x000000066d000000| PB 0x000000066d000000| Untracked 
| 437|0x000000066d400000, 0x000000066d400000, 0x000000066d800000|  0%| F|  |TAMS 0x000000066d400000| PB 0x000000066d400000| Untracked 
| 438|0x000000066d800000, 0x000000066d800000, 0x000000066dc00000|  0%| F|  |TAMS 0x000000066d800000| PB 0x000000066d800000| Untracked 
| 439|0x000000066dc00000, 0x000000066dc00000, 0x000000066e000000|  0%| F|  |TAMS 0x000000066dc00000| PB 0x000000066dc00000| Untracked 
| 440|0x000000066e000000, 0x000000066e000000, 0x000000066e400000|  0%| F|  |TAMS 0x000000066e000000| PB 0x000000066e000000| Untracked 
| 441|0x000000066e400000, 0x000000066e400000, 0x000000066e800000|  0%| F|  |TAMS 0x000000066e400000| PB 0x000000066e400000| Untracked 
| 442|0x000000066e800000, 0x000000066e800000, 0x000000066ec00000|  0%| F|  |TAMS 0x000000066e800000| PB 0x000000066e800000| Untracked 
| 443|0x000000066ec00000, 0x000000066ec00000, 0x000000066f000000|  0%| F|  |TAMS 0x000000066ec00000| PB 0x000000066ec00000| Untracked 
| 444|0x000000066f000000, 0x000000066f000000, 0x000000066f400000|  0%| F|  |TAMS 0x000000066f000000| PB 0x000000066f000000| Untracked 
| 445|0x000000066f400000, 0x000000066f400000, 0x000000066f800000|  0%| F|  |TAMS 0x000000066f400000| PB 0x000000066f400000| Untracked 
| 446|0x000000066f800000, 0x000000066f800000, 0x000000066fc00000|  0%| F|  |TAMS 0x000000066f800000| PB 0x000000066f800000| Untracked 
| 447|0x000000066fc00000, 0x000000066fc00000, 0x0000000670000000|  0%| F|  |TAMS 0x000000066fc00000| PB 0x000000066fc00000| Untracked 
| 448|0x0000000670000000, 0x0000000670000000, 0x0000000670400000|  0%| F|  |TAMS 0x0000000670000000| PB 0x0000000670000000| Untracked 
| 449|0x0000000670400000, 0x0000000670400000, 0x0000000670800000|  0%| F|  |TAMS 0x0000000670400000| PB 0x0000000670400000| Untracked 
| 450|0x0000000670800000, 0x0000000670800000, 0x0000000670c00000|  0%| F|  |TAMS 0x0000000670800000| PB 0x0000000670800000| Untracked 
| 451|0x0000000670c00000, 0x0000000670c00000, 0x0000000671000000|  0%| F|  |TAMS 0x0000000670c00000| PB 0x0000000670c00000| Untracked 
| 452|0x0000000671000000, 0x0000000671000000, 0x0000000671400000|  0%| F|  |TAMS 0x0000000671000000| PB 0x0000000671000000| Untracked 
| 453|0x0000000671400000, 0x0000000671400000, 0x0000000671800000|  0%| F|  |TAMS 0x0000000671400000| PB 0x0000000671400000| Untracked 
| 454|0x0000000671800000, 0x0000000671800000, 0x0000000671c00000|  0%| F|  |TAMS 0x0000000671800000| PB 0x0000000671800000| Untracked 
| 455|0x0000000671c00000, 0x0000000671c00000, 0x0000000672000000|  0%| F|  |TAMS 0x0000000671c00000| PB 0x0000000671c00000| Untracked 
| 456|0x0000000672000000, 0x0000000672000000, 0x0000000672400000|  0%| F|  |TAMS 0x0000000672000000| PB 0x0000000672000000| Untracked 
| 457|0x0000000672400000, 0x0000000672400000, 0x0000000672800000|  0%| F|  |TAMS 0x0000000672400000| PB 0x0000000672400000| Untracked 
| 458|0x0000000672800000, 0x0000000672800000, 0x0000000672c00000|  0%| F|  |TAMS 0x0000000672800000| PB 0x0000000672800000| Untracked 
| 459|0x0000000672c00000, 0x0000000672c00000, 0x0000000673000000|  0%| F|  |TAMS 0x0000000672c00000| PB 0x0000000672c00000| Untracked 
| 460|0x0000000673000000, 0x0000000673000000, 0x0000000673400000|  0%| F|  |TAMS 0x0000000673000000| PB 0x0000000673000000| Untracked 
| 461|0x0000000673400000, 0x0000000673400000, 0x0000000673800000|  0%| F|  |TAMS 0x0000000673400000| PB 0x0000000673400000| Untracked 
| 462|0x0000000673800000, 0x0000000673800000, 0x0000000673c00000|  0%| F|  |TAMS 0x0000000673800000| PB 0x0000000673800000| Untracked 
| 463|0x0000000673c00000, 0x0000000673c00000, 0x0000000674000000|  0%| F|  |TAMS 0x0000000673c00000| PB 0x0000000673c00000| Untracked 
| 464|0x0000000674000000, 0x0000000674000000, 0x0000000674400000|  0%| F|  |TAMS 0x0000000674000000| PB 0x0000000674000000| Untracked 
| 465|0x0000000674400000, 0x0000000674400000, 0x0000000674800000|  0%| F|  |TAMS 0x0000000674400000| PB 0x0000000674400000| Untracked 
| 466|0x0000000674800000, 0x0000000674800000, 0x0000000674c00000|  0%| F|  |TAMS 0x0000000674800000| PB 0x0000000674800000| Untracked 
| 467|0x0000000674c00000, 0x0000000674c00000, 0x0000000675000000|  0%| F|  |TAMS 0x0000000674c00000| PB 0x0000000674c00000| Untracked 
| 468|0x0000000675000000, 0x0000000675000000, 0x0000000675400000|  0%| F|  |TAMS 0x0000000675000000| PB 0x0000000675000000| Untracked 
| 469|0x0000000675400000, 0x0000000675400000, 0x0000000675800000|  0%| F|  |TAMS 0x0000000675400000| PB 0x0000000675400000| Untracked 
| 470|0x0000000675800000, 0x0000000675800000, 0x0000000675c00000|  0%| F|  |TAMS 0x0000000675800000| PB 0x0000000675800000| Untracked 
| 471|0x0000000675c00000, 0x0000000675c00000, 0x0000000676000000|  0%| F|  |TAMS 0x0000000675c00000| PB 0x0000000675c00000| Untracked 
| 472|0x0000000676000000, 0x0000000676000000, 0x0000000676400000|  0%| F|  |TAMS 0x0000000676000000| PB 0x0000000676000000| Untracked 
| 473|0x0000000676400000, 0x0000000676400000, 0x0000000676800000|  0%| F|  |TAMS 0x0000000676400000| PB 0x0000000676400000| Untracked 
| 474|0x0000000676800000, 0x0000000676800000, 0x0000000676c00000|  0%| F|  |TAMS 0x0000000676800000| PB 0x0000000676800000| Untracked 
| 475|0x0000000676c00000, 0x0000000676c00000, 0x0000000677000000|  0%| F|  |TAMS 0x0000000676c00000| PB 0x0000000676c00000| Untracked 
| 476|0x0000000677000000, 0x0000000677000000, 0x0000000677400000|  0%| F|  |TAMS 0x0000000677000000| PB 0x0000000677000000| Untracked 
| 477|0x0000000677400000, 0x0000000677400000, 0x0000000677800000|  0%| F|  |TAMS 0x0000000677400000| PB 0x0000000677400000| Untracked 
| 478|0x0000000677800000, 0x0000000677800000, 0x0000000677c00000|  0%| F|  |TAMS 0x0000000677800000| PB 0x0000000677800000| Untracked 
| 479|0x0000000677c00000, 0x0000000677c00000, 0x0000000678000000|  0%| F|  |TAMS 0x0000000677c00000| PB 0x0000000677c00000| Untracked 
| 480|0x0000000678000000, 0x0000000678000000, 0x0000000678400000|  0%| F|  |TAMS 0x0000000678000000| PB 0x0000000678000000| Untracked 
| 481|0x0000000678400000, 0x0000000678400000, 0x0000000678800000|  0%| F|  |TAMS 0x0000000678400000| PB 0x0000000678400000| Untracked 
| 482|0x0000000678800000, 0x0000000678800000, 0x0000000678c00000|  0%| F|  |TAMS 0x0000000678800000| PB 0x0000000678800000| Untracked 
| 483|0x0000000678c00000, 0x0000000678c00000, 0x0000000679000000|  0%| F|  |TAMS 0x0000000678c00000| PB 0x0000000678c00000| Untracked 
| 484|0x0000000679000000, 0x0000000679000000, 0x0000000679400000|  0%| F|  |TAMS 0x0000000679000000| PB 0x0000000679000000| Untracked 
| 485|0x0000000679400000, 0x0000000679400000, 0x0000000679800000|  0%| F|  |TAMS 0x0000000679400000| PB 0x0000000679400000| Untracked 
| 486|0x0000000679800000, 0x0000000679800000, 0x0000000679c00000|  0%| F|  |TAMS 0x0000000679800000| PB 0x0000000679800000| Untracked 
| 487|0x0000000679c00000, 0x0000000679c00000, 0x000000067a000000|  0%| F|  |TAMS 0x0000000679c00000| PB 0x0000000679c00000| Untracked 
| 488|0x000000067a000000, 0x000000067a000000, 0x000000067a400000|  0%| F|  |TAMS 0x000000067a000000| PB 0x000000067a000000| Untracked 
| 489|0x000000067a400000, 0x000000067a400000, 0x000000067a800000|  0%| F|  |TAMS 0x000000067a400000| PB 0x000000067a400000| Untracked 
| 490|0x000000067a800000, 0x000000067a800000, 0x000000067ac00000|  0%| F|  |TAMS 0x000000067a800000| PB 0x000000067a800000| Untracked 
| 491|0x000000067ac00000, 0x000000067ac00000, 0x000000067b000000|  0%| F|  |TAMS 0x000000067ac00000| PB 0x000000067ac00000| Untracked 
| 492|0x000000067b000000, 0x000000067b000000, 0x000000067b400000|  0%| F|  |TAMS 0x000000067b000000| PB 0x000000067b000000| Untracked 
| 493|0x000000067b400000, 0x000000067b400000, 0x000000067b800000|  0%| F|  |TAMS 0x000000067b400000| PB 0x000000067b400000| Untracked 
| 494|0x000000067b800000, 0x000000067b800000, 0x000000067bc00000|  0%| F|  |TAMS 0x000000067b800000| PB 0x000000067b800000| Untracked 
| 495|0x000000067bc00000, 0x000000067bc00000, 0x000000067c000000|  0%| F|  |TAMS 0x000000067bc00000| PB 0x000000067bc00000| Untracked 
| 496|0x000000067c000000, 0x000000067c000000, 0x000000067c400000|  0%| F|  |TAMS 0x000000067c000000| PB 0x000000067c000000| Untracked 
| 497|0x000000067c400000, 0x000000067c400000, 0x000000067c800000|  0%| F|  |TAMS 0x000000067c400000| PB 0x000000067c400000| Untracked 
| 498|0x000000067c800000, 0x000000067c800000, 0x000000067cc00000|  0%| F|  |TAMS 0x000000067c800000| PB 0x000000067c800000| Untracked 
| 499|0x000000067cc00000, 0x000000067cc00000, 0x000000067d000000|  0%| F|  |TAMS 0x000000067cc00000| PB 0x000000067cc00000| Untracked 
| 500|0x000000067d000000, 0x000000067d000000, 0x000000067d400000|  0%| F|  |TAMS 0x000000067d000000| PB 0x000000067d000000| Untracked 
| 501|0x000000067d400000, 0x000000067d400000, 0x000000067d800000|  0%| F|  |TAMS 0x000000067d400000| PB 0x000000067d400000| Untracked 
| 502|0x000000067d800000, 0x000000067d800000, 0x000000067dc00000|  0%| F|  |TAMS 0x000000067d800000| PB 0x000000067d800000| Untracked 
| 503|0x000000067dc00000, 0x000000067dc00000, 0x000000067e000000|  0%| F|  |TAMS 0x000000067dc00000| PB 0x000000067dc00000| Untracked 
| 504|0x000000067e000000, 0x000000067e000000, 0x000000067e400000|  0%| F|  |TAMS 0x000000067e000000| PB 0x000000067e000000| Untracked 
| 505|0x000000067e400000, 0x000000067e400000, 0x000000067e800000|  0%| F|  |TAMS 0x000000067e400000| PB 0x000000067e400000| Untracked 
| 506|0x000000067e800000, 0x000000067e800000, 0x000000067ec00000|  0%| F|  |TAMS 0x000000067e800000| PB 0x000000067e800000| Untracked 
| 507|0x000000067ec00000, 0x000000067ec00000, 0x000000067f000000|  0%| F|  |TAMS 0x000000067ec00000| PB 0x000000067ec00000| Untracked 
| 508|0x000000067f000000, 0x000000067f000000, 0x000000067f400000|  0%| F|  |TAMS 0x000000067f000000| PB 0x000000067f000000| Untracked 
| 509|0x000000067f400000, 0x000000067f400000, 0x000000067f800000|  0%| F|  |TAMS 0x000000067f400000| PB 0x000000067f400000| Untracked 
| 510|0x000000067f800000, 0x000000067f800000, 0x000000067fc00000|  0%| F|  |TAMS 0x000000067f800000| PB 0x000000067f800000| Untracked 
| 511|0x000000067fc00000, 0x000000067fc00000, 0x0000000680000000|  0%| F|  |TAMS 0x000000067fc00000| PB 0x000000067fc00000| Untracked 
| 512|0x0000000680000000, 0x0000000680000000, 0x0000000680400000|  0%| F|  |TAMS 0x0000000680000000| PB 0x0000000680000000| Untracked 
| 513|0x0000000680400000, 0x0000000680400000, 0x0000000680800000|  0%| F|  |TAMS 0x0000000680400000| PB 0x0000000680400000| Untracked 
| 514|0x0000000680800000, 0x0000000680800000, 0x0000000680c00000|  0%| F|  |TAMS 0x0000000680800000| PB 0x0000000680800000| Untracked 
| 515|0x0000000680c00000, 0x0000000680c00000, 0x0000000681000000|  0%| F|  |TAMS 0x0000000680c00000| PB 0x0000000680c00000| Untracked 
| 516|0x0000000681000000, 0x0000000681000000, 0x0000000681400000|  0%| F|  |TAMS 0x0000000681000000| PB 0x0000000681000000| Untracked 
| 517|0x0000000681400000, 0x0000000681400000, 0x0000000681800000|  0%| F|  |TAMS 0x0000000681400000| PB 0x0000000681400000| Untracked 
| 518|0x0000000681800000, 0x0000000681800000, 0x0000000681c00000|  0%| F|  |TAMS 0x0000000681800000| PB 0x0000000681800000| Untracked 
| 519|0x0000000681c00000, 0x0000000681c00000, 0x0000000682000000|  0%| F|  |TAMS 0x0000000681c00000| PB 0x0000000681c00000| Untracked 
| 520|0x0000000682000000, 0x0000000682000000, 0x0000000682400000|  0%| F|  |TAMS 0x0000000682000000| PB 0x0000000682000000| Untracked 
| 521|0x0000000682400000, 0x0000000682400000, 0x0000000682800000|  0%| F|  |TAMS 0x0000000682400000| PB 0x0000000682400000| Untracked 
| 522|0x0000000682800000, 0x0000000682800000, 0x0000000682c00000|  0%| F|  |TAMS 0x0000000682800000| PB 0x0000000682800000| Untracked 
| 523|0x0000000682c00000, 0x0000000682c00000, 0x0000000683000000|  0%| F|  |TAMS 0x0000000682c00000| PB 0x0000000682c00000| Untracked 
| 524|0x0000000683000000, 0x0000000683000000, 0x0000000683400000|  0%| F|  |TAMS 0x0000000683000000| PB 0x0000000683000000| Untracked 
| 525|0x0000000683400000, 0x0000000683400000, 0x0000000683800000|  0%| F|  |TAMS 0x0000000683400000| PB 0x0000000683400000| Untracked 
| 526|0x0000000683800000, 0x0000000683800000, 0x0000000683c00000|  0%| F|  |TAMS 0x0000000683800000| PB 0x0000000683800000| Untracked 
| 527|0x0000000683c00000, 0x0000000683c00000, 0x0000000684000000|  0%| F|  |TAMS 0x0000000683c00000| PB 0x0000000683c00000| Untracked 
| 528|0x0000000684000000, 0x0000000684000000, 0x0000000684400000|  0%| F|  |TAMS 0x0000000684000000| PB 0x0000000684000000| Untracked 
| 529|0x0000000684400000, 0x0000000684400000, 0x0000000684800000|  0%| F|  |TAMS 0x0000000684400000| PB 0x0000000684400000| Untracked 
| 530|0x0000000684800000, 0x0000000684800000, 0x0000000684c00000|  0%| F|  |TAMS 0x0000000684800000| PB 0x0000000684800000| Untracked 
| 531|0x0000000684c00000, 0x0000000684c00000, 0x0000000685000000|  0%| F|  |TAMS 0x0000000684c00000| PB 0x0000000684c00000| Untracked 
| 532|0x0000000685000000, 0x0000000685000000, 0x0000000685400000|  0%| F|  |TAMS 0x0000000685000000| PB 0x0000000685000000| Untracked 
| 533|0x0000000685400000, 0x0000000685400000, 0x0000000685800000|  0%| F|  |TAMS 0x0000000685400000| PB 0x0000000685400000| Untracked 
| 534|0x0000000685800000, 0x0000000685800000, 0x0000000685c00000|  0%| F|  |TAMS 0x0000000685800000| PB 0x0000000685800000| Untracked 
| 535|0x0000000685c00000, 0x0000000685c00000, 0x0000000686000000|  0%| F|  |TAMS 0x0000000685c00000| PB 0x0000000685c00000| Untracked 
| 536|0x0000000686000000, 0x0000000686000000, 0x0000000686400000|  0%| F|  |TAMS 0x0000000686000000| PB 0x0000000686000000| Untracked 
| 537|0x0000000686400000, 0x0000000686400000, 0x0000000686800000|  0%| F|  |TAMS 0x0000000686400000| PB 0x0000000686400000| Untracked 
| 538|0x0000000686800000, 0x0000000686800000, 0x0000000686c00000|  0%| F|  |TAMS 0x0000000686800000| PB 0x0000000686800000| Untracked 
| 539|0x0000000686c00000, 0x0000000686c00000, 0x0000000687000000|  0%| F|  |TAMS 0x0000000686c00000| PB 0x0000000686c00000| Untracked 
| 540|0x0000000687000000, 0x0000000687000000, 0x0000000687400000|  0%| F|  |TAMS 0x0000000687000000| PB 0x0000000687000000| Untracked 
| 541|0x0000000687400000, 0x0000000687400000, 0x0000000687800000|  0%| F|  |TAMS 0x0000000687400000| PB 0x0000000687400000| Untracked 
| 542|0x0000000687800000, 0x0000000687800000, 0x0000000687c00000|  0%| F|  |TAMS 0x0000000687800000| PB 0x0000000687800000| Untracked 
| 543|0x0000000687c00000, 0x0000000687c00000, 0x0000000688000000|  0%| F|  |TAMS 0x0000000687c00000| PB 0x0000000687c00000| Untracked 
| 544|0x0000000688000000, 0x0000000688000000, 0x0000000688400000|  0%| F|  |TAMS 0x0000000688000000| PB 0x0000000688000000| Untracked 
| 545|0x0000000688400000, 0x0000000688400000, 0x0000000688800000|  0%| F|  |TAMS 0x0000000688400000| PB 0x0000000688400000| Untracked 
| 546|0x0000000688800000, 0x0000000688800000, 0x0000000688c00000|  0%| F|  |TAMS 0x0000000688800000| PB 0x0000000688800000| Untracked 
| 547|0x0000000688c00000, 0x0000000688c00000, 0x0000000689000000|  0%| F|  |TAMS 0x0000000688c00000| PB 0x0000000688c00000| Untracked 
| 548|0x0000000689000000, 0x0000000689000000, 0x0000000689400000|  0%| F|  |TAMS 0x0000000689000000| PB 0x0000000689000000| Untracked 
| 549|0x0000000689400000, 0x0000000689400000, 0x0000000689800000|  0%| F|  |TAMS 0x0000000689400000| PB 0x0000000689400000| Untracked 
| 550|0x0000000689800000, 0x0000000689800000, 0x0000000689c00000|  0%| F|  |TAMS 0x0000000689800000| PB 0x0000000689800000| Untracked 
| 551|0x0000000689c00000, 0x0000000689c00000, 0x000000068a000000|  0%| F|  |TAMS 0x0000000689c00000| PB 0x0000000689c00000| Untracked 
| 552|0x000000068a000000, 0x000000068a000000, 0x000000068a400000|  0%| F|  |TAMS 0x000000068a000000| PB 0x000000068a000000| Untracked 
| 553|0x000000068a400000, 0x000000068a400000, 0x000000068a800000|  0%| F|  |TAMS 0x000000068a400000| PB 0x000000068a400000| Untracked 
| 554|0x000000068a800000, 0x000000068a800000, 0x000000068ac00000|  0%| F|  |TAMS 0x000000068a800000| PB 0x000000068a800000| Untracked 
| 555|0x000000068ac00000, 0x000000068ac00000, 0x000000068b000000|  0%| F|  |TAMS 0x000000068ac00000| PB 0x000000068ac00000| Untracked 
| 556|0x000000068b000000, 0x000000068b000000, 0x000000068b400000|  0%| F|  |TAMS 0x000000068b000000| PB 0x000000068b000000| Untracked 
| 557|0x000000068b400000, 0x000000068b400000, 0x000000068b800000|  0%| F|  |TAMS 0x000000068b400000| PB 0x000000068b400000| Untracked 
| 558|0x000000068b800000, 0x000000068b800000, 0x000000068bc00000|  0%| F|  |TAMS 0x000000068b800000| PB 0x000000068b800000| Untracked 
| 559|0x000000068bc00000, 0x000000068bc00000, 0x000000068c000000|  0%| F|  |TAMS 0x000000068bc00000| PB 0x000000068bc00000| Untracked 
| 560|0x000000068c000000, 0x000000068c000000, 0x000000068c400000|  0%| F|  |TAMS 0x000000068c000000| PB 0x000000068c000000| Untracked 
| 561|0x000000068c400000, 0x000000068c400000, 0x000000068c800000|  0%| F|  |TAMS 0x000000068c400000| PB 0x000000068c400000| Untracked 
| 562|0x000000068c800000, 0x000000068c800000, 0x000000068cc00000|  0%| F|  |TAMS 0x000000068c800000| PB 0x000000068c800000| Untracked 
| 563|0x000000068cc00000, 0x000000068cc00000, 0x000000068d000000|  0%| F|  |TAMS 0x000000068cc00000| PB 0x000000068cc00000| Untracked 
| 564|0x000000068d000000, 0x000000068d000000, 0x000000068d400000|  0%| F|  |TAMS 0x000000068d000000| PB 0x000000068d000000| Untracked 
| 565|0x000000068d400000, 0x000000068d400000, 0x000000068d800000|  0%| F|  |TAMS 0x000000068d400000| PB 0x000000068d400000| Untracked 
| 566|0x000000068d800000, 0x000000068d800000, 0x000000068dc00000|  0%| F|  |TAMS 0x000000068d800000| PB 0x000000068d800000| Untracked 
| 567|0x000000068dc00000, 0x000000068dc00000, 0x000000068e000000|  0%| F|  |TAMS 0x000000068dc00000| PB 0x000000068dc00000| Untracked 
| 568|0x000000068e000000, 0x000000068e000000, 0x000000068e400000|  0%| F|  |TAMS 0x000000068e000000| PB 0x000000068e000000| Untracked 
| 569|0x000000068e400000, 0x000000068e400000, 0x000000068e800000|  0%| F|  |TAMS 0x000000068e400000| PB 0x000000068e400000| Untracked 
| 570|0x000000068e800000, 0x000000068e800000, 0x000000068ec00000|  0%| F|  |TAMS 0x000000068e800000| PB 0x000000068e800000| Untracked 
| 571|0x000000068ec00000, 0x000000068ec00000, 0x000000068f000000|  0%| F|  |TAMS 0x000000068ec00000| PB 0x000000068ec00000| Untracked 
| 572|0x000000068f000000, 0x000000068f000000, 0x000000068f400000|  0%| F|  |TAMS 0x000000068f000000| PB 0x000000068f000000| Untracked 
| 573|0x000000068f400000, 0x000000068f400000, 0x000000068f800000|  0%| F|  |TAMS 0x000000068f400000| PB 0x000000068f400000| Untracked 
| 574|0x000000068f800000, 0x000000068f800000, 0x000000068fc00000|  0%| F|  |TAMS 0x000000068f800000| PB 0x000000068f800000| Untracked 
| 575|0x000000068fc00000, 0x000000068fc00000, 0x0000000690000000|  0%| F|  |TAMS 0x000000068fc00000| PB 0x000000068fc00000| Untracked 
| 576|0x0000000690000000, 0x0000000690000000, 0x0000000690400000|  0%| F|  |TAMS 0x0000000690000000| PB 0x0000000690000000| Untracked 
| 577|0x0000000690400000, 0x0000000690400000, 0x0000000690800000|  0%| F|  |TAMS 0x0000000690400000| PB 0x0000000690400000| Untracked 
| 578|0x0000000690800000, 0x0000000690800000, 0x0000000690c00000|  0%| F|  |TAMS 0x0000000690800000| PB 0x0000000690800000| Untracked 
| 579|0x0000000690c00000, 0x0000000690c00000, 0x0000000691000000|  0%| F|  |TAMS 0x0000000690c00000| PB 0x0000000690c00000| Untracked 
| 580|0x0000000691000000, 0x0000000691000000, 0x0000000691400000|  0%| F|  |TAMS 0x0000000691000000| PB 0x0000000691000000| Untracked 
| 581|0x0000000691400000, 0x0000000691400000, 0x0000000691800000|  0%| F|  |TAMS 0x0000000691400000| PB 0x0000000691400000| Untracked 
| 582|0x0000000691800000, 0x0000000691800000, 0x0000000691c00000|  0%| F|  |TAMS 0x0000000691800000| PB 0x0000000691800000| Untracked 
| 583|0x0000000691c00000, 0x0000000691c00000, 0x0000000692000000|  0%| F|  |TAMS 0x0000000691c00000| PB 0x0000000691c00000| Untracked 
| 584|0x0000000692000000, 0x0000000692000000, 0x0000000692400000|  0%| F|  |TAMS 0x0000000692000000| PB 0x0000000692000000| Untracked 
| 585|0x0000000692400000, 0x0000000692400000, 0x0000000692800000|  0%| F|  |TAMS 0x0000000692400000| PB 0x0000000692400000| Untracked 
| 586|0x0000000692800000, 0x0000000692800000, 0x0000000692c00000|  0%| F|  |TAMS 0x0000000692800000| PB 0x0000000692800000| Untracked 
| 587|0x0000000692c00000, 0x0000000692c00000, 0x0000000693000000|  0%| F|  |TAMS 0x0000000692c00000| PB 0x0000000692c00000| Untracked 
| 588|0x0000000693000000, 0x0000000693000000, 0x0000000693400000|  0%| F|  |TAMS 0x0000000693000000| PB 0x0000000693000000| Untracked 
| 589|0x0000000693400000, 0x0000000693400000, 0x0000000693800000|  0%| F|  |TAMS 0x0000000693400000| PB 0x0000000693400000| Untracked 
| 590|0x0000000693800000, 0x0000000693800000, 0x0000000693c00000|  0%| F|  |TAMS 0x0000000693800000| PB 0x0000000693800000| Untracked 
| 591|0x0000000693c00000, 0x0000000693c00000, 0x0000000694000000|  0%| F|  |TAMS 0x0000000693c00000| PB 0x0000000693c00000| Untracked 
| 592|0x0000000694000000, 0x0000000694000000, 0x0000000694400000|  0%| F|  |TAMS 0x0000000694000000| PB 0x0000000694000000| Untracked 
| 593|0x0000000694400000, 0x0000000694400000, 0x0000000694800000|  0%| F|  |TAMS 0x0000000694400000| PB 0x0000000694400000| Untracked 
| 594|0x0000000694800000, 0x0000000694800000, 0x0000000694c00000|  0%| F|  |TAMS 0x0000000694800000| PB 0x0000000694800000| Untracked 
| 595|0x0000000694c00000, 0x0000000694c00000, 0x0000000695000000|  0%| F|  |TAMS 0x0000000694c00000| PB 0x0000000694c00000| Untracked 
| 596|0x0000000695000000, 0x0000000695000000, 0x0000000695400000|  0%| F|  |TAMS 0x0000000695000000| PB 0x0000000695000000| Untracked 
| 597|0x0000000695400000, 0x0000000695400000, 0x0000000695800000|  0%| F|  |TAMS 0x0000000695400000| PB 0x0000000695400000| Untracked 
| 598|0x0000000695800000, 0x0000000695800000, 0x0000000695c00000|  0%| F|  |TAMS 0x0000000695800000| PB 0x0000000695800000| Untracked 
| 599|0x0000000695c00000, 0x0000000695c00000, 0x0000000696000000|  0%| F|  |TAMS 0x0000000695c00000| PB 0x0000000695c00000| Untracked 
| 600|0x0000000696000000, 0x0000000696000000, 0x0000000696400000|  0%| F|  |TAMS 0x0000000696000000| PB 0x0000000696000000| Untracked 
| 601|0x0000000696400000, 0x0000000696400000, 0x0000000696800000|  0%| F|  |TAMS 0x0000000696400000| PB 0x0000000696400000| Untracked 
| 602|0x0000000696800000, 0x0000000696800000, 0x0000000696c00000|  0%| F|  |TAMS 0x0000000696800000| PB 0x0000000696800000| Untracked 
| 603|0x0000000696c00000, 0x0000000696c00000, 0x0000000697000000|  0%| F|  |TAMS 0x0000000696c00000| PB 0x0000000696c00000| Untracked 
| 604|0x0000000697000000, 0x0000000697000000, 0x0000000697400000|  0%| F|  |TAMS 0x0000000697000000| PB 0x0000000697000000| Untracked 
| 605|0x0000000697400000, 0x0000000697400000, 0x0000000697800000|  0%| F|  |TAMS 0x0000000697400000| PB 0x0000000697400000| Untracked 
| 606|0x0000000697800000, 0x0000000697800000, 0x0000000697c00000|  0%| F|  |TAMS 0x0000000697800000| PB 0x0000000697800000| Untracked 
| 607|0x0000000697c00000, 0x0000000697c00000, 0x0000000698000000|  0%| F|  |TAMS 0x0000000697c00000| PB 0x0000000697c00000| Untracked 
| 608|0x0000000698000000, 0x0000000698000000, 0x0000000698400000|  0%| F|  |TAMS 0x0000000698000000| PB 0x0000000698000000| Untracked 
| 609|0x0000000698400000, 0x0000000698400000, 0x0000000698800000|  0%| F|  |TAMS 0x0000000698400000| PB 0x0000000698400000| Untracked 
| 610|0x0000000698800000, 0x0000000698800000, 0x0000000698c00000|  0%| F|  |TAMS 0x0000000698800000| PB 0x0000000698800000| Untracked 
| 611|0x0000000698c00000, 0x0000000698c00000, 0x0000000699000000|  0%| F|  |TAMS 0x0000000698c00000| PB 0x0000000698c00000| Untracked 
| 612|0x0000000699000000, 0x0000000699000000, 0x0000000699400000|  0%| F|  |TAMS 0x0000000699000000| PB 0x0000000699000000| Untracked 
| 613|0x0000000699400000, 0x0000000699400000, 0x0000000699800000|  0%| F|  |TAMS 0x0000000699400000| PB 0x0000000699400000| Untracked 
| 614|0x0000000699800000, 0x0000000699800000, 0x0000000699c00000|  0%| F|  |TAMS 0x0000000699800000| PB 0x0000000699800000| Untracked 
| 615|0x0000000699c00000, 0x0000000699c00000, 0x000000069a000000|  0%| F|  |TAMS 0x0000000699c00000| PB 0x0000000699c00000| Untracked 
| 616|0x000000069a000000, 0x000000069a000000, 0x000000069a400000|  0%| F|  |TAMS 0x000000069a000000| PB 0x000000069a000000| Untracked 
| 617|0x000000069a400000, 0x000000069a400000, 0x000000069a800000|  0%| F|  |TAMS 0x000000069a400000| PB 0x000000069a400000| Untracked 
| 618|0x000000069a800000, 0x000000069a800000, 0x000000069ac00000|  0%| F|  |TAMS 0x000000069a800000| PB 0x000000069a800000| Untracked 
| 619|0x000000069ac00000, 0x000000069ac00000, 0x000000069b000000|  0%| F|  |TAMS 0x000000069ac00000| PB 0x000000069ac00000| Untracked 
| 620|0x000000069b000000, 0x000000069b000000, 0x000000069b400000|  0%| F|  |TAMS 0x000000069b000000| PB 0x000000069b000000| Untracked 
| 621|0x000000069b400000, 0x000000069b400000, 0x000000069b800000|  0%| F|  |TAMS 0x000000069b400000| PB 0x000000069b400000| Untracked 
| 622|0x000000069b800000, 0x000000069b800000, 0x000000069bc00000|  0%| F|  |TAMS 0x000000069b800000| PB 0x000000069b800000| Untracked 
| 623|0x000000069bc00000, 0x000000069bc00000, 0x000000069c000000|  0%| F|  |TAMS 0x000000069bc00000| PB 0x000000069bc00000| Untracked 
| 624|0x000000069c000000, 0x000000069c000000, 0x000000069c400000|  0%| F|  |TAMS 0x000000069c000000| PB 0x000000069c000000| Untracked 
| 625|0x000000069c400000, 0x000000069c400000, 0x000000069c800000|  0%| F|  |TAMS 0x000000069c400000| PB 0x000000069c400000| Untracked 
| 626|0x000000069c800000, 0x000000069c800000, 0x000000069cc00000|  0%| F|  |TAMS 0x000000069c800000| PB 0x000000069c800000| Untracked 
| 627|0x000000069cc00000, 0x000000069cc00000, 0x000000069d000000|  0%| F|  |TAMS 0x000000069cc00000| PB 0x000000069cc00000| Untracked 
| 628|0x000000069d000000, 0x000000069d000000, 0x000000069d400000|  0%| F|  |TAMS 0x000000069d000000| PB 0x000000069d000000| Untracked 
| 629|0x000000069d400000, 0x000000069d400000, 0x000000069d800000|  0%| F|  |TAMS 0x000000069d400000| PB 0x000000069d400000| Untracked 
| 630|0x000000069d800000, 0x000000069d800000, 0x000000069dc00000|  0%| F|  |TAMS 0x000000069d800000| PB 0x000000069d800000| Untracked 
| 631|0x000000069dc00000, 0x000000069dc00000, 0x000000069e000000|  0%| F|  |TAMS 0x000000069dc00000| PB 0x000000069dc00000| Untracked 
| 632|0x000000069e000000, 0x000000069e000000, 0x000000069e400000|  0%| F|  |TAMS 0x000000069e000000| PB 0x000000069e000000| Untracked 
| 633|0x000000069e400000, 0x000000069e400000, 0x000000069e800000|  0%| F|  |TAMS 0x000000069e400000| PB 0x000000069e400000| Untracked 
| 634|0x000000069e800000, 0x000000069e800000, 0x000000069ec00000|  0%| F|  |TAMS 0x000000069e800000| PB 0x000000069e800000| Untracked 
| 635|0x000000069ec00000, 0x000000069ec00000, 0x000000069f000000|  0%| F|  |TAMS 0x000000069ec00000| PB 0x000000069ec00000| Untracked 
| 636|0x000000069f000000, 0x000000069f000000, 0x000000069f400000|  0%| F|  |TAMS 0x000000069f000000| PB 0x000000069f000000| Untracked 
| 637|0x000000069f400000, 0x000000069f400000, 0x000000069f800000|  0%| F|  |TAMS 0x000000069f400000| PB 0x000000069f400000| Untracked 
| 638|0x000000069f800000, 0x000000069f800000, 0x000000069fc00000|  0%| F|  |TAMS 0x000000069f800000| PB 0x000000069f800000| Untracked 
| 639|0x000000069fc00000, 0x000000069fc00000, 0x00000006a0000000|  0%| F|  |TAMS 0x000000069fc00000| PB 0x000000069fc00000| Untracked 
| 640|0x00000006a0000000, 0x00000006a0000000, 0x00000006a0400000|  0%| F|  |TAMS 0x00000006a0000000| PB 0x00000006a0000000| Untracked 
| 641|0x00000006a0400000, 0x00000006a0400000, 0x00000006a0800000|  0%| F|  |TAMS 0x00000006a0400000| PB 0x00000006a0400000| Untracked 
| 642|0x00000006a0800000, 0x00000006a0800000, 0x00000006a0c00000|  0%| F|  |TAMS 0x00000006a0800000| PB 0x00000006a0800000| Untracked 
| 643|0x00000006a0c00000, 0x00000006a0c00000, 0x00000006a1000000|  0%| F|  |TAMS 0x00000006a0c00000| PB 0x00000006a0c00000| Untracked 
| 644|0x00000006a1000000, 0x00000006a1000000, 0x00000006a1400000|  0%| F|  |TAMS 0x00000006a1000000| PB 0x00000006a1000000| Untracked 
| 645|0x00000006a1400000, 0x00000006a1400000, 0x00000006a1800000|  0%| F|  |TAMS 0x00000006a1400000| PB 0x00000006a1400000| Untracked 
| 646|0x00000006a1800000, 0x00000006a1800000, 0x00000006a1c00000|  0%| F|  |TAMS 0x00000006a1800000| PB 0x00000006a1800000| Untracked 
| 647|0x00000006a1c00000, 0x00000006a1c00000, 0x00000006a2000000|  0%| F|  |TAMS 0x00000006a1c00000| PB 0x00000006a1c00000| Untracked 
| 648|0x00000006a2000000, 0x00000006a2000000, 0x00000006a2400000|  0%| F|  |TAMS 0x00000006a2000000| PB 0x00000006a2000000| Untracked 
| 649|0x00000006a2400000, 0x00000006a2400000, 0x00000006a2800000|  0%| F|  |TAMS 0x00000006a2400000| PB 0x00000006a2400000| Untracked 
| 650|0x00000006a2800000, 0x00000006a2800000, 0x00000006a2c00000|  0%| F|  |TAMS 0x00000006a2800000| PB 0x00000006a2800000| Untracked 
| 651|0x00000006a2c00000, 0x00000006a2c00000, 0x00000006a3000000|  0%| F|  |TAMS 0x00000006a2c00000| PB 0x00000006a2c00000| Untracked 
| 652|0x00000006a3000000, 0x00000006a3000000, 0x00000006a3400000|  0%| F|  |TAMS 0x00000006a3000000| PB 0x00000006a3000000| Untracked 
| 653|0x00000006a3400000, 0x00000006a3400000, 0x00000006a3800000|  0%| F|  |TAMS 0x00000006a3400000| PB 0x00000006a3400000| Untracked 
| 654|0x00000006a3800000, 0x00000006a3800000, 0x00000006a3c00000|  0%| F|  |TAMS 0x00000006a3800000| PB 0x00000006a3800000| Untracked 
| 655|0x00000006a3c00000, 0x00000006a3c00000, 0x00000006a4000000|  0%| F|  |TAMS 0x00000006a3c00000| PB 0x00000006a3c00000| Untracked 
| 656|0x00000006a4000000, 0x00000006a4000000, 0x00000006a4400000|  0%| F|  |TAMS 0x00000006a4000000| PB 0x00000006a4000000| Untracked 
| 657|0x00000006a4400000, 0x00000006a4400000, 0x00000006a4800000|  0%| F|  |TAMS 0x00000006a4400000| PB 0x00000006a4400000| Untracked 
| 658|0x00000006a4800000, 0x00000006a4800000, 0x00000006a4c00000|  0%| F|  |TAMS 0x00000006a4800000| PB 0x00000006a4800000| Untracked 
| 659|0x00000006a4c00000, 0x00000006a4c00000, 0x00000006a5000000|  0%| F|  |TAMS 0x00000006a4c00000| PB 0x00000006a4c00000| Untracked 
| 660|0x00000006a5000000, 0x00000006a5000000, 0x00000006a5400000|  0%| F|  |TAMS 0x00000006a5000000| PB 0x00000006a5000000| Untracked 
| 661|0x00000006a5400000, 0x00000006a5400000, 0x00000006a5800000|  0%| F|  |TAMS 0x00000006a5400000| PB 0x00000006a5400000| Untracked 
| 662|0x00000006a5800000, 0x00000006a5800000, 0x00000006a5c00000|  0%| F|  |TAMS 0x00000006a5800000| PB 0x00000006a5800000| Untracked 
| 663|0x00000006a5c00000, 0x00000006a5c00000, 0x00000006a6000000|  0%| F|  |TAMS 0x00000006a5c00000| PB 0x00000006a5c00000| Untracked 
| 664|0x00000006a6000000, 0x00000006a6000000, 0x00000006a6400000|  0%| F|  |TAMS 0x00000006a6000000| PB 0x00000006a6000000| Untracked 
| 665|0x00000006a6400000, 0x00000006a6400000, 0x00000006a6800000|  0%| F|  |TAMS 0x00000006a6400000| PB 0x00000006a6400000| Untracked 
| 666|0x00000006a6800000, 0x00000006a6800000, 0x00000006a6c00000|  0%| F|  |TAMS 0x00000006a6800000| PB 0x00000006a6800000| Untracked 
| 667|0x00000006a6c00000, 0x00000006a6c00000, 0x00000006a7000000|  0%| F|  |TAMS 0x00000006a6c00000| PB 0x00000006a6c00000| Untracked 
| 668|0x00000006a7000000, 0x00000006a7000000, 0x00000006a7400000|  0%| F|  |TAMS 0x00000006a7000000| PB 0x00000006a7000000| Untracked 
| 669|0x00000006a7400000, 0x00000006a7400000, 0x00000006a7800000|  0%| F|  |TAMS 0x00000006a7400000| PB 0x00000006a7400000| Untracked 
| 670|0x00000006a7800000, 0x00000006a7800000, 0x00000006a7c00000|  0%| F|  |TAMS 0x00000006a7800000| PB 0x00000006a7800000| Untracked 
| 671|0x00000006a7c00000, 0x00000006a7c00000, 0x00000006a8000000|  0%| F|  |TAMS 0x00000006a7c00000| PB 0x00000006a7c00000| Untracked 
| 672|0x00000006a8000000, 0x00000006a8000000, 0x00000006a8400000|  0%| F|  |TAMS 0x00000006a8000000| PB 0x00000006a8000000| Untracked 
| 673|0x00000006a8400000, 0x00000006a8400000, 0x00000006a8800000|  0%| F|  |TAMS 0x00000006a8400000| PB 0x00000006a8400000| Untracked 
| 674|0x00000006a8800000, 0x00000006a8800000, 0x00000006a8c00000|  0%| F|  |TAMS 0x00000006a8800000| PB 0x00000006a8800000| Untracked 
| 675|0x00000006a8c00000, 0x00000006a8c00000, 0x00000006a9000000|  0%| F|  |TAMS 0x00000006a8c00000| PB 0x00000006a8c00000| Untracked 
| 676|0x00000006a9000000, 0x00000006a9000000, 0x00000006a9400000|  0%| F|  |TAMS 0x00000006a9000000| PB 0x00000006a9000000| Untracked 
| 677|0x00000006a9400000, 0x00000006a9400000, 0x00000006a9800000|  0%| F|  |TAMS 0x00000006a9400000| PB 0x00000006a9400000| Untracked 
| 678|0x00000006a9800000, 0x00000006a9800000, 0x00000006a9c00000|  0%| F|  |TAMS 0x00000006a9800000| PB 0x00000006a9800000| Untracked 
| 679|0x00000006a9c00000, 0x00000006a9c00000, 0x00000006aa000000|  0%| F|  |TAMS 0x00000006a9c00000| PB 0x00000006a9c00000| Untracked 
| 680|0x00000006aa000000, 0x00000006aa000000, 0x00000006aa400000|  0%| F|  |TAMS 0x00000006aa000000| PB 0x00000006aa000000| Untracked 
| 681|0x00000006aa400000, 0x00000006aa400000, 0x00000006aa800000|  0%| F|  |TAMS 0x00000006aa400000| PB 0x00000006aa400000| Untracked 
| 682|0x00000006aa800000, 0x00000006aa800000, 0x00000006aac00000|  0%| F|  |TAMS 0x00000006aa800000| PB 0x00000006aa800000| Untracked 
| 683|0x00000006aac00000, 0x00000006aac00000, 0x00000006ab000000|  0%| F|  |TAMS 0x00000006aac00000| PB 0x00000006aac00000| Untracked 
| 684|0x00000006ab000000, 0x00000006ab000000, 0x00000006ab400000|  0%| F|  |TAMS 0x00000006ab000000| PB 0x00000006ab000000| Untracked 
| 685|0x00000006ab400000, 0x00000006ab400000, 0x00000006ab800000|  0%| F|  |TAMS 0x00000006ab400000| PB 0x00000006ab400000| Untracked 
| 686|0x00000006ab800000, 0x00000006ab800000, 0x00000006abc00000|  0%| F|  |TAMS 0x00000006ab800000| PB 0x00000006ab800000| Untracked 
| 687|0x00000006abc00000, 0x00000006abc00000, 0x00000006ac000000|  0%| F|  |TAMS 0x00000006abc00000| PB 0x00000006abc00000| Untracked 
| 688|0x00000006ac000000, 0x00000006ac000000, 0x00000006ac400000|  0%| F|  |TAMS 0x00000006ac000000| PB 0x00000006ac000000| Untracked 
| 689|0x00000006ac400000, 0x00000006ac400000, 0x00000006ac800000|  0%| F|  |TAMS 0x00000006ac400000| PB 0x00000006ac400000| Untracked 
| 690|0x00000006ac800000, 0x00000006ac800000, 0x00000006acc00000|  0%| F|  |TAMS 0x00000006ac800000| PB 0x00000006ac800000| Untracked 
| 691|0x00000006acc00000, 0x00000006acc00000, 0x00000006ad000000|  0%| F|  |TAMS 0x00000006acc00000| PB 0x00000006acc00000| Untracked 
| 692|0x00000006ad000000, 0x00000006ad000000, 0x00000006ad400000|  0%| F|  |TAMS 0x00000006ad000000| PB 0x00000006ad000000| Untracked 
| 693|0x00000006ad400000, 0x00000006ad400000, 0x00000006ad800000|  0%| F|  |TAMS 0x00000006ad400000| PB 0x00000006ad400000| Untracked 
| 694|0x00000006ad800000, 0x00000006ad800000, 0x00000006adc00000|  0%| F|  |TAMS 0x00000006ad800000| PB 0x00000006ad800000| Untracked 
| 695|0x00000006adc00000, 0x00000006adc00000, 0x00000006ae000000|  0%| F|  |TAMS 0x00000006adc00000| PB 0x00000006adc00000| Untracked 
| 696|0x00000006ae000000, 0x00000006ae000000, 0x00000006ae400000|  0%| F|  |TAMS 0x00000006ae000000| PB 0x00000006ae000000| Untracked 
| 697|0x00000006ae400000, 0x00000006ae400000, 0x00000006ae800000|  0%| F|  |TAMS 0x00000006ae400000| PB 0x00000006ae400000| Untracked 
| 698|0x00000006ae800000, 0x00000006ae800000, 0x00000006aec00000|  0%| F|  |TAMS 0x00000006ae800000| PB 0x00000006ae800000| Untracked 
| 699|0x00000006aec00000, 0x00000006aec00000, 0x00000006af000000|  0%| F|  |TAMS 0x00000006aec00000| PB 0x00000006aec00000| Untracked 
| 700|0x00000006af000000, 0x00000006af000000, 0x00000006af400000|  0%| F|  |TAMS 0x00000006af000000| PB 0x00000006af000000| Untracked 
| 701|0x00000006af400000, 0x00000006af400000, 0x00000006af800000|  0%| F|  |TAMS 0x00000006af400000| PB 0x00000006af400000| Untracked 
| 702|0x00000006af800000, 0x00000006af800000, 0x00000006afc00000|  0%| F|  |TAMS 0x00000006af800000| PB 0x00000006af800000| Untracked 
| 703|0x00000006afc00000, 0x00000006afc00000, 0x00000006b0000000|  0%| F|  |TAMS 0x00000006afc00000| PB 0x00000006afc00000| Untracked 
| 704|0x00000006b0000000, 0x00000006b0000000, 0x00000006b0400000|  0%| F|  |TAMS 0x00000006b0000000| PB 0x00000006b0000000| Untracked 
| 705|0x00000006b0400000, 0x00000006b0400000, 0x00000006b0800000|  0%| F|  |TAMS 0x00000006b0400000| PB 0x00000006b0400000| Untracked 
| 706|0x00000006b0800000, 0x00000006b0800000, 0x00000006b0c00000|  0%| F|  |TAMS 0x00000006b0800000| PB 0x00000006b0800000| Untracked 
| 707|0x00000006b0c00000, 0x00000006b0c00000, 0x00000006b1000000|  0%| F|  |TAMS 0x00000006b0c00000| PB 0x00000006b0c00000| Untracked 
| 708|0x00000006b1000000, 0x00000006b1000000, 0x00000006b1400000|  0%| F|  |TAMS 0x00000006b1000000| PB 0x00000006b1000000| Untracked 
| 709|0x00000006b1400000, 0x00000006b1400000, 0x00000006b1800000|  0%| F|  |TAMS 0x00000006b1400000| PB 0x00000006b1400000| Untracked 
| 710|0x00000006b1800000, 0x00000006b1800000, 0x00000006b1c00000|  0%| F|  |TAMS 0x00000006b1800000| PB 0x00000006b1800000| Untracked 
| 711|0x00000006b1c00000, 0x00000006b1c00000, 0x00000006b2000000|  0%| F|  |TAMS 0x00000006b1c00000| PB 0x00000006b1c00000| Untracked 
| 712|0x00000006b2000000, 0x00000006b2000000, 0x00000006b2400000|  0%| F|  |TAMS 0x00000006b2000000| PB 0x00000006b2000000| Untracked 
| 713|0x00000006b2400000, 0x00000006b2400000, 0x00000006b2800000|  0%| F|  |TAMS 0x00000006b2400000| PB 0x00000006b2400000| Untracked 
| 714|0x00000006b2800000, 0x00000006b2800000, 0x00000006b2c00000|  0%| F|  |TAMS 0x00000006b2800000| PB 0x00000006b2800000| Untracked 
| 715|0x00000006b2c00000, 0x00000006b2c00000, 0x00000006b3000000|  0%| F|  |TAMS 0x00000006b2c00000| PB 0x00000006b2c00000| Untracked 
| 716|0x00000006b3000000, 0x00000006b3000000, 0x00000006b3400000|  0%| F|  |TAMS 0x00000006b3000000| PB 0x00000006b3000000| Untracked 
| 717|0x00000006b3400000, 0x00000006b3400000, 0x00000006b3800000|  0%| F|  |TAMS 0x00000006b3400000| PB 0x00000006b3400000| Untracked 
| 718|0x00000006b3800000, 0x00000006b3800000, 0x00000006b3c00000|  0%| F|  |TAMS 0x00000006b3800000| PB 0x00000006b3800000| Untracked 
| 719|0x00000006b3c00000, 0x00000006b3c00000, 0x00000006b4000000|  0%| F|  |TAMS 0x00000006b3c00000| PB 0x00000006b3c00000| Untracked 
| 720|0x00000006b4000000, 0x00000006b4000000, 0x00000006b4400000|  0%| F|  |TAMS 0x00000006b4000000| PB 0x00000006b4000000| Untracked 
| 721|0x00000006b4400000, 0x00000006b4400000, 0x00000006b4800000|  0%| F|  |TAMS 0x00000006b4400000| PB 0x00000006b4400000| Untracked 
| 722|0x00000006b4800000, 0x00000006b4800000, 0x00000006b4c00000|  0%| F|  |TAMS 0x00000006b4800000| PB 0x00000006b4800000| Untracked 
| 723|0x00000006b4c00000, 0x00000006b4c00000, 0x00000006b5000000|  0%| F|  |TAMS 0x00000006b4c00000| PB 0x00000006b4c00000| Untracked 
| 724|0x00000006b5000000, 0x00000006b5000000, 0x00000006b5400000|  0%| F|  |TAMS 0x00000006b5000000| PB 0x00000006b5000000| Untracked 
| 725|0x00000006b5400000, 0x00000006b5400000, 0x00000006b5800000|  0%| F|  |TAMS 0x00000006b5400000| PB 0x00000006b5400000| Untracked 
| 726|0x00000006b5800000, 0x00000006b5800000, 0x00000006b5c00000|  0%| F|  |TAMS 0x00000006b5800000| PB 0x00000006b5800000| Untracked 
| 727|0x00000006b5c00000, 0x00000006b5c00000, 0x00000006b6000000|  0%| F|  |TAMS 0x00000006b5c00000| PB 0x00000006b5c00000| Untracked 
| 728|0x00000006b6000000, 0x00000006b6000000, 0x00000006b6400000|  0%| F|  |TAMS 0x00000006b6000000| PB 0x00000006b6000000| Untracked 
| 729|0x00000006b6400000, 0x00000006b6400000, 0x00000006b6800000|  0%| F|  |TAMS 0x00000006b6400000| PB 0x00000006b6400000| Untracked 
| 730|0x00000006b6800000, 0x00000006b6800000, 0x00000006b6c00000|  0%| F|  |TAMS 0x00000006b6800000| PB 0x00000006b6800000| Untracked 
| 731|0x00000006b6c00000, 0x00000006b6c00000, 0x00000006b7000000|  0%| F|  |TAMS 0x00000006b6c00000| PB 0x00000006b6c00000| Untracked 
| 732|0x00000006b7000000, 0x00000006b7000000, 0x00000006b7400000|  0%| F|  |TAMS 0x00000006b7000000| PB 0x00000006b7000000| Untracked 
| 733|0x00000006b7400000, 0x00000006b7400000, 0x00000006b7800000|  0%| F|  |TAMS 0x00000006b7400000| PB 0x00000006b7400000| Untracked 
| 734|0x00000006b7800000, 0x00000006b7800000, 0x00000006b7c00000|  0%| F|  |TAMS 0x00000006b7800000| PB 0x00000006b7800000| Untracked 
| 735|0x00000006b7c00000, 0x00000006b7c00000, 0x00000006b8000000|  0%| F|  |TAMS 0x00000006b7c00000| PB 0x00000006b7c00000| Untracked 
| 736|0x00000006b8000000, 0x00000006b8000000, 0x00000006b8400000|  0%| F|  |TAMS 0x00000006b8000000| PB 0x00000006b8000000| Untracked 
| 737|0x00000006b8400000, 0x00000006b8400000, 0x00000006b8800000|  0%| F|  |TAMS 0x00000006b8400000| PB 0x00000006b8400000| Untracked 
| 738|0x00000006b8800000, 0x00000006b8800000, 0x00000006b8c00000|  0%| F|  |TAMS 0x00000006b8800000| PB 0x00000006b8800000| Untracked 
| 739|0x00000006b8c00000, 0x00000006b8c00000, 0x00000006b9000000|  0%| F|  |TAMS 0x00000006b8c00000| PB 0x00000006b8c00000| Untracked 
| 740|0x00000006b9000000, 0x00000006b9000000, 0x00000006b9400000|  0%| F|  |TAMS 0x00000006b9000000| PB 0x00000006b9000000| Untracked 
| 741|0x00000006b9400000, 0x00000006b9400000, 0x00000006b9800000|  0%| F|  |TAMS 0x00000006b9400000| PB 0x00000006b9400000| Untracked 
| 742|0x00000006b9800000, 0x00000006b9800000, 0x00000006b9c00000|  0%| F|  |TAMS 0x00000006b9800000| PB 0x00000006b9800000| Untracked 
| 743|0x00000006b9c00000, 0x00000006b9c00000, 0x00000006ba000000|  0%| F|  |TAMS 0x00000006b9c00000| PB 0x00000006b9c00000| Untracked 
| 744|0x00000006ba000000, 0x00000006ba000000, 0x00000006ba400000|  0%| F|  |TAMS 0x00000006ba000000| PB 0x00000006ba000000| Untracked 
| 745|0x00000006ba400000, 0x00000006ba400000, 0x00000006ba800000|  0%| F|  |TAMS 0x00000006ba400000| PB 0x00000006ba400000| Untracked 
| 746|0x00000006ba800000, 0x00000006ba800000, 0x00000006bac00000|  0%| F|  |TAMS 0x00000006ba800000| PB 0x00000006ba800000| Untracked 
| 747|0x00000006bac00000, 0x00000006bac00000, 0x00000006bb000000|  0%| F|  |TAMS 0x00000006bac00000| PB 0x00000006bac00000| Untracked 
| 748|0x00000006bb000000, 0x00000006bb000000, 0x00000006bb400000|  0%| F|  |TAMS 0x00000006bb000000| PB 0x00000006bb000000| Untracked 
| 749|0x00000006bb400000, 0x00000006bb400000, 0x00000006bb800000|  0%| F|  |TAMS 0x00000006bb400000| PB 0x00000006bb400000| Untracked 
| 750|0x00000006bb800000, 0x00000006bb800000, 0x00000006bbc00000|  0%| F|  |TAMS 0x00000006bb800000| PB 0x00000006bb800000| Untracked 
| 751|0x00000006bbc00000, 0x00000006bbc00000, 0x00000006bc000000|  0%| F|  |TAMS 0x00000006bbc00000| PB 0x00000006bbc00000| Untracked 
| 752|0x00000006bc000000, 0x00000006bc000000, 0x00000006bc400000|  0%| F|  |TAMS 0x00000006bc000000| PB 0x00000006bc000000| Untracked 
| 753|0x00000006bc400000, 0x00000006bc400000, 0x00000006bc800000|  0%| F|  |TAMS 0x00000006bc400000| PB 0x00000006bc400000| Untracked 
| 754|0x00000006bc800000, 0x00000006bc800000, 0x00000006bcc00000|  0%| F|  |TAMS 0x00000006bc800000| PB 0x00000006bc800000| Untracked 
| 755|0x00000006bcc00000, 0x00000006bcc00000, 0x00000006bd000000|  0%| F|  |TAMS 0x00000006bcc00000| PB 0x00000006bcc00000| Untracked 
| 756|0x00000006bd000000, 0x00000006bd000000, 0x00000006bd400000|  0%| F|  |TAMS 0x00000006bd000000| PB 0x00000006bd000000| Untracked 
| 757|0x00000006bd400000, 0x00000006bd400000, 0x00000006bd800000|  0%| F|  |TAMS 0x00000006bd400000| PB 0x00000006bd400000| Untracked 
| 758|0x00000006bd800000, 0x00000006bd800000, 0x00000006bdc00000|  0%| F|  |TAMS 0x00000006bd800000| PB 0x00000006bd800000| Untracked 
| 759|0x00000006bdc00000, 0x00000006bdc00000, 0x00000006be000000|  0%| F|  |TAMS 0x00000006bdc00000| PB 0x00000006bdc00000| Untracked 
| 760|0x00000006be000000, 0x00000006be000000, 0x00000006be400000|  0%| F|  |TAMS 0x00000006be000000| PB 0x00000006be000000| Untracked 
| 761|0x00000006be400000, 0x00000006be400000, 0x00000006be800000|  0%| F|  |TAMS 0x00000006be400000| PB 0x00000006be400000| Untracked 
| 762|0x00000006be800000, 0x00000006be800000, 0x00000006bec00000|  0%| F|  |TAMS 0x00000006be800000| PB 0x00000006be800000| Untracked 
| 763|0x00000006bec00000, 0x00000006bec00000, 0x00000006bf000000|  0%| F|  |TAMS 0x00000006bec00000| PB 0x00000006bec00000| Untracked 
| 764|0x00000006bf000000, 0x00000006bf000000, 0x00000006bf400000|  0%| F|  |TAMS 0x00000006bf000000| PB 0x00000006bf000000| Untracked 
| 765|0x00000006bf400000, 0x00000006bf400000, 0x00000006bf800000|  0%| F|  |TAMS 0x00000006bf400000| PB 0x00000006bf400000| Untracked 
| 766|0x00000006bf800000, 0x00000006bf800000, 0x00000006bfc00000|  0%| F|  |TAMS 0x00000006bf800000| PB 0x00000006bf800000| Untracked 
| 767|0x00000006bfc00000, 0x00000006bfc00000, 0x00000006c0000000|  0%| F|  |TAMS 0x00000006bfc00000| PB 0x00000006bfc00000| Untracked 
| 768|0x00000006c0000000, 0x00000006c0000000, 0x00000006c0400000|  0%| F|  |TAMS 0x00000006c0000000| PB 0x00000006c0000000| Untracked 
| 769|0x00000006c0400000, 0x00000006c0400000, 0x00000006c0800000|  0%| F|  |TAMS 0x00000006c0400000| PB 0x00000006c0400000| Untracked 
| 770|0x00000006c0800000, 0x00000006c0800000, 0x00000006c0c00000|  0%| F|  |TAMS 0x00000006c0800000| PB 0x00000006c0800000| Untracked 
| 771|0x00000006c0c00000, 0x00000006c0c00000, 0x00000006c1000000|  0%| F|  |TAMS 0x00000006c0c00000| PB 0x00000006c0c00000| Untracked 
| 772|0x00000006c1000000, 0x00000006c1000000, 0x00000006c1400000|  0%| F|  |TAMS 0x00000006c1000000| PB 0x00000006c1000000| Untracked 
| 773|0x00000006c1400000, 0x00000006c1400000, 0x00000006c1800000|  0%| F|  |TAMS 0x00000006c1400000| PB 0x00000006c1400000| Untracked 
| 774|0x00000006c1800000, 0x00000006c1800000, 0x00000006c1c00000|  0%| F|  |TAMS 0x00000006c1800000| PB 0x00000006c1800000| Untracked 
| 775|0x00000006c1c00000, 0x00000006c1c00000, 0x00000006c2000000|  0%| F|  |TAMS 0x00000006c1c00000| PB 0x00000006c1c00000| Untracked 
| 776|0x00000006c2000000, 0x00000006c2000000, 0x00000006c2400000|  0%| F|  |TAMS 0x00000006c2000000| PB 0x00000006c2000000| Untracked 
| 777|0x00000006c2400000, 0x00000006c2400000, 0x00000006c2800000|  0%| F|  |TAMS 0x00000006c2400000| PB 0x00000006c2400000| Untracked 
| 778|0x00000006c2800000, 0x00000006c2800000, 0x00000006c2c00000|  0%| F|  |TAMS 0x00000006c2800000| PB 0x00000006c2800000| Untracked 
| 779|0x00000006c2c00000, 0x00000006c2c00000, 0x00000006c3000000|  0%| F|  |TAMS 0x00000006c2c00000| PB 0x00000006c2c00000| Untracked 
| 780|0x00000006c3000000, 0x00000006c3000000, 0x00000006c3400000|  0%| F|  |TAMS 0x00000006c3000000| PB 0x00000006c3000000| Untracked 
| 781|0x00000006c3400000, 0x00000006c3400000, 0x00000006c3800000|  0%| F|  |TAMS 0x00000006c3400000| PB 0x00000006c3400000| Untracked 
| 782|0x00000006c3800000, 0x00000006c3800000, 0x00000006c3c00000|  0%| F|  |TAMS 0x00000006c3800000| PB 0x00000006c3800000| Untracked 
| 783|0x00000006c3c00000, 0x00000006c3c00000, 0x00000006c4000000|  0%| F|  |TAMS 0x00000006c3c00000| PB 0x00000006c3c00000| Untracked 
| 784|0x00000006c4000000, 0x00000006c4000000, 0x00000006c4400000|  0%| F|  |TAMS 0x00000006c4000000| PB 0x00000006c4000000| Untracked 
| 785|0x00000006c4400000, 0x00000006c4400000, 0x00000006c4800000|  0%| F|  |TAMS 0x00000006c4400000| PB 0x00000006c4400000| Untracked 
| 786|0x00000006c4800000, 0x00000006c4800000, 0x00000006c4c00000|  0%| F|  |TAMS 0x00000006c4800000| PB 0x00000006c4800000| Untracked 
| 787|0x00000006c4c00000, 0x00000006c4c00000, 0x00000006c5000000|  0%| F|  |TAMS 0x00000006c4c00000| PB 0x00000006c4c00000| Untracked 
| 788|0x00000006c5000000, 0x00000006c5000000, 0x00000006c5400000|  0%| F|  |TAMS 0x00000006c5000000| PB 0x00000006c5000000| Untracked 
| 789|0x00000006c5400000, 0x00000006c5400000, 0x00000006c5800000|  0%| F|  |TAMS 0x00000006c5400000| PB 0x00000006c5400000| Untracked 
| 790|0x00000006c5800000, 0x00000006c5800000, 0x00000006c5c00000|  0%| F|  |TAMS 0x00000006c5800000| PB 0x00000006c5800000| Untracked 
| 791|0x00000006c5c00000, 0x00000006c5c00000, 0x00000006c6000000|  0%| F|  |TAMS 0x00000006c5c00000| PB 0x00000006c5c00000| Untracked 
| 792|0x00000006c6000000, 0x00000006c6000000, 0x00000006c6400000|  0%| F|  |TAMS 0x00000006c6000000| PB 0x00000006c6000000| Untracked 
| 793|0x00000006c6400000, 0x00000006c6400000, 0x00000006c6800000|  0%| F|  |TAMS 0x00000006c6400000| PB 0x00000006c6400000| Untracked 
| 794|0x00000006c6800000, 0x00000006c6800000, 0x00000006c6c00000|  0%| F|  |TAMS 0x00000006c6800000| PB 0x00000006c6800000| Untracked 
| 795|0x00000006c6c00000, 0x00000006c6c00000, 0x00000006c7000000|  0%| F|  |TAMS 0x00000006c6c00000| PB 0x00000006c6c00000| Untracked 
| 796|0x00000006c7000000, 0x00000006c7000000, 0x00000006c7400000|  0%| F|  |TAMS 0x00000006c7000000| PB 0x00000006c7000000| Untracked 
| 797|0x00000006c7400000, 0x00000006c7400000, 0x00000006c7800000|  0%| F|  |TAMS 0x00000006c7400000| PB 0x00000006c7400000| Untracked 
| 798|0x00000006c7800000, 0x00000006c7800000, 0x00000006c7c00000|  0%| F|  |TAMS 0x00000006c7800000| PB 0x00000006c7800000| Untracked 
| 799|0x00000006c7c00000, 0x00000006c7d28430, 0x00000006c8000000| 28%| S|CS|TAMS 0x00000006c7c00000| PB 0x00000006c7c00000| Complete 
| 800|0x00000006c8000000, 0x00000006c8400000, 0x00000006c8400000|100%| S|CS|TAMS 0x00000006c8000000| PB 0x00000006c8000000| Complete 
| 801|0x00000006c8400000, 0x00000006c8800000, 0x00000006c8800000|100%| S|CS|TAMS 0x00000006c8400000| PB 0x00000006c8400000| Complete 
| 802|0x00000006c8800000, 0x00000006c8800000, 0x00000006c8c00000|  0%| F|  |TAMS 0x00000006c8800000| PB 0x00000006c8800000| Untracked 
| 803|0x00000006c8c00000, 0x00000006c8c00000, 0x00000006c9000000|  0%| F|  |TAMS 0x00000006c8c00000| PB 0x00000006c8c00000| Untracked 
| 804|0x00000006c9000000, 0x00000006c9000000, 0x00000006c9400000|  0%| F|  |TAMS 0x00000006c9000000| PB 0x00000006c9000000| Untracked 
| 805|0x00000006c9400000, 0x00000006c9400000, 0x00000006c9800000|  0%| F|  |TAMS 0x00000006c9400000| PB 0x00000006c9400000| Untracked 
| 806|0x00000006c9800000, 0x00000006c9800000, 0x00000006c9c00000|  0%| F|  |TAMS 0x00000006c9800000| PB 0x00000006c9800000| Untracked 
| 807|0x00000006c9c00000, 0x00000006ca000000, 0x00000006ca000000|100%| S|CS|TAMS 0x00000006c9c00000| PB 0x00000006c9c00000| Complete 
| 808|0x00000006ca000000, 0x00000006ca000000, 0x00000006ca400000|  0%| F|  |TAMS 0x00000006ca000000| PB 0x00000006ca000000| Untracked 
| 809|0x00000006ca400000, 0x00000006ca400000, 0x00000006ca800000|  0%| F|  |TAMS 0x00000006ca400000| PB 0x00000006ca400000| Untracked 
| 810|0x00000006ca800000, 0x00000006ca800000, 0x00000006cac00000|  0%| F|  |TAMS 0x00000006ca800000| PB 0x00000006ca800000| Untracked 
| 811|0x00000006cac00000, 0x00000006cac00000, 0x00000006cb000000|  0%| F|  |TAMS 0x00000006cac00000| PB 0x00000006cac00000| Untracked 
| 812|0x00000006cb000000, 0x00000006cb000000, 0x00000006cb400000|  0%| F|  |TAMS 0x00000006cb000000| PB 0x00000006cb000000| Untracked 
| 813|0x00000006cb400000, 0x00000006cb400000, 0x00000006cb800000|  0%| F|  |TAMS 0x00000006cb400000| PB 0x00000006cb400000| Untracked 
| 814|0x00000006cb800000, 0x00000006cb800000, 0x00000006cbc00000|  0%| F|  |TAMS 0x00000006cb800000| PB 0x00000006cb800000| Untracked 
| 815|0x00000006cbc00000, 0x00000006cbc00000, 0x00000006cc000000|  0%| F|  |TAMS 0x00000006cbc00000| PB 0x00000006cbc00000| Untracked 
| 816|0x00000006cc000000, 0x00000006cc000000, 0x00000006cc400000|  0%| F|  |TAMS 0x00000006cc000000| PB 0x00000006cc000000| Untracked 
| 817|0x00000006cc400000, 0x00000006cc400000, 0x00000006cc800000|  0%| F|  |TAMS 0x00000006cc400000| PB 0x00000006cc400000| Untracked 
| 818|0x00000006cc800000, 0x00000006cc800000, 0x00000006ccc00000|  0%| F|  |TAMS 0x00000006cc800000| PB 0x00000006cc800000| Untracked 
| 819|0x00000006ccc00000, 0x00000006ccc00000, 0x00000006cd000000|  0%| F|  |TAMS 0x00000006ccc00000| PB 0x00000006ccc00000| Untracked 
| 820|0x00000006cd000000, 0x00000006cd400000, 0x00000006cd400000|100%| S|CS|TAMS 0x00000006cd000000| PB 0x00000006cd000000| Complete 
| 821|0x00000006cd400000, 0x00000006cd800000, 0x00000006cd800000|100%| S|CS|TAMS 0x00000006cd400000| PB 0x00000006cd400000| Complete 
| 822|0x00000006cd800000, 0x00000006cdc00000, 0x00000006cdc00000|100%| S|CS|TAMS 0x00000006cd800000| PB 0x00000006cd800000| Complete 
| 823|0x00000006cdc00000, 0x00000006ce000000, 0x00000006ce000000|100%| S|CS|TAMS 0x00000006cdc00000| PB 0x00000006cdc00000| Complete 
| 824|0x00000006ce000000, 0x00000006ce400000, 0x00000006ce400000|100%| S|CS|TAMS 0x00000006ce000000| PB 0x00000006ce000000| Complete 
| 825|0x00000006ce400000, 0x00000006ce800000, 0x00000006ce800000|100%| S|CS|TAMS 0x00000006ce400000| PB 0x00000006ce400000| Complete 
| 826|0x00000006ce800000, 0x00000006cec00000, 0x00000006cec00000|100%| S|CS|TAMS 0x00000006ce800000| PB 0x00000006ce800000| Complete 
| 827|0x00000006cec00000, 0x00000006cf000000, 0x00000006cf000000|100%| S|CS|TAMS 0x00000006cec00000| PB 0x00000006cec00000| Complete 
| 828|0x00000006cf000000, 0x00000006cf400000, 0x00000006cf400000|100%| S|CS|TAMS 0x00000006cf000000| PB 0x00000006cf000000| Complete 
| 829|0x00000006cf400000, 0x00000006cf800000, 0x00000006cf800000|100%| S|CS|TAMS 0x00000006cf400000| PB 0x00000006cf400000| Complete 
| 830|0x00000006cf800000, 0x00000006cfc00000, 0x00000006cfc00000|100%| S|CS|TAMS 0x00000006cf800000| PB 0x00000006cf800000| Complete 
| 831|0x00000006cfc00000, 0x00000006d0000000, 0x00000006d0000000|100%| S|CS|TAMS 0x00000006cfc00000| PB 0x00000006cfc00000| Complete 
| 832|0x00000006d0000000, 0x00000006d0000000, 0x00000006d0400000|  0%| F|  |TAMS 0x00000006d0000000| PB 0x00000006d0000000| Untracked 
| 833|0x00000006d0400000, 0x00000006d0800000, 0x00000006d0800000|100%| S|CS|TAMS 0x00000006d0400000| PB 0x00000006d0400000| Complete 
| 834|0x00000006d0800000, 0x00000006d0c00000, 0x00000006d0c00000|100%| S|CS|TAMS 0x00000006d0800000| PB 0x00000006d0800000| Complete 
| 835|0x00000006d0c00000, 0x00000006d1000000, 0x00000006d1000000|100%| S|CS|TAMS 0x00000006d0c00000| PB 0x00000006d0c00000| Complete 
| 836|0x00000006d1000000, 0x00000006d1400000, 0x00000006d1400000|100%| S|CS|TAMS 0x00000006d1000000| PB 0x00000006d1000000| Complete 
| 837|0x00000006d1400000, 0x00000006d1800000, 0x00000006d1800000|100%| S|CS|TAMS 0x00000006d1400000| PB 0x00000006d1400000| Complete 
| 838|0x00000006d1800000, 0x00000006d1800000, 0x00000006d1c00000|  0%| F|  |TAMS 0x00000006d1800000| PB 0x00000006d1800000| Untracked 
| 839|0x00000006d1c00000, 0x00000006d1c00000, 0x00000006d2000000|  0%| F|  |TAMS 0x00000006d1c00000| PB 0x00000006d1c00000| Untracked 
| 840|0x00000006d2000000, 0x00000006d2000000, 0x00000006d2400000|  0%| F|  |TAMS 0x00000006d2000000| PB 0x00000006d2000000| Untracked 
| 841|0x00000006d2400000, 0x00000006d2400000, 0x00000006d2800000|  0%| F|  |TAMS 0x00000006d2400000| PB 0x00000006d2400000| Untracked 
| 842|0x00000006d2800000, 0x00000006d2800000, 0x00000006d2c00000|  0%| F|  |TAMS 0x00000006d2800000| PB 0x00000006d2800000| Untracked 
| 843|0x00000006d2c00000, 0x00000006d2c00000, 0x00000006d3000000|  0%| F|  |TAMS 0x00000006d2c00000| PB 0x00000006d2c00000| Untracked 
| 844|0x00000006d3000000, 0x00000006d3000000, 0x00000006d3400000|  0%| F|  |TAMS 0x00000006d3000000| PB 0x00000006d3000000| Untracked 
| 845|0x00000006d3400000, 0x00000006d3400000, 0x00000006d3800000|  0%| F|  |TAMS 0x00000006d3400000| PB 0x00000006d3400000| Untracked 
| 846|0x00000006d3800000, 0x00000006d3800000, 0x00000006d3c00000|  0%| F|  |TAMS 0x00000006d3800000| PB 0x00000006d3800000| Untracked 
| 847|0x00000006d3c00000, 0x00000006d3c00000, 0x00000006d4000000|  0%| F|  |TAMS 0x00000006d3c00000| PB 0x00000006d3c00000| Untracked 
| 848|0x00000006d4000000, 0x00000006d4000000, 0x00000006d4400000|  0%| F|  |TAMS 0x00000006d4000000| PB 0x00000006d4000000| Untracked 
| 849|0x00000006d4400000, 0x00000006d4400000, 0x00000006d4800000|  0%| F|  |TAMS 0x00000006d4400000| PB 0x00000006d4400000| Untracked 
| 850|0x00000006d4800000, 0x00000006d4800000, 0x00000006d4c00000|  0%| F|  |TAMS 0x00000006d4800000| PB 0x00000006d4800000| Untracked 
| 851|0x00000006d4c00000, 0x00000006d4c00000, 0x00000006d5000000|  0%| F|  |TAMS 0x00000006d4c00000| PB 0x00000006d4c00000| Untracked 
| 852|0x00000006d5000000, 0x00000006d5000000, 0x00000006d5400000|  0%| F|  |TAMS 0x00000006d5000000| PB 0x00000006d5000000| Untracked 
| 853|0x00000006d5400000, 0x00000006d5400000, 0x00000006d5800000|  0%| F|  |TAMS 0x00000006d5400000| PB 0x00000006d5400000| Untracked 
| 854|0x00000006d5800000, 0x00000006d5800000, 0x00000006d5c00000|  0%| F|  |TAMS 0x00000006d5800000| PB 0x00000006d5800000| Untracked 
| 855|0x00000006d5c00000, 0x00000006d5c00000, 0x00000006d6000000|  0%| F|  |TAMS 0x00000006d5c00000| PB 0x00000006d5c00000| Untracked 
| 856|0x00000006d6000000, 0x00000006d6000000, 0x00000006d6400000|  0%| F|  |TAMS 0x00000006d6000000| PB 0x00000006d6000000| Untracked 
| 857|0x00000006d6400000, 0x00000006d6400000, 0x00000006d6800000|  0%| F|  |TAMS 0x00000006d6400000| PB 0x00000006d6400000| Untracked 
| 858|0x00000006d6800000, 0x00000006d6800000, 0x00000006d6c00000|  0%| F|  |TAMS 0x00000006d6800000| PB 0x00000006d6800000| Untracked 
| 859|0x00000006d6c00000, 0x00000006d6c00000, 0x00000006d7000000|  0%| F|  |TAMS 0x00000006d6c00000| PB 0x00000006d6c00000| Untracked 
| 860|0x00000006d7000000, 0x00000006d7000000, 0x00000006d7400000|  0%| F|  |TAMS 0x00000006d7000000| PB 0x00000006d7000000| Untracked 
| 861|0x00000006d7400000, 0x00000006d7400000, 0x00000006d7800000|  0%| F|  |TAMS 0x00000006d7400000| PB 0x00000006d7400000| Untracked 
| 862|0x00000006d7800000, 0x00000006d7800000, 0x00000006d7c00000|  0%| F|  |TAMS 0x00000006d7800000| PB 0x00000006d7800000| Untracked 
| 863|0x00000006d7c00000, 0x00000006d7c00000, 0x00000006d8000000|  0%| F|  |TAMS 0x00000006d7c00000| PB 0x00000006d7c00000| Untracked 
| 864|0x00000006d8000000, 0x00000006d8000000, 0x00000006d8400000|  0%| F|  |TAMS 0x00000006d8000000| PB 0x00000006d8000000| Untracked 
| 865|0x00000006d8400000, 0x00000006d8400000, 0x00000006d8800000|  0%| F|  |TAMS 0x00000006d8400000| PB 0x00000006d8400000| Untracked 
| 866|0x00000006d8800000, 0x00000006d8800000, 0x00000006d8c00000|  0%| F|  |TAMS 0x00000006d8800000| PB 0x00000006d8800000| Untracked 
| 867|0x00000006d8c00000, 0x00000006d8c00000, 0x00000006d9000000|  0%| F|  |TAMS 0x00000006d8c00000| PB 0x00000006d8c00000| Untracked 
| 868|0x00000006d9000000, 0x00000006d9000000, 0x00000006d9400000|  0%| F|  |TAMS 0x00000006d9000000| PB 0x00000006d9000000| Untracked 
| 869|0x00000006d9400000, 0x00000006d9400000, 0x00000006d9800000|  0%| F|  |TAMS 0x00000006d9400000| PB 0x00000006d9400000| Untracked 
| 870|0x00000006d9800000, 0x00000006d9800000, 0x00000006d9c00000|  0%| F|  |TAMS 0x00000006d9800000| PB 0x00000006d9800000| Untracked 
| 871|0x00000006d9c00000, 0x00000006d9c00000, 0x00000006da000000|  0%| F|  |TAMS 0x00000006d9c00000| PB 0x00000006d9c00000| Untracked 
| 872|0x00000006da000000, 0x00000006da000000, 0x00000006da400000|  0%| F|  |TAMS 0x00000006da000000| PB 0x00000006da000000| Untracked 
| 873|0x00000006da400000, 0x00000006da400000, 0x00000006da800000|  0%| F|  |TAMS 0x00000006da400000| PB 0x00000006da400000| Untracked 
| 874|0x00000006da800000, 0x00000006da800000, 0x00000006dac00000|  0%| F|  |TAMS 0x00000006da800000| PB 0x00000006da800000| Untracked 
| 875|0x00000006dac00000, 0x00000006dac00000, 0x00000006db000000|  0%| F|  |TAMS 0x00000006dac00000| PB 0x00000006dac00000| Untracked 
| 876|0x00000006db000000, 0x00000006db000000, 0x00000006db400000|  0%| F|  |TAMS 0x00000006db000000| PB 0x00000006db000000| Untracked 
| 877|0x00000006db400000, 0x00000006db400000, 0x00000006db800000|  0%| F|  |TAMS 0x00000006db400000| PB 0x00000006db400000| Untracked 
| 878|0x00000006db800000, 0x00000006db800000, 0x00000006dbc00000|  0%| F|  |TAMS 0x00000006db800000| PB 0x00000006db800000| Untracked 
| 879|0x00000006dbc00000, 0x00000006dbc00000, 0x00000006dc000000|  0%| F|  |TAMS 0x00000006dbc00000| PB 0x00000006dbc00000| Untracked 
| 880|0x00000006dc000000, 0x00000006dc000000, 0x00000006dc400000|  0%| F|  |TAMS 0x00000006dc000000| PB 0x00000006dc000000| Untracked 
| 881|0x00000006dc400000, 0x00000006dc400000, 0x00000006dc800000|  0%| F|  |TAMS 0x00000006dc400000| PB 0x00000006dc400000| Untracked 
| 882|0x00000006dc800000, 0x00000006dc800000, 0x00000006dcc00000|  0%| F|  |TAMS 0x00000006dc800000| PB 0x00000006dc800000| Untracked 
| 883|0x00000006dcc00000, 0x00000006dcc00000, 0x00000006dd000000|  0%| F|  |TAMS 0x00000006dcc00000| PB 0x00000006dcc00000| Untracked 
| 884|0x00000006dd000000, 0x00000006dd000000, 0x00000006dd400000|  0%| F|  |TAMS 0x00000006dd000000| PB 0x00000006dd000000| Untracked 
| 885|0x00000006dd400000, 0x00000006dd400000, 0x00000006dd800000|  0%| F|  |TAMS 0x00000006dd400000| PB 0x00000006dd400000| Untracked 
| 886|0x00000006dd800000, 0x00000006dd800000, 0x00000006ddc00000|  0%| F|  |TAMS 0x00000006dd800000| PB 0x00000006dd800000| Untracked 
| 887|0x00000006ddc00000, 0x00000006ddc00000, 0x00000006de000000|  0%| F|  |TAMS 0x00000006ddc00000| PB 0x00000006ddc00000| Untracked 
| 888|0x00000006de000000, 0x00000006de000000, 0x00000006de400000|  0%| F|  |TAMS 0x00000006de000000| PB 0x00000006de000000| Untracked 
| 889|0x00000006de400000, 0x00000006de400000, 0x00000006de800000|  0%| F|  |TAMS 0x00000006de400000| PB 0x00000006de400000| Untracked 
| 890|0x00000006de800000, 0x00000006de800000, 0x00000006dec00000|  0%| F|  |TAMS 0x00000006de800000| PB 0x00000006de800000| Untracked 
| 891|0x00000006dec00000, 0x00000006dec00000, 0x00000006df000000|  0%| F|  |TAMS 0x00000006dec00000| PB 0x00000006dec00000| Untracked 
| 892|0x00000006df000000, 0x00000006df000000, 0x00000006df400000|  0%| F|  |TAMS 0x00000006df000000| PB 0x00000006df000000| Untracked 
| 893|0x00000006df400000, 0x00000006df400000, 0x00000006df800000|  0%| F|  |TAMS 0x00000006df400000| PB 0x00000006df400000| Untracked 
| 894|0x00000006df800000, 0x00000006df800000, 0x00000006dfc00000|  0%| F|  |TAMS 0x00000006df800000| PB 0x00000006df800000| Untracked 
| 895|0x00000006dfc00000, 0x00000006dfc00000, 0x00000006e0000000|  0%| F|  |TAMS 0x00000006dfc00000| PB 0x00000006dfc00000| Untracked 
| 896|0x00000006e0000000, 0x00000006e0000000, 0x00000006e0400000|  0%| F|  |TAMS 0x00000006e0000000| PB 0x00000006e0000000| Untracked 
| 897|0x00000006e0400000, 0x00000006e0400000, 0x00000006e0800000|  0%| F|  |TAMS 0x00000006e0400000| PB 0x00000006e0400000| Untracked 
| 898|0x00000006e0800000, 0x00000006e0800000, 0x00000006e0c00000|  0%| F|  |TAMS 0x00000006e0800000| PB 0x00000006e0800000| Untracked 
| 899|0x00000006e0c00000, 0x00000006e0c00000, 0x00000006e1000000|  0%| F|  |TAMS 0x00000006e0c00000| PB 0x00000006e0c00000| Untracked 
| 900|0x00000006e1000000, 0x00000006e1000000, 0x00000006e1400000|  0%| F|  |TAMS 0x00000006e1000000| PB 0x00000006e1000000| Untracked 
| 901|0x00000006e1400000, 0x00000006e1400000, 0x00000006e1800000|  0%| F|  |TAMS 0x00000006e1400000| PB 0x00000006e1400000| Untracked 
| 902|0x00000006e1800000, 0x00000006e1800000, 0x00000006e1c00000|  0%| F|  |TAMS 0x00000006e1800000| PB 0x00000006e1800000| Untracked 
| 903|0x00000006e1c00000, 0x00000006e1c00000, 0x00000006e2000000|  0%| F|  |TAMS 0x00000006e1c00000| PB 0x00000006e1c00000| Untracked 
| 904|0x00000006e2000000, 0x00000006e2000000, 0x00000006e2400000|  0%| F|  |TAMS 0x00000006e2000000| PB 0x00000006e2000000| Untracked 
| 905|0x00000006e2400000, 0x00000006e2400000, 0x00000006e2800000|  0%| F|  |TAMS 0x00000006e2400000| PB 0x00000006e2400000| Untracked 
| 906|0x00000006e2800000, 0x00000006e2800000, 0x00000006e2c00000|  0%| F|  |TAMS 0x00000006e2800000| PB 0x00000006e2800000| Untracked 
| 907|0x00000006e2c00000, 0x00000006e2c00000, 0x00000006e3000000|  0%| F|  |TAMS 0x00000006e2c00000| PB 0x00000006e2c00000| Untracked 
| 908|0x00000006e3000000, 0x00000006e3000000, 0x00000006e3400000|  0%| F|  |TAMS 0x00000006e3000000| PB 0x00000006e3000000| Untracked 
| 909|0x00000006e3400000, 0x00000006e3400000, 0x00000006e3800000|  0%| F|  |TAMS 0x00000006e3400000| PB 0x00000006e3400000| Untracked 
| 910|0x00000006e3800000, 0x00000006e3800000, 0x00000006e3c00000|  0%| F|  |TAMS 0x00000006e3800000| PB 0x00000006e3800000| Untracked 
| 911|0x00000006e3c00000, 0x00000006e3c00000, 0x00000006e4000000|  0%| F|  |TAMS 0x00000006e3c00000| PB 0x00000006e3c00000| Untracked 
| 912|0x00000006e4000000, 0x00000006e4000000, 0x00000006e4400000|  0%| F|  |TAMS 0x00000006e4000000| PB 0x00000006e4000000| Untracked 
| 913|0x00000006e4400000, 0x00000006e4400000, 0x00000006e4800000|  0%| F|  |TAMS 0x00000006e4400000| PB 0x00000006e4400000| Untracked 
| 914|0x00000006e4800000, 0x00000006e4800000, 0x00000006e4c00000|  0%| F|  |TAMS 0x00000006e4800000| PB 0x00000006e4800000| Untracked 
| 915|0x00000006e4c00000, 0x00000006e4c00000, 0x00000006e5000000|  0%| F|  |TAMS 0x00000006e4c00000| PB 0x00000006e4c00000| Untracked 
| 916|0x00000006e5000000, 0x00000006e5000000, 0x00000006e5400000|  0%| F|  |TAMS 0x00000006e5000000| PB 0x00000006e5000000| Untracked 
| 917|0x00000006e5400000, 0x00000006e5400000, 0x00000006e5800000|  0%| F|  |TAMS 0x00000006e5400000| PB 0x00000006e5400000| Untracked 
| 918|0x00000006e5800000, 0x00000006e5800000, 0x00000006e5c00000|  0%| F|  |TAMS 0x00000006e5800000| PB 0x00000006e5800000| Untracked 
| 919|0x00000006e5c00000, 0x00000006e5c00000, 0x00000006e6000000|  0%| F|  |TAMS 0x00000006e5c00000| PB 0x00000006e5c00000| Untracked 
| 920|0x00000006e6000000, 0x00000006e6000000, 0x00000006e6400000|  0%| F|  |TAMS 0x00000006e6000000| PB 0x00000006e6000000| Untracked 
| 921|0x00000006e6400000, 0x00000006e6400000, 0x00000006e6800000|  0%| F|  |TAMS 0x00000006e6400000| PB 0x00000006e6400000| Untracked 
| 922|0x00000006e6800000, 0x00000006e6800000, 0x00000006e6c00000|  0%| F|  |TAMS 0x00000006e6800000| PB 0x00000006e6800000| Untracked 
| 923|0x00000006e6c00000, 0x00000006e6c00000, 0x00000006e7000000|  0%| F|  |TAMS 0x00000006e6c00000| PB 0x00000006e6c00000| Untracked 
| 924|0x00000006e7000000, 0x00000006e7000000, 0x00000006e7400000|  0%| F|  |TAMS 0x00000006e7000000| PB 0x00000006e7000000| Untracked 
| 925|0x00000006e7400000, 0x00000006e7400000, 0x00000006e7800000|  0%| F|  |TAMS 0x00000006e7400000| PB 0x00000006e7400000| Untracked 
| 926|0x00000006e7800000, 0x00000006e7800000, 0x00000006e7c00000|  0%| F|  |TAMS 0x00000006e7800000| PB 0x00000006e7800000| Untracked 
| 927|0x00000006e7c00000, 0x00000006e7c00000, 0x00000006e8000000|  0%| F|  |TAMS 0x00000006e7c00000| PB 0x00000006e7c00000| Untracked 
| 928|0x00000006e8000000, 0x00000006e8000000, 0x00000006e8400000|  0%| F|  |TAMS 0x00000006e8000000| PB 0x00000006e8000000| Untracked 
| 929|0x00000006e8400000, 0x00000006e8400000, 0x00000006e8800000|  0%| F|  |TAMS 0x00000006e8400000| PB 0x00000006e8400000| Untracked 
| 930|0x00000006e8800000, 0x00000006e8800000, 0x00000006e8c00000|  0%| F|  |TAMS 0x00000006e8800000| PB 0x00000006e8800000| Untracked 
| 931|0x00000006e8c00000, 0x00000006e8c00000, 0x00000006e9000000|  0%| F|  |TAMS 0x00000006e8c00000| PB 0x00000006e8c00000| Untracked 
| 932|0x00000006e9000000, 0x00000006e9000000, 0x00000006e9400000|  0%| F|  |TAMS 0x00000006e9000000| PB 0x00000006e9000000| Untracked 
| 933|0x00000006e9400000, 0x00000006e9400000, 0x00000006e9800000|  0%| F|  |TAMS 0x00000006e9400000| PB 0x00000006e9400000| Untracked 
| 934|0x00000006e9800000, 0x00000006e9800000, 0x00000006e9c00000|  0%| F|  |TAMS 0x00000006e9800000| PB 0x00000006e9800000| Untracked 
| 935|0x00000006e9c00000, 0x00000006e9c00000, 0x00000006ea000000|  0%| F|  |TAMS 0x00000006e9c00000| PB 0x00000006e9c00000| Untracked 
| 936|0x00000006ea000000, 0x00000006ea000000, 0x00000006ea400000|  0%| F|  |TAMS 0x00000006ea000000| PB 0x00000006ea000000| Untracked 
| 937|0x00000006ea400000, 0x00000006ea400000, 0x00000006ea800000|  0%| F|  |TAMS 0x00000006ea400000| PB 0x00000006ea400000| Untracked 
| 938|0x00000006ea800000, 0x00000006ea800000, 0x00000006eac00000|  0%| F|  |TAMS 0x00000006ea800000| PB 0x00000006ea800000| Untracked 
| 939|0x00000006eac00000, 0x00000006eac00000, 0x00000006eb000000|  0%| F|  |TAMS 0x00000006eac00000| PB 0x00000006eac00000| Untracked 
| 940|0x00000006eb000000, 0x00000006eb000000, 0x00000006eb400000|  0%| F|  |TAMS 0x00000006eb000000| PB 0x00000006eb000000| Untracked 
| 941|0x00000006eb400000, 0x00000006eb400000, 0x00000006eb800000|  0%| F|  |TAMS 0x00000006eb400000| PB 0x00000006eb400000| Untracked 
| 942|0x00000006eb800000, 0x00000006eb800000, 0x00000006ebc00000|  0%| F|  |TAMS 0x00000006eb800000| PB 0x00000006eb800000| Untracked 
| 943|0x00000006ebc00000, 0x00000006ebc00000, 0x00000006ec000000|  0%| F|  |TAMS 0x00000006ebc00000| PB 0x00000006ebc00000| Untracked 
| 944|0x00000006ec000000, 0x00000006ec000000, 0x00000006ec400000|  0%| F|  |TAMS 0x00000006ec000000| PB 0x00000006ec000000| Untracked 
| 945|0x00000006ec400000, 0x00000006ec400000, 0x00000006ec800000|  0%| F|  |TAMS 0x00000006ec400000| PB 0x00000006ec400000| Untracked 
| 946|0x00000006ec800000, 0x00000006ec800000, 0x00000006ecc00000|  0%| F|  |TAMS 0x00000006ec800000| PB 0x00000006ec800000| Untracked 
| 947|0x00000006ecc00000, 0x00000006ecc00000, 0x00000006ed000000|  0%| F|  |TAMS 0x00000006ecc00000| PB 0x00000006ecc00000| Untracked 
| 948|0x00000006ed000000, 0x00000006ed000000, 0x00000006ed400000|  0%| F|  |TAMS 0x00000006ed000000| PB 0x00000006ed000000| Untracked 
| 949|0x00000006ed400000, 0x00000006ed400000, 0x00000006ed800000|  0%| F|  |TAMS 0x00000006ed400000| PB 0x00000006ed400000| Untracked 
| 950|0x00000006ed800000, 0x00000006ed800000, 0x00000006edc00000|  0%| F|  |TAMS 0x00000006ed800000| PB 0x00000006ed800000| Untracked 
| 951|0x00000006edc00000, 0x00000006edc00000, 0x00000006ee000000|  0%| F|  |TAMS 0x00000006edc00000| PB 0x00000006edc00000| Untracked 
| 952|0x00000006ee000000, 0x00000006ee000000, 0x00000006ee400000|  0%| F|  |TAMS 0x00000006ee000000| PB 0x00000006ee000000| Untracked 
| 953|0x00000006ee400000, 0x00000006ee400000, 0x00000006ee800000|  0%| F|  |TAMS 0x00000006ee400000| PB 0x00000006ee400000| Untracked 
| 954|0x00000006ee800000, 0x00000006ee800000, 0x00000006eec00000|  0%| F|  |TAMS 0x00000006ee800000| PB 0x00000006ee800000| Untracked 
| 955|0x00000006eec00000, 0x00000006eec00000, 0x00000006ef000000|  0%| F|  |TAMS 0x00000006eec00000| PB 0x00000006eec00000| Untracked 
| 956|0x00000006ef000000, 0x00000006ef000000, 0x00000006ef400000|  0%| F|  |TAMS 0x00000006ef000000| PB 0x00000006ef000000| Untracked 
| 957|0x00000006ef400000, 0x00000006ef400000, 0x00000006ef800000|  0%| F|  |TAMS 0x00000006ef400000| PB 0x00000006ef400000| Untracked 
| 958|0x00000006ef800000, 0x00000006ef800000, 0x00000006efc00000|  0%| F|  |TAMS 0x00000006ef800000| PB 0x00000006ef800000| Untracked 
| 959|0x00000006efc00000, 0x00000006efc00000, 0x00000006f0000000|  0%| F|  |TAMS 0x00000006efc00000| PB 0x00000006efc00000| Untracked 
| 960|0x00000006f0000000, 0x00000006f0000000, 0x00000006f0400000|  0%| F|  |TAMS 0x00000006f0000000| PB 0x00000006f0000000| Untracked 
| 961|0x00000006f0400000, 0x00000006f0400000, 0x00000006f0800000|  0%| F|  |TAMS 0x00000006f0400000| PB 0x00000006f0400000| Untracked 
| 962|0x00000006f0800000, 0x00000006f0800000, 0x00000006f0c00000|  0%| F|  |TAMS 0x00000006f0800000| PB 0x00000006f0800000| Untracked 
| 963|0x00000006f0c00000, 0x00000006f0c00000, 0x00000006f1000000|  0%| F|  |TAMS 0x00000006f0c00000| PB 0x00000006f0c00000| Untracked 
| 964|0x00000006f1000000, 0x00000006f1000000, 0x00000006f1400000|  0%| F|  |TAMS 0x00000006f1000000| PB 0x00000006f1000000| Untracked 
| 965|0x00000006f1400000, 0x00000006f1400000, 0x00000006f1800000|  0%| F|  |TAMS 0x00000006f1400000| PB 0x00000006f1400000| Untracked 
| 966|0x00000006f1800000, 0x00000006f1800000, 0x00000006f1c00000|  0%| F|  |TAMS 0x00000006f1800000| PB 0x00000006f1800000| Untracked 
| 967|0x00000006f1c00000, 0x00000006f1c00000, 0x00000006f2000000|  0%| F|  |TAMS 0x00000006f1c00000| PB 0x00000006f1c00000| Untracked 
| 968|0x00000006f2000000, 0x00000006f2000000, 0x00000006f2400000|  0%| F|  |TAMS 0x00000006f2000000| PB 0x00000006f2000000| Untracked 
| 969|0x00000006f2400000, 0x00000006f2400000, 0x00000006f2800000|  0%| F|  |TAMS 0x00000006f2400000| PB 0x00000006f2400000| Untracked 
| 970|0x00000006f2800000, 0x00000006f2800000, 0x00000006f2c00000|  0%| F|  |TAMS 0x00000006f2800000| PB 0x00000006f2800000| Untracked 
| 971|0x00000006f2c00000, 0x00000006f2c00000, 0x00000006f3000000|  0%| F|  |TAMS 0x00000006f2c00000| PB 0x00000006f2c00000| Untracked 
| 972|0x00000006f3000000, 0x00000006f3000000, 0x00000006f3400000|  0%| F|  |TAMS 0x00000006f3000000| PB 0x00000006f3000000| Untracked 
| 973|0x00000006f3400000, 0x00000006f3400000, 0x00000006f3800000|  0%| F|  |TAMS 0x00000006f3400000| PB 0x00000006f3400000| Untracked 
| 974|0x00000006f3800000, 0x00000006f3800000, 0x00000006f3c00000|  0%| F|  |TAMS 0x00000006f3800000| PB 0x00000006f3800000| Untracked 
| 975|0x00000006f3c00000, 0x00000006f3c00000, 0x00000006f4000000|  0%| F|  |TAMS 0x00000006f3c00000| PB 0x00000006f3c00000| Untracked 
| 976|0x00000006f4000000, 0x00000006f4000000, 0x00000006f4400000|  0%| F|  |TAMS 0x00000006f4000000| PB 0x00000006f4000000| Untracked 
| 977|0x00000006f4400000, 0x00000006f4400000, 0x00000006f4800000|  0%| F|  |TAMS 0x00000006f4400000| PB 0x00000006f4400000| Untracked 
| 978|0x00000006f4800000, 0x00000006f4800000, 0x00000006f4c00000|  0%| F|  |TAMS 0x00000006f4800000| PB 0x00000006f4800000| Untracked 
| 979|0x00000006f4c00000, 0x00000006f4c00000, 0x00000006f5000000|  0%| F|  |TAMS 0x00000006f4c00000| PB 0x00000006f4c00000| Untracked 
| 980|0x00000006f5000000, 0x00000006f5000000, 0x00000006f5400000|  0%| F|  |TAMS 0x00000006f5000000| PB 0x00000006f5000000| Untracked 
| 981|0x00000006f5400000, 0x00000006f5400000, 0x00000006f5800000|  0%| F|  |TAMS 0x00000006f5400000| PB 0x00000006f5400000| Untracked 
| 982|0x00000006f5800000, 0x00000006f5800000, 0x00000006f5c00000|  0%| F|  |TAMS 0x00000006f5800000| PB 0x00000006f5800000| Untracked 
| 983|0x00000006f5c00000, 0x00000006f5c00000, 0x00000006f6000000|  0%| F|  |TAMS 0x00000006f5c00000| PB 0x00000006f5c00000| Untracked 
| 984|0x00000006f6000000, 0x00000006f6000000, 0x00000006f6400000|  0%| F|  |TAMS 0x00000006f6000000| PB 0x00000006f6000000| Untracked 
| 985|0x00000006f6400000, 0x00000006f6400000, 0x00000006f6800000|  0%| F|  |TAMS 0x00000006f6400000| PB 0x00000006f6400000| Untracked 
| 986|0x00000006f6800000, 0x00000006f6800000, 0x00000006f6c00000|  0%| F|  |TAMS 0x00000006f6800000| PB 0x00000006f6800000| Untracked 
| 987|0x00000006f6c00000, 0x00000006f6c00000, 0x00000006f7000000|  0%| F|  |TAMS 0x00000006f6c00000| PB 0x00000006f6c00000| Untracked 
| 988|0x00000006f7000000, 0x00000006f7000000, 0x00000006f7400000|  0%| F|  |TAMS 0x00000006f7000000| PB 0x00000006f7000000| Untracked 
| 989|0x00000006f7400000, 0x00000006f7400000, 0x00000006f7800000|  0%| F|  |TAMS 0x00000006f7400000| PB 0x00000006f7400000| Untracked 
| 990|0x00000006f7800000, 0x00000006f7800000, 0x00000006f7c00000|  0%| F|  |TAMS 0x00000006f7800000| PB 0x00000006f7800000| Untracked 
| 991|0x00000006f7c00000, 0x00000006f7c00000, 0x00000006f8000000|  0%| F|  |TAMS 0x00000006f7c00000| PB 0x00000006f7c00000| Untracked 
| 992|0x00000006f8000000, 0x00000006f8000000, 0x00000006f8400000|  0%| F|  |TAMS 0x00000006f8000000| PB 0x00000006f8000000| Untracked 
| 993|0x00000006f8400000, 0x00000006f8400000, 0x00000006f8800000|  0%| F|  |TAMS 0x00000006f8400000| PB 0x00000006f8400000| Untracked 
| 994|0x00000006f8800000, 0x00000006f8800000, 0x00000006f8c00000|  0%| F|  |TAMS 0x00000006f8800000| PB 0x00000006f8800000| Untracked 
| 995|0x00000006f8c00000, 0x00000006f8c00000, 0x00000006f9000000|  0%| F|  |TAMS 0x00000006f8c00000| PB 0x00000006f8c00000| Untracked 
| 996|0x00000006f9000000, 0x00000006f9000000, 0x00000006f9400000|  0%| F|  |TAMS 0x00000006f9000000| PB 0x00000006f9000000| Untracked 
| 997|0x00000006f9400000, 0x00000006f9400000, 0x00000006f9800000|  0%| F|  |TAMS 0x00000006f9400000| PB 0x00000006f9400000| Untracked 
| 998|0x00000006f9800000, 0x00000006f9800000, 0x00000006f9c00000|  0%| F|  |TAMS 0x00000006f9800000| PB 0x00000006f9800000| Untracked 
| 999|0x00000006f9c00000, 0x00000006f9c00000, 0x00000006fa000000|  0%| F|  |TAMS 0x00000006f9c00000| PB 0x00000006f9c00000| Untracked 
|1000|0x00000006fa000000, 0x00000006fa000000, 0x00000006fa400000|  0%| F|  |TAMS 0x00000006fa000000| PB 0x00000006fa000000| Untracked 
|1001|0x00000006fa400000, 0x00000006fa400000, 0x00000006fa800000|  0%| F|  |TAMS 0x00000006fa400000| PB 0x00000006fa400000| Untracked 
|1002|0x00000006fa800000, 0x00000006fa800000, 0x00000006fac00000|  0%| F|  |TAMS 0x00000006fa800000| PB 0x00000006fa800000| Untracked 
|1003|0x00000006fac00000, 0x00000006fac00000, 0x00000006fb000000|  0%| F|  |TAMS 0x00000006fac00000| PB 0x00000006fac00000| Untracked 
|1004|0x00000006fb000000, 0x00000006fb000000, 0x00000006fb400000|  0%| F|  |TAMS 0x00000006fb000000| PB 0x00000006fb000000| Untracked 
|1005|0x00000006fb400000, 0x00000006fb400000, 0x00000006fb800000|  0%| F|  |TAMS 0x00000006fb400000| PB 0x00000006fb400000| Untracked 
|1006|0x00000006fb800000, 0x00000006fb800000, 0x00000006fbc00000|  0%| F|  |TAMS 0x00000006fb800000| PB 0x00000006fb800000| Untracked 
|1007|0x00000006fbc00000, 0x00000006fbc00000, 0x00000006fc000000|  0%| F|  |TAMS 0x00000006fbc00000| PB 0x00000006fbc00000| Untracked 
|1008|0x00000006fc000000, 0x00000006fc000000, 0x00000006fc400000|  0%| F|  |TAMS 0x00000006fc000000| PB 0x00000006fc000000| Untracked 
|1009|0x00000006fc400000, 0x00000006fc400000, 0x00000006fc800000|  0%| F|  |TAMS 0x00000006fc400000| PB 0x00000006fc400000| Untracked 
|1010|0x00000006fc800000, 0x00000006fc800000, 0x00000006fcc00000|  0%| F|  |TAMS 0x00000006fc800000| PB 0x00000006fc800000| Untracked 
|1011|0x00000006fcc00000, 0x00000006fcc00000, 0x00000006fd000000|  0%| F|  |TAMS 0x00000006fcc00000| PB 0x00000006fcc00000| Untracked 
|1012|0x00000006fd000000, 0x00000006fd000000, 0x00000006fd400000|  0%| F|  |TAMS 0x00000006fd000000| PB 0x00000006fd000000| Untracked 
|1013|0x00000006fd400000, 0x00000006fd400000, 0x00000006fd800000|  0%| F|  |TAMS 0x00000006fd400000| PB 0x00000006fd400000| Untracked 
|1014|0x00000006fd800000, 0x00000006fd800000, 0x00000006fdc00000|  0%| F|  |TAMS 0x00000006fd800000| PB 0x00000006fd800000| Untracked 
|1015|0x00000006fdc00000, 0x00000006fdc00000, 0x00000006fe000000|  0%| F|  |TAMS 0x00000006fdc00000| PB 0x00000006fdc00000| Untracked 
|1016|0x00000006fe000000, 0x00000006fe000000, 0x00000006fe400000|  0%| F|  |TAMS 0x00000006fe000000| PB 0x00000006fe000000| Untracked 
|1017|0x00000006fe400000, 0x00000006fe400000, 0x00000006fe800000|  0%| F|  |TAMS 0x00000006fe400000| PB 0x00000006fe400000| Untracked 
|1018|0x00000006fe800000, 0x00000006fe800000, 0x00000006fec00000|  0%| F|  |TAMS 0x00000006fe800000| PB 0x00000006fe800000| Untracked 
|1019|0x00000006fec00000, 0x00000006fec00000, 0x00000006ff000000|  0%| F|  |TAMS 0x00000006fec00000| PB 0x00000006fec00000| Untracked 
|1020|0x00000006ff000000, 0x00000006ff000000, 0x00000006ff400000|  0%| F|  |TAMS 0x00000006ff000000| PB 0x00000006ff000000| Untracked 
|1021|0x00000006ff400000, 0x00000006ff400000, 0x00000006ff800000|  0%| F|  |TAMS 0x00000006ff400000| PB 0x00000006ff400000| Untracked 
|1022|0x00000006ff800000, 0x00000006ff800000, 0x00000006ffc00000|  0%| F|  |TAMS 0x00000006ff800000| PB 0x00000006ff800000| Untracked 
|1023|0x00000006ffc00000, 0x00000006ffc00000, 0x0000000700000000|  0%| F|  |TAMS 0x00000006ffc00000| PB 0x00000006ffc00000| Untracked 
|1024|0x0000000700000000, 0x0000000700000000, 0x0000000700400000|  0%| F|  |TAMS 0x0000000700000000| PB 0x0000000700000000| Untracked 
|1025|0x0000000700400000, 0x0000000700400000, 0x0000000700800000|  0%| F|  |TAMS 0x0000000700400000| PB 0x0000000700400000| Untracked 
|1026|0x0000000700800000, 0x0000000700800000, 0x0000000700c00000|  0%| F|  |TAMS 0x0000000700800000| PB 0x0000000700800000| Untracked 
|1027|0x0000000700c00000, 0x0000000700c00000, 0x0000000701000000|  0%| F|  |TAMS 0x0000000700c00000| PB 0x0000000700c00000| Untracked 
|1028|0x0000000701000000, 0x0000000701000000, 0x0000000701400000|  0%| F|  |TAMS 0x0000000701000000| PB 0x0000000701000000| Untracked 
|1029|0x0000000701400000, 0x0000000701400000, 0x0000000701800000|  0%| F|  |TAMS 0x0000000701400000| PB 0x0000000701400000| Untracked 
|1030|0x0000000701800000, 0x0000000701800000, 0x0000000701c00000|  0%| F|  |TAMS 0x0000000701800000| PB 0x0000000701800000| Untracked 
|1031|0x0000000701c00000, 0x0000000701c00000, 0x0000000702000000|  0%| F|  |TAMS 0x0000000701c00000| PB 0x0000000701c00000| Untracked 
|1032|0x0000000702000000, 0x0000000702000000, 0x0000000702400000|  0%| F|  |TAMS 0x0000000702000000| PB 0x0000000702000000| Untracked 
|1033|0x0000000702400000, 0x0000000702400000, 0x0000000702800000|  0%| F|  |TAMS 0x0000000702400000| PB 0x0000000702400000| Untracked 
|1034|0x0000000702800000, 0x0000000702800000, 0x0000000702c00000|  0%| F|  |TAMS 0x0000000702800000| PB 0x0000000702800000| Untracked 
|1035|0x0000000702c00000, 0x0000000702c00000, 0x0000000703000000|  0%| F|  |TAMS 0x0000000702c00000| PB 0x0000000702c00000| Untracked 
|1036|0x0000000703000000, 0x0000000703000000, 0x0000000703400000|  0%| F|  |TAMS 0x0000000703000000| PB 0x0000000703000000| Untracked 
|1037|0x0000000703400000, 0x0000000703400000, 0x0000000703800000|  0%| F|  |TAMS 0x0000000703400000| PB 0x0000000703400000| Untracked 
|1038|0x0000000703800000, 0x0000000703800000, 0x0000000703c00000|  0%| F|  |TAMS 0x0000000703800000| PB 0x0000000703800000| Untracked 
|1039|0x0000000703c00000, 0x0000000703c00000, 0x0000000704000000|  0%| F|  |TAMS 0x0000000703c00000| PB 0x0000000703c00000| Untracked 
|1040|0x0000000704000000, 0x0000000704000000, 0x0000000704400000|  0%| F|  |TAMS 0x0000000704000000| PB 0x0000000704000000| Untracked 
|1041|0x0000000704400000, 0x0000000704400000, 0x0000000704800000|  0%| F|  |TAMS 0x0000000704400000| PB 0x0000000704400000| Untracked 
|1042|0x0000000704800000, 0x0000000704800000, 0x0000000704c00000|  0%| F|  |TAMS 0x0000000704800000| PB 0x0000000704800000| Untracked 
|1043|0x0000000704c00000, 0x0000000704c00000, 0x0000000705000000|  0%| F|  |TAMS 0x0000000704c00000| PB 0x0000000704c00000| Untracked 
|1044|0x0000000705000000, 0x0000000705000000, 0x0000000705400000|  0%| F|  |TAMS 0x0000000705000000| PB 0x0000000705000000| Untracked 
|1045|0x0000000705400000, 0x0000000705400000, 0x0000000705800000|  0%| F|  |TAMS 0x0000000705400000| PB 0x0000000705400000| Untracked 
|1046|0x0000000705800000, 0x0000000705800000, 0x0000000705c00000|  0%| F|  |TAMS 0x0000000705800000| PB 0x0000000705800000| Untracked 
|1047|0x0000000705c00000, 0x0000000705c00000, 0x0000000706000000|  0%| F|  |TAMS 0x0000000705c00000| PB 0x0000000705c00000| Untracked 
|1048|0x0000000706000000, 0x0000000706000000, 0x0000000706400000|  0%| F|  |TAMS 0x0000000706000000| PB 0x0000000706000000| Untracked 
|1049|0x0000000706400000, 0x0000000706400000, 0x0000000706800000|  0%| F|  |TAMS 0x0000000706400000| PB 0x0000000706400000| Untracked 
|1050|0x0000000706800000, 0x0000000706800000, 0x0000000706c00000|  0%| F|  |TAMS 0x0000000706800000| PB 0x0000000706800000| Untracked 
|1051|0x0000000706c00000, 0x0000000706c00000, 0x0000000707000000|  0%| F|  |TAMS 0x0000000706c00000| PB 0x0000000706c00000| Untracked 
|1052|0x0000000707000000, 0x0000000707000000, 0x0000000707400000|  0%| F|  |TAMS 0x0000000707000000| PB 0x0000000707000000| Untracked 
|1053|0x0000000707400000, 0x0000000707400000, 0x0000000707800000|  0%| F|  |TAMS 0x0000000707400000| PB 0x0000000707400000| Untracked 
|1054|0x0000000707800000, 0x0000000707800000, 0x0000000707c00000|  0%| F|  |TAMS 0x0000000707800000| PB 0x0000000707800000| Untracked 
|1055|0x0000000707c00000, 0x0000000707c00000, 0x0000000708000000|  0%| F|  |TAMS 0x0000000707c00000| PB 0x0000000707c00000| Untracked 
|1056|0x0000000708000000, 0x0000000708000000, 0x0000000708400000|  0%| F|  |TAMS 0x0000000708000000| PB 0x0000000708000000| Untracked 
|1057|0x0000000708400000, 0x0000000708400000, 0x0000000708800000|  0%| F|  |TAMS 0x0000000708400000| PB 0x0000000708400000| Untracked 
|1058|0x0000000708800000, 0x0000000708800000, 0x0000000708c00000|  0%| F|  |TAMS 0x0000000708800000| PB 0x0000000708800000| Untracked 
|1059|0x0000000708c00000, 0x0000000708c00000, 0x0000000709000000|  0%| F|  |TAMS 0x0000000708c00000| PB 0x0000000708c00000| Untracked 
|1060|0x0000000709000000, 0x0000000709000000, 0x0000000709400000|  0%| F|  |TAMS 0x0000000709000000| PB 0x0000000709000000| Untracked 
|1061|0x0000000709400000, 0x0000000709400000, 0x0000000709800000|  0%| F|  |TAMS 0x0000000709400000| PB 0x0000000709400000| Untracked 
|1062|0x0000000709800000, 0x0000000709800000, 0x0000000709c00000|  0%| F|  |TAMS 0x0000000709800000| PB 0x0000000709800000| Untracked 
|1063|0x0000000709c00000, 0x0000000709c00000, 0x000000070a000000|  0%| F|  |TAMS 0x0000000709c00000| PB 0x0000000709c00000| Untracked 
|1064|0x000000070a000000, 0x000000070a000000, 0x000000070a400000|  0%| F|  |TAMS 0x000000070a000000| PB 0x000000070a000000| Untracked 
|1065|0x000000070a400000, 0x000000070a400000, 0x000000070a800000|  0%| F|  |TAMS 0x000000070a400000| PB 0x000000070a400000| Untracked 
|1066|0x000000070a800000, 0x000000070a800000, 0x000000070ac00000|  0%| F|  |TAMS 0x000000070a800000| PB 0x000000070a800000| Untracked 
|1067|0x000000070ac00000, 0x000000070ac00000, 0x000000070b000000|  0%| F|  |TAMS 0x000000070ac00000| PB 0x000000070ac00000| Untracked 
|1068|0x000000070b000000, 0x000000070b000000, 0x000000070b400000|  0%| F|  |TAMS 0x000000070b000000| PB 0x000000070b000000| Untracked 
|1069|0x000000070b400000, 0x000000070b400000, 0x000000070b800000|  0%| F|  |TAMS 0x000000070b400000| PB 0x000000070b400000| Untracked 
|1070|0x000000070b800000, 0x000000070b800000, 0x000000070bc00000|  0%| F|  |TAMS 0x000000070b800000| PB 0x000000070b800000| Untracked 
|1071|0x000000070bc00000, 0x000000070bc00000, 0x000000070c000000|  0%| F|  |TAMS 0x000000070bc00000| PB 0x000000070bc00000| Untracked 
|1072|0x000000070c000000, 0x000000070c000000, 0x000000070c400000|  0%| F|  |TAMS 0x000000070c000000| PB 0x000000070c000000| Untracked 
|1073|0x000000070c400000, 0x000000070c400000, 0x000000070c800000|  0%| F|  |TAMS 0x000000070c400000| PB 0x000000070c400000| Untracked 
|1074|0x000000070c800000, 0x000000070c800000, 0x000000070cc00000|  0%| F|  |TAMS 0x000000070c800000| PB 0x000000070c800000| Untracked 
|1075|0x000000070cc00000, 0x000000070cc00000, 0x000000070d000000|  0%| F|  |TAMS 0x000000070cc00000| PB 0x000000070cc00000| Untracked 
|1076|0x000000070d000000, 0x000000070d000000, 0x000000070d400000|  0%| F|  |TAMS 0x000000070d000000| PB 0x000000070d000000| Untracked 
|1077|0x000000070d400000, 0x000000070d400000, 0x000000070d800000|  0%| F|  |TAMS 0x000000070d400000| PB 0x000000070d400000| Untracked 
|1078|0x000000070d800000, 0x000000070d800000, 0x000000070dc00000|  0%| F|  |TAMS 0x000000070d800000| PB 0x000000070d800000| Untracked 
|1079|0x000000070dc00000, 0x000000070dc00000, 0x000000070e000000|  0%| F|  |TAMS 0x000000070dc00000| PB 0x000000070dc00000| Untracked 
|1080|0x000000070e000000, 0x000000070e000000, 0x000000070e400000|  0%| F|  |TAMS 0x000000070e000000| PB 0x000000070e000000| Untracked 
|1081|0x000000070e400000, 0x000000070e400000, 0x000000070e800000|  0%| F|  |TAMS 0x000000070e400000| PB 0x000000070e400000| Untracked 
|1082|0x000000070e800000, 0x000000070e800000, 0x000000070ec00000|  0%| F|  |TAMS 0x000000070e800000| PB 0x000000070e800000| Untracked 
|1083|0x000000070ec00000, 0x000000070ec00000, 0x000000070f000000|  0%| F|  |TAMS 0x000000070ec00000| PB 0x000000070ec00000| Untracked 
|1084|0x000000070f000000, 0x000000070f000000, 0x000000070f400000|  0%| F|  |TAMS 0x000000070f000000| PB 0x000000070f000000| Untracked 
|1085|0x000000070f400000, 0x000000070f400000, 0x000000070f800000|  0%| F|  |TAMS 0x000000070f400000| PB 0x000000070f400000| Untracked 
|1086|0x000000070f800000, 0x000000070f800000, 0x000000070fc00000|  0%| F|  |TAMS 0x000000070f800000| PB 0x000000070f800000| Untracked 
|1087|0x000000070fc00000, 0x000000070fc00000, 0x0000000710000000|  0%| F|  |TAMS 0x000000070fc00000| PB 0x000000070fc00000| Untracked 
|1088|0x0000000710000000, 0x0000000710000000, 0x0000000710400000|  0%| F|  |TAMS 0x0000000710000000| PB 0x0000000710000000| Untracked 
|1089|0x0000000710400000, 0x0000000710400000, 0x0000000710800000|  0%| F|  |TAMS 0x0000000710400000| PB 0x0000000710400000| Untracked 
|1090|0x0000000710800000, 0x0000000710800000, 0x0000000710c00000|  0%| F|  |TAMS 0x0000000710800000| PB 0x0000000710800000| Untracked 
|1091|0x0000000710c00000, 0x0000000710c00000, 0x0000000711000000|  0%| F|  |TAMS 0x0000000710c00000| PB 0x0000000710c00000| Untracked 
|1092|0x0000000711000000, 0x0000000711000000, 0x0000000711400000|  0%| F|  |TAMS 0x0000000711000000| PB 0x0000000711000000| Untracked 
|1093|0x0000000711400000, 0x0000000711400000, 0x0000000711800000|  0%| F|  |TAMS 0x0000000711400000| PB 0x0000000711400000| Untracked 
|1094|0x0000000711800000, 0x0000000711800000, 0x0000000711c00000|  0%| F|  |TAMS 0x0000000711800000| PB 0x0000000711800000| Untracked 
|1095|0x0000000711c00000, 0x0000000711c00000, 0x0000000712000000|  0%| F|  |TAMS 0x0000000711c00000| PB 0x0000000711c00000| Untracked 
|1096|0x0000000712000000, 0x0000000712000000, 0x0000000712400000|  0%| F|  |TAMS 0x0000000712000000| PB 0x0000000712000000| Untracked 
|1097|0x0000000712400000, 0x0000000712400000, 0x0000000712800000|  0%| F|  |TAMS 0x0000000712400000| PB 0x0000000712400000| Untracked 
|1098|0x0000000712800000, 0x0000000712800000, 0x0000000712c00000|  0%| F|  |TAMS 0x0000000712800000| PB 0x0000000712800000| Untracked 
|1099|0x0000000712c00000, 0x0000000712c00000, 0x0000000713000000|  0%| F|  |TAMS 0x0000000712c00000| PB 0x0000000712c00000| Untracked 
|1100|0x0000000713000000, 0x0000000713000000, 0x0000000713400000|  0%| F|  |TAMS 0x0000000713000000| PB 0x0000000713000000| Untracked 
|1101|0x0000000713400000, 0x0000000713400000, 0x0000000713800000|  0%| F|  |TAMS 0x0000000713400000| PB 0x0000000713400000| Untracked 
|1102|0x0000000713800000, 0x0000000713800000, 0x0000000713c00000|  0%| F|  |TAMS 0x0000000713800000| PB 0x0000000713800000| Untracked 
|1103|0x0000000713c00000, 0x0000000713c00000, 0x0000000714000000|  0%| F|  |TAMS 0x0000000713c00000| PB 0x0000000713c00000| Untracked 
|1104|0x0000000714000000, 0x0000000714000000, 0x0000000714400000|  0%| F|  |TAMS 0x0000000714000000| PB 0x0000000714000000| Untracked 
|1105|0x0000000714400000, 0x0000000714400000, 0x0000000714800000|  0%| F|  |TAMS 0x0000000714400000| PB 0x0000000714400000| Untracked 
|1106|0x0000000714800000, 0x0000000714800000, 0x0000000714c00000|  0%| F|  |TAMS 0x0000000714800000| PB 0x0000000714800000| Untracked 
|1107|0x0000000714c00000, 0x0000000714c00000, 0x0000000715000000|  0%| F|  |TAMS 0x0000000714c00000| PB 0x0000000714c00000| Untracked 
|1108|0x0000000715000000, 0x0000000715000000, 0x0000000715400000|  0%| F|  |TAMS 0x0000000715000000| PB 0x0000000715000000| Untracked 
|1109|0x0000000715400000, 0x0000000715400000, 0x0000000715800000|  0%| F|  |TAMS 0x0000000715400000| PB 0x0000000715400000| Untracked 
|1110|0x0000000715800000, 0x0000000715800000, 0x0000000715c00000|  0%| F|  |TAMS 0x0000000715800000| PB 0x0000000715800000| Untracked 
|1111|0x0000000715c00000, 0x0000000715c00000, 0x0000000716000000|  0%| F|  |TAMS 0x0000000715c00000| PB 0x0000000715c00000| Untracked 
|1112|0x0000000716000000, 0x0000000716000000, 0x0000000716400000|  0%| F|  |TAMS 0x0000000716000000| PB 0x0000000716000000| Untracked 
|1113|0x0000000716400000, 0x0000000716400000, 0x0000000716800000|  0%| F|  |TAMS 0x0000000716400000| PB 0x0000000716400000| Untracked 
|1114|0x0000000716800000, 0x0000000716800000, 0x0000000716c00000|  0%| F|  |TAMS 0x0000000716800000| PB 0x0000000716800000| Untracked 
|1115|0x0000000716c00000, 0x0000000716c00000, 0x0000000717000000|  0%| F|  |TAMS 0x0000000716c00000| PB 0x0000000716c00000| Untracked 
|1116|0x0000000717000000, 0x0000000717000000, 0x0000000717400000|  0%| F|  |TAMS 0x0000000717000000| PB 0x0000000717000000| Untracked 
|1117|0x0000000717400000, 0x0000000717400000, 0x0000000717800000|  0%| F|  |TAMS 0x0000000717400000| PB 0x0000000717400000| Untracked 
|1118|0x0000000717800000, 0x0000000717800000, 0x0000000717c00000|  0%| F|  |TAMS 0x0000000717800000| PB 0x0000000717800000| Untracked 
|1119|0x0000000717c00000, 0x0000000717c00000, 0x0000000718000000|  0%| F|  |TAMS 0x0000000717c00000| PB 0x0000000717c00000| Untracked 
|1120|0x0000000718000000, 0x0000000718000000, 0x0000000718400000|  0%| F|  |TAMS 0x0000000718000000| PB 0x0000000718000000| Untracked 
|1121|0x0000000718400000, 0x0000000718400000, 0x0000000718800000|  0%| F|  |TAMS 0x0000000718400000| PB 0x0000000718400000| Untracked 
|1122|0x0000000718800000, 0x0000000718800000, 0x0000000718c00000|  0%| F|  |TAMS 0x0000000718800000| PB 0x0000000718800000| Untracked 
|1123|0x0000000718c00000, 0x0000000718c00000, 0x0000000719000000|  0%| F|  |TAMS 0x0000000718c00000| PB 0x0000000718c00000| Untracked 
|1124|0x0000000719000000, 0x0000000719000000, 0x0000000719400000|  0%| F|  |TAMS 0x0000000719000000| PB 0x0000000719000000| Untracked 
|1125|0x0000000719400000, 0x0000000719400000, 0x0000000719800000|  0%| F|  |TAMS 0x0000000719400000| PB 0x0000000719400000| Untracked 
|1126|0x0000000719800000, 0x0000000719800000, 0x0000000719c00000|  0%| F|  |TAMS 0x0000000719800000| PB 0x0000000719800000| Untracked 
|1127|0x0000000719c00000, 0x0000000719c00000, 0x000000071a000000|  0%| F|  |TAMS 0x0000000719c00000| PB 0x0000000719c00000| Untracked 
|1128|0x000000071a000000, 0x000000071a000000, 0x000000071a400000|  0%| F|  |TAMS 0x000000071a000000| PB 0x000000071a000000| Untracked 
|1129|0x000000071a400000, 0x000000071a400000, 0x000000071a800000|  0%| F|  |TAMS 0x000000071a400000| PB 0x000000071a400000| Untracked 
|1130|0x000000071a800000, 0x000000071a800000, 0x000000071ac00000|  0%| F|  |TAMS 0x000000071a800000| PB 0x000000071a800000| Untracked 
|1131|0x000000071ac00000, 0x000000071ac00000, 0x000000071b000000|  0%| F|  |TAMS 0x000000071ac00000| PB 0x000000071ac00000| Untracked 
|1132|0x000000071b000000, 0x000000071b000000, 0x000000071b400000|  0%| F|  |TAMS 0x000000071b000000| PB 0x000000071b000000| Untracked 
|1133|0x000000071b400000, 0x000000071b400000, 0x000000071b800000|  0%| F|  |TAMS 0x000000071b400000| PB 0x000000071b400000| Untracked 
|1134|0x000000071b800000, 0x000000071b800000, 0x000000071bc00000|  0%| F|  |TAMS 0x000000071b800000| PB 0x000000071b800000| Untracked 
|1135|0x000000071bc00000, 0x000000071bc00000, 0x000000071c000000|  0%| F|  |TAMS 0x000000071bc00000| PB 0x000000071bc00000| Untracked 
|1136|0x000000071c000000, 0x000000071c000000, 0x000000071c400000|  0%| F|  |TAMS 0x000000071c000000| PB 0x000000071c000000| Untracked 
|1137|0x000000071c400000, 0x000000071c400000, 0x000000071c800000|  0%| F|  |TAMS 0x000000071c400000| PB 0x000000071c400000| Untracked 
|1138|0x000000071c800000, 0x000000071c800000, 0x000000071cc00000|  0%| F|  |TAMS 0x000000071c800000| PB 0x000000071c800000| Untracked 
|1139|0x000000071cc00000, 0x000000071cc00000, 0x000000071d000000|  0%| F|  |TAMS 0x000000071cc00000| PB 0x000000071cc00000| Untracked 
|1140|0x000000071d000000, 0x000000071d000000, 0x000000071d400000|  0%| F|  |TAMS 0x000000071d000000| PB 0x000000071d000000| Untracked 
|1141|0x000000071d400000, 0x000000071d400000, 0x000000071d800000|  0%| F|  |TAMS 0x000000071d400000| PB 0x000000071d400000| Untracked 
|1142|0x000000071d800000, 0x000000071d800000, 0x000000071dc00000|  0%| F|  |TAMS 0x000000071d800000| PB 0x000000071d800000| Untracked 
|1143|0x000000071dc00000, 0x000000071dc00000, 0x000000071e000000|  0%| F|  |TAMS 0x000000071dc00000| PB 0x000000071dc00000| Untracked 
|1144|0x000000071e000000, 0x000000071e000000, 0x000000071e400000|  0%| F|  |TAMS 0x000000071e000000| PB 0x000000071e000000| Untracked 
|1145|0x000000071e400000, 0x000000071e400000, 0x000000071e800000|  0%| F|  |TAMS 0x000000071e400000| PB 0x000000071e400000| Untracked 
|1146|0x000000071e800000, 0x000000071e800000, 0x000000071ec00000|  0%| F|  |TAMS 0x000000071e800000| PB 0x000000071e800000| Untracked 
|1147|0x000000071ec00000, 0x000000071ec00000, 0x000000071f000000|  0%| F|  |TAMS 0x000000071ec00000| PB 0x000000071ec00000| Untracked 
|1148|0x000000071f000000, 0x000000071f000000, 0x000000071f400000|  0%| F|  |TAMS 0x000000071f000000| PB 0x000000071f000000| Untracked 
|1149|0x000000071f400000, 0x000000071f400000, 0x000000071f800000|  0%| F|  |TAMS 0x000000071f400000| PB 0x000000071f400000| Untracked 
|1150|0x000000071f800000, 0x000000071f800000, 0x000000071fc00000|  0%| F|  |TAMS 0x000000071f800000| PB 0x000000071f800000| Untracked 
|1151|0x000000071fc00000, 0x000000071fc00000, 0x0000000720000000|  0%| F|  |TAMS 0x000000071fc00000| PB 0x000000071fc00000| Untracked 
|1152|0x0000000720000000, 0x0000000720000000, 0x0000000720400000|  0%| F|  |TAMS 0x0000000720000000| PB 0x0000000720000000| Untracked 
|1153|0x0000000720400000, 0x0000000720400000, 0x0000000720800000|  0%| F|  |TAMS 0x0000000720400000| PB 0x0000000720400000| Untracked 
|1154|0x0000000720800000, 0x0000000720800000, 0x0000000720c00000|  0%| F|  |TAMS 0x0000000720800000| PB 0x0000000720800000| Untracked 
|1155|0x0000000720c00000, 0x0000000720c00000, 0x0000000721000000|  0%| F|  |TAMS 0x0000000720c00000| PB 0x0000000720c00000| Untracked 
|1156|0x0000000721000000, 0x0000000721000000, 0x0000000721400000|  0%| F|  |TAMS 0x0000000721000000| PB 0x0000000721000000| Untracked 
|1157|0x0000000721400000, 0x0000000721400000, 0x0000000721800000|  0%| F|  |TAMS 0x0000000721400000| PB 0x0000000721400000| Untracked 
|1158|0x0000000721800000, 0x0000000721800000, 0x0000000721c00000|  0%| F|  |TAMS 0x0000000721800000| PB 0x0000000721800000| Untracked 
|1159|0x0000000721c00000, 0x0000000721c00000, 0x0000000722000000|  0%| F|  |TAMS 0x0000000721c00000| PB 0x0000000721c00000| Untracked 
|1160|0x0000000722000000, 0x0000000722000000, 0x0000000722400000|  0%| F|  |TAMS 0x0000000722000000| PB 0x0000000722000000| Untracked 
|1161|0x0000000722400000, 0x0000000722400000, 0x0000000722800000|  0%| F|  |TAMS 0x0000000722400000| PB 0x0000000722400000| Untracked 
|1162|0x0000000722800000, 0x0000000722800000, 0x0000000722c00000|  0%| F|  |TAMS 0x0000000722800000| PB 0x0000000722800000| Untracked 
|1163|0x0000000722c00000, 0x0000000722c00000, 0x0000000723000000|  0%| F|  |TAMS 0x0000000722c00000| PB 0x0000000722c00000| Untracked 
|1164|0x0000000723000000, 0x0000000723000000, 0x0000000723400000|  0%| F|  |TAMS 0x0000000723000000| PB 0x0000000723000000| Untracked 
|1165|0x0000000723400000, 0x0000000723400000, 0x0000000723800000|  0%| F|  |TAMS 0x0000000723400000| PB 0x0000000723400000| Untracked 
|1166|0x0000000723800000, 0x0000000723800000, 0x0000000723c00000|  0%| F|  |TAMS 0x0000000723800000| PB 0x0000000723800000| Untracked 
|1167|0x0000000723c00000, 0x0000000723c00000, 0x0000000724000000|  0%| F|  |TAMS 0x0000000723c00000| PB 0x0000000723c00000| Untracked 
|1168|0x0000000724000000, 0x0000000724000000, 0x0000000724400000|  0%| F|  |TAMS 0x0000000724000000| PB 0x0000000724000000| Untracked 
|1169|0x0000000724400000, 0x0000000724400000, 0x0000000724800000|  0%| F|  |TAMS 0x0000000724400000| PB 0x0000000724400000| Untracked 
|1170|0x0000000724800000, 0x0000000724800000, 0x0000000724c00000|  0%| F|  |TAMS 0x0000000724800000| PB 0x0000000724800000| Untracked 
|1171|0x0000000724c00000, 0x0000000724c00000, 0x0000000725000000|  0%| F|  |TAMS 0x0000000724c00000| PB 0x0000000724c00000| Untracked 
|1172|0x0000000725000000, 0x0000000725000000, 0x0000000725400000|  0%| F|  |TAMS 0x0000000725000000| PB 0x0000000725000000| Untracked 
|1173|0x0000000725400000, 0x0000000725400000, 0x0000000725800000|  0%| F|  |TAMS 0x0000000725400000| PB 0x0000000725400000| Untracked 
|1174|0x0000000725800000, 0x0000000725800000, 0x0000000725c00000|  0%| F|  |TAMS 0x0000000725800000| PB 0x0000000725800000| Untracked 
|1175|0x0000000725c00000, 0x0000000725c00000, 0x0000000726000000|  0%| F|  |TAMS 0x0000000725c00000| PB 0x0000000725c00000| Untracked 
|1176|0x0000000726000000, 0x0000000726000000, 0x0000000726400000|  0%| F|  |TAMS 0x0000000726000000| PB 0x0000000726000000| Untracked 
|1177|0x0000000726400000, 0x0000000726400000, 0x0000000726800000|  0%| F|  |TAMS 0x0000000726400000| PB 0x0000000726400000| Untracked 
|1178|0x0000000726800000, 0x0000000726800000, 0x0000000726c00000|  0%| F|  |TAMS 0x0000000726800000| PB 0x0000000726800000| Untracked 
|1179|0x0000000726c00000, 0x0000000726c00000, 0x0000000727000000|  0%| F|  |TAMS 0x0000000726c00000| PB 0x0000000726c00000| Untracked 
|1180|0x0000000727000000, 0x0000000727000000, 0x0000000727400000|  0%| F|  |TAMS 0x0000000727000000| PB 0x0000000727000000| Untracked 
|1181|0x0000000727400000, 0x0000000727400000, 0x0000000727800000|  0%| F|  |TAMS 0x0000000727400000| PB 0x0000000727400000| Untracked 
|1182|0x0000000727800000, 0x0000000727800000, 0x0000000727c00000|  0%| F|  |TAMS 0x0000000727800000| PB 0x0000000727800000| Untracked 
|1183|0x0000000727c00000, 0x0000000727c00000, 0x0000000728000000|  0%| F|  |TAMS 0x0000000727c00000| PB 0x0000000727c00000| Untracked 
|1184|0x0000000728000000, 0x0000000728000000, 0x0000000728400000|  0%| F|  |TAMS 0x0000000728000000| PB 0x0000000728000000| Untracked 
|1185|0x0000000728400000, 0x0000000728400000, 0x0000000728800000|  0%| F|  |TAMS 0x0000000728400000| PB 0x0000000728400000| Untracked 
|1186|0x0000000728800000, 0x0000000728800000, 0x0000000728c00000|  0%| F|  |TAMS 0x0000000728800000| PB 0x0000000728800000| Untracked 
|1187|0x0000000728c00000, 0x0000000728c00000, 0x0000000729000000|  0%| F|  |TAMS 0x0000000728c00000| PB 0x0000000728c00000| Untracked 
|1188|0x0000000729000000, 0x0000000729000000, 0x0000000729400000|  0%| F|  |TAMS 0x0000000729000000| PB 0x0000000729000000| Untracked 
|1189|0x0000000729400000, 0x0000000729400000, 0x0000000729800000|  0%| F|  |TAMS 0x0000000729400000| PB 0x0000000729400000| Untracked 
|1190|0x0000000729800000, 0x0000000729800000, 0x0000000729c00000|  0%| F|  |TAMS 0x0000000729800000| PB 0x0000000729800000| Untracked 
|1191|0x0000000729c00000, 0x0000000729c00000, 0x000000072a000000|  0%| F|  |TAMS 0x0000000729c00000| PB 0x0000000729c00000| Untracked 
|1192|0x000000072a000000, 0x000000072a000000, 0x000000072a400000|  0%| F|  |TAMS 0x000000072a000000| PB 0x000000072a000000| Untracked 
|1193|0x000000072a400000, 0x000000072a400000, 0x000000072a800000|  0%| F|  |TAMS 0x000000072a400000| PB 0x000000072a400000| Untracked 
|1194|0x000000072a800000, 0x000000072a800000, 0x000000072ac00000|  0%| F|  |TAMS 0x000000072a800000| PB 0x000000072a800000| Untracked 
|1195|0x000000072ac00000, 0x000000072ac00000, 0x000000072b000000|  0%| F|  |TAMS 0x000000072ac00000| PB 0x000000072ac00000| Untracked 
|1196|0x000000072b000000, 0x000000072b000000, 0x000000072b400000|  0%| F|  |TAMS 0x000000072b000000| PB 0x000000072b000000| Untracked 
|1197|0x000000072b400000, 0x000000072b400000, 0x000000072b800000|  0%| F|  |TAMS 0x000000072b400000| PB 0x000000072b400000| Untracked 
|1198|0x000000072b800000, 0x000000072b800000, 0x000000072bc00000|  0%| F|  |TAMS 0x000000072b800000| PB 0x000000072b800000| Untracked 
|1199|0x000000072bc00000, 0x000000072bc00000, 0x000000072c000000|  0%| F|  |TAMS 0x000000072bc00000| PB 0x000000072bc00000| Untracked 
|1200|0x000000072c000000, 0x000000072c000000, 0x000000072c400000|  0%| F|  |TAMS 0x000000072c000000| PB 0x000000072c000000| Untracked 
|1201|0x000000072c400000, 0x000000072c400000, 0x000000072c800000|  0%| F|  |TAMS 0x000000072c400000| PB 0x000000072c400000| Untracked 
|1202|0x000000072c800000, 0x000000072c800000, 0x000000072cc00000|  0%| F|  |TAMS 0x000000072c800000| PB 0x000000072c800000| Untracked 
|1203|0x000000072cc00000, 0x000000072cc00000, 0x000000072d000000|  0%| F|  |TAMS 0x000000072cc00000| PB 0x000000072cc00000| Untracked 
|1204|0x000000072d000000, 0x000000072d000000, 0x000000072d400000|  0%| F|  |TAMS 0x000000072d000000| PB 0x000000072d000000| Untracked 
|1205|0x000000072d400000, 0x000000072d400000, 0x000000072d800000|  0%| F|  |TAMS 0x000000072d400000| PB 0x000000072d400000| Untracked 
|1206|0x000000072d800000, 0x000000072d800000, 0x000000072dc00000|  0%| F|  |TAMS 0x000000072d800000| PB 0x000000072d800000| Untracked 
|1207|0x000000072dc00000, 0x000000072dc00000, 0x000000072e000000|  0%| F|  |TAMS 0x000000072dc00000| PB 0x000000072dc00000| Untracked 
|1208|0x000000072e000000, 0x000000072e000000, 0x000000072e400000|  0%| F|  |TAMS 0x000000072e000000| PB 0x000000072e000000| Untracked 
|1209|0x000000072e400000, 0x000000072e400000, 0x000000072e800000|  0%| F|  |TAMS 0x000000072e400000| PB 0x000000072e400000| Untracked 
|1210|0x000000072e800000, 0x000000072e800000, 0x000000072ec00000|  0%| F|  |TAMS 0x000000072e800000| PB 0x000000072e800000| Untracked 
|1211|0x000000072ec00000, 0x000000072ec00000, 0x000000072f000000|  0%| F|  |TAMS 0x000000072ec00000| PB 0x000000072ec00000| Untracked 
|1212|0x000000072f000000, 0x000000072f000000, 0x000000072f400000|  0%| F|  |TAMS 0x000000072f000000| PB 0x000000072f000000| Untracked 
|1213|0x000000072f400000, 0x000000072f400000, 0x000000072f800000|  0%| F|  |TAMS 0x000000072f400000| PB 0x000000072f400000| Untracked 
|1214|0x000000072f800000, 0x000000072f800000, 0x000000072fc00000|  0%| F|  |TAMS 0x000000072f800000| PB 0x000000072f800000| Untracked 
|1215|0x000000072fc00000, 0x000000072fc00000, 0x0000000730000000|  0%| F|  |TAMS 0x000000072fc00000| PB 0x000000072fc00000| Untracked 
|1216|0x0000000730000000, 0x0000000730000000, 0x0000000730400000|  0%| F|  |TAMS 0x0000000730000000| PB 0x0000000730000000| Untracked 
|1217|0x0000000730400000, 0x0000000730400000, 0x0000000730800000|  0%| F|  |TAMS 0x0000000730400000| PB 0x0000000730400000| Untracked 
|1218|0x0000000730800000, 0x0000000730800000, 0x0000000730c00000|  0%| F|  |TAMS 0x0000000730800000| PB 0x0000000730800000| Untracked 
|1219|0x0000000730c00000, 0x0000000730c00000, 0x0000000731000000|  0%| F|  |TAMS 0x0000000730c00000| PB 0x0000000730c00000| Untracked 
|1220|0x0000000731000000, 0x0000000731000000, 0x0000000731400000|  0%| F|  |TAMS 0x0000000731000000| PB 0x0000000731000000| Untracked 
|1221|0x0000000731400000, 0x0000000731400000, 0x0000000731800000|  0%| F|  |TAMS 0x0000000731400000| PB 0x0000000731400000| Untracked 
|1222|0x0000000731800000, 0x0000000731800000, 0x0000000731c00000|  0%| F|  |TAMS 0x0000000731800000| PB 0x0000000731800000| Untracked 
|1223|0x0000000731c00000, 0x0000000731c00000, 0x0000000732000000|  0%| F|  |TAMS 0x0000000731c00000| PB 0x0000000731c00000| Untracked 
|1224|0x0000000732000000, 0x0000000732000000, 0x0000000732400000|  0%| F|  |TAMS 0x0000000732000000| PB 0x0000000732000000| Untracked 
|1225|0x0000000732400000, 0x0000000732400000, 0x0000000732800000|  0%| F|  |TAMS 0x0000000732400000| PB 0x0000000732400000| Untracked 
|1226|0x0000000732800000, 0x0000000732800000, 0x0000000732c00000|  0%| F|  |TAMS 0x0000000732800000| PB 0x0000000732800000| Untracked 
|1227|0x0000000732c00000, 0x0000000732c00000, 0x0000000733000000|  0%| F|  |TAMS 0x0000000732c00000| PB 0x0000000732c00000| Untracked 
|1228|0x0000000733000000, 0x0000000733000000, 0x0000000733400000|  0%| F|  |TAMS 0x0000000733000000| PB 0x0000000733000000| Untracked 
|1229|0x0000000733400000, 0x0000000733400000, 0x0000000733800000|  0%| F|  |TAMS 0x0000000733400000| PB 0x0000000733400000| Untracked 
|1230|0x0000000733800000, 0x0000000733800000, 0x0000000733c00000|  0%| F|  |TAMS 0x0000000733800000| PB 0x0000000733800000| Untracked 
|1231|0x0000000733c00000, 0x0000000733c00000, 0x0000000734000000|  0%| F|  |TAMS 0x0000000733c00000| PB 0x0000000733c00000| Untracked 
|1232|0x0000000734000000, 0x0000000734000000, 0x0000000734400000|  0%| F|  |TAMS 0x0000000734000000| PB 0x0000000734000000| Untracked 
|1233|0x0000000734400000, 0x0000000734400000, 0x0000000734800000|  0%| F|  |TAMS 0x0000000734400000| PB 0x0000000734400000| Untracked 
|1234|0x0000000734800000, 0x0000000734800000, 0x0000000734c00000|  0%| F|  |TAMS 0x0000000734800000| PB 0x0000000734800000| Untracked 
|1235|0x0000000734c00000, 0x0000000734c00000, 0x0000000735000000|  0%| F|  |TAMS 0x0000000734c00000| PB 0x0000000734c00000| Untracked 
|1236|0x0000000735000000, 0x0000000735000000, 0x0000000735400000|  0%| F|  |TAMS 0x0000000735000000| PB 0x0000000735000000| Untracked 
|1237|0x0000000735400000, 0x0000000735400000, 0x0000000735800000|  0%| F|  |TAMS 0x0000000735400000| PB 0x0000000735400000| Untracked 
|1238|0x0000000735800000, 0x0000000735800000, 0x0000000735c00000|  0%| F|  |TAMS 0x0000000735800000| PB 0x0000000735800000| Untracked 
|1239|0x0000000735c00000, 0x0000000735c00000, 0x0000000736000000|  0%| F|  |TAMS 0x0000000735c00000| PB 0x0000000735c00000| Untracked 
|1240|0x0000000736000000, 0x0000000736000000, 0x0000000736400000|  0%| F|  |TAMS 0x0000000736000000| PB 0x0000000736000000| Untracked 
|1241|0x0000000736400000, 0x0000000736400000, 0x0000000736800000|  0%| F|  |TAMS 0x0000000736400000| PB 0x0000000736400000| Untracked 
|1242|0x0000000736800000, 0x0000000736800000, 0x0000000736c00000|  0%| F|  |TAMS 0x0000000736800000| PB 0x0000000736800000| Untracked 
|1243|0x0000000736c00000, 0x0000000736c00000, 0x0000000737000000|  0%| F|  |TAMS 0x0000000736c00000| PB 0x0000000736c00000| Untracked 
|1244|0x0000000737000000, 0x0000000737000000, 0x0000000737400000|  0%| F|  |TAMS 0x0000000737000000| PB 0x0000000737000000| Untracked 
|1245|0x0000000737400000, 0x0000000737400000, 0x0000000737800000|  0%| F|  |TAMS 0x0000000737400000| PB 0x0000000737400000| Untracked 
|1246|0x0000000737800000, 0x0000000737800000, 0x0000000737c00000|  0%| F|  |TAMS 0x0000000737800000| PB 0x0000000737800000| Untracked 
|1247|0x0000000737c00000, 0x0000000737c00000, 0x0000000738000000|  0%| F|  |TAMS 0x0000000737c00000| PB 0x0000000737c00000| Untracked 
|1248|0x0000000738000000, 0x0000000738000000, 0x0000000738400000|  0%| F|  |TAMS 0x0000000738000000| PB 0x0000000738000000| Untracked 
|1249|0x0000000738400000, 0x0000000738400000, 0x0000000738800000|  0%| F|  |TAMS 0x0000000738400000| PB 0x0000000738400000| Untracked 
|1250|0x0000000738800000, 0x0000000738800000, 0x0000000738c00000|  0%| F|  |TAMS 0x0000000738800000| PB 0x0000000738800000| Untracked 
|1251|0x0000000738c00000, 0x0000000738c00000, 0x0000000739000000|  0%| F|  |TAMS 0x0000000738c00000| PB 0x0000000738c00000| Untracked 
|1252|0x0000000739000000, 0x0000000739000000, 0x0000000739400000|  0%| F|  |TAMS 0x0000000739000000| PB 0x0000000739000000| Untracked 
|1253|0x0000000739400000, 0x0000000739400000, 0x0000000739800000|  0%| F|  |TAMS 0x0000000739400000| PB 0x0000000739400000| Untracked 
|1254|0x0000000739800000, 0x0000000739800000, 0x0000000739c00000|  0%| F|  |TAMS 0x0000000739800000| PB 0x0000000739800000| Untracked 
|1255|0x0000000739c00000, 0x0000000739c00000, 0x000000073a000000|  0%| F|  |TAMS 0x0000000739c00000| PB 0x0000000739c00000| Untracked 
|1256|0x000000073a000000, 0x000000073a000000, 0x000000073a400000|  0%| F|  |TAMS 0x000000073a000000| PB 0x000000073a000000| Untracked 
|1257|0x000000073a400000, 0x000000073a400000, 0x000000073a800000|  0%| F|  |TAMS 0x000000073a400000| PB 0x000000073a400000| Untracked 
|1258|0x000000073a800000, 0x000000073a800000, 0x000000073ac00000|  0%| F|  |TAMS 0x000000073a800000| PB 0x000000073a800000| Untracked 
|1259|0x000000073ac00000, 0x000000073ac16500, 0x000000073b000000|  2%| E|  |TAMS 0x000000073ac00000| PB 0x000000073ac00000| Complete 
|1260|0x000000073b000000, 0x000000073b400000, 0x000000073b400000|100%| E|CS|TAMS 0x000000073b000000| PB 0x000000073b000000| Complete 
|1261|0x000000073b400000, 0x000000073b800000, 0x000000073b800000|100%| E|CS|TAMS 0x000000073b400000| PB 0x000000073b400000| Complete 
|1262|0x000000073b800000, 0x000000073bc00000, 0x000000073bc00000|100%| E|CS|TAMS 0x000000073b800000| PB 0x000000073b800000| Complete 
|1263|0x000000073bc00000, 0x000000073c000000, 0x000000073c000000|100%| E|CS|TAMS 0x000000073bc00000| PB 0x000000073bc00000| Complete 
|1264|0x000000073c000000, 0x000000073c400000, 0x000000073c400000|100%| E|CS|TAMS 0x000000073c000000| PB 0x000000073c000000| Complete 
|1265|0x000000073c400000, 0x000000073c800000, 0x000000073c800000|100%| E|CS|TAMS 0x000000073c400000| PB 0x000000073c400000| Complete 
|1266|0x000000073c800000, 0x000000073cc00000, 0x000000073cc00000|100%| E|CS|TAMS 0x000000073c800000| PB 0x000000073c800000| Complete 
|1267|0x000000073cc00000, 0x000000073d000000, 0x000000073d000000|100%| E|CS|TAMS 0x000000073cc00000| PB 0x000000073cc00000| Complete 
|1268|0x000000073d000000, 0x000000073d400000, 0x000000073d400000|100%| E|CS|TAMS 0x000000073d000000| PB 0x000000073d000000| Complete 
|1269|0x000000073d400000, 0x000000073d800000, 0x000000073d800000|100%| E|CS|TAMS 0x000000073d400000| PB 0x000000073d400000| Complete 
|1270|0x000000073d800000, 0x000000073dc00000, 0x000000073dc00000|100%| E|CS|TAMS 0x000000073d800000| PB 0x000000073d800000| Complete 
|1271|0x000000073dc00000, 0x000000073e000000, 0x000000073e000000|100%| E|CS|TAMS 0x000000073dc00000| PB 0x000000073dc00000| Complete 
|1272|0x000000073e000000, 0x000000073e400000, 0x000000073e400000|100%| E|CS|TAMS 0x000000073e000000| PB 0x000000073e000000| Complete 
|1273|0x000000073e400000, 0x000000073e800000, 0x000000073e800000|100%| E|CS|TAMS 0x000000073e400000| PB 0x000000073e400000| Complete 
|1274|0x000000073e800000, 0x000000073ec00000, 0x000000073ec00000|100%| E|CS|TAMS 0x000000073e800000| PB 0x000000073e800000| Complete 
|1275|0x000000073ec00000, 0x000000073f000000, 0x000000073f000000|100%| E|CS|TAMS 0x000000073ec00000| PB 0x000000073ec00000| Complete 
|1276|0x000000073f000000, 0x000000073f400000, 0x000000073f400000|100%| E|CS|TAMS 0x000000073f000000| PB 0x000000073f000000| Complete 
|1277|0x000000073f400000, 0x000000073f800000, 0x000000073f800000|100%| E|CS|TAMS 0x000000073f400000| PB 0x000000073f400000| Complete 
|1278|0x000000073f800000, 0x000000073fc00000, 0x000000073fc00000|100%| E|CS|TAMS 0x000000073f800000| PB 0x000000073f800000| Complete 
|1279|0x000000073fc00000, 0x0000000740000000, 0x0000000740000000|100%| E|CS|TAMS 0x000000073fc00000| PB 0x000000073fc00000| Complete 
|1280|0x0000000740000000, 0x0000000740400000, 0x0000000740400000|100%| E|CS|TAMS 0x0000000740000000| PB 0x0000000740000000| Complete 
|1281|0x0000000740400000, 0x0000000740800000, 0x0000000740800000|100%| E|CS|TAMS 0x0000000740400000| PB 0x0000000740400000| Complete 
|1282|0x0000000740800000, 0x0000000740c00000, 0x0000000740c00000|100%| E|CS|TAMS 0x0000000740800000| PB 0x0000000740800000| Complete 
|1283|0x0000000740c00000, 0x0000000741000000, 0x0000000741000000|100%| E|CS|TAMS 0x0000000740c00000| PB 0x0000000740c00000| Complete 
|1284|0x0000000741000000, 0x0000000741400000, 0x0000000741400000|100%| E|CS|TAMS 0x0000000741000000| PB 0x0000000741000000| Complete 
|1285|0x0000000741400000, 0x0000000741800000, 0x0000000741800000|100%| E|CS|TAMS 0x0000000741400000| PB 0x0000000741400000| Complete 
|1286|0x0000000741800000, 0x0000000741c00000, 0x0000000741c00000|100%| E|CS|TAMS 0x0000000741800000| PB 0x0000000741800000| Complete 
|1287|0x0000000741c00000, 0x0000000742000000, 0x0000000742000000|100%| E|CS|TAMS 0x0000000741c00000| PB 0x0000000741c00000| Complete 
|1288|0x0000000742000000, 0x0000000742400000, 0x0000000742400000|100%| E|CS|TAMS 0x0000000742000000| PB 0x0000000742000000| Complete 
|1289|0x0000000742400000, 0x0000000742800000, 0x0000000742800000|100%| E|CS|TAMS 0x0000000742400000| PB 0x0000000742400000| Complete 
|1290|0x0000000742800000, 0x0000000742c00000, 0x0000000742c00000|100%| E|CS|TAMS 0x0000000742800000| PB 0x0000000742800000| Complete 
|1291|0x0000000742c00000, 0x0000000743000000, 0x0000000743000000|100%| E|CS|TAMS 0x0000000742c00000| PB 0x0000000742c00000| Complete 
|1292|0x0000000743000000, 0x0000000743400000, 0x0000000743400000|100%| E|CS|TAMS 0x0000000743000000| PB 0x0000000743000000| Complete 
|1293|0x0000000743400000, 0x0000000743800000, 0x0000000743800000|100%| E|CS|TAMS 0x0000000743400000| PB 0x0000000743400000| Complete 
|1294|0x0000000743800000, 0x0000000743c00000, 0x0000000743c00000|100%| E|CS|TAMS 0x0000000743800000| PB 0x0000000743800000| Complete 
|1295|0x0000000743c00000, 0x0000000744000000, 0x0000000744000000|100%| E|CS|TAMS 0x0000000743c00000| PB 0x0000000743c00000| Complete 
|1296|0x0000000744000000, 0x0000000744400000, 0x0000000744400000|100%| E|CS|TAMS 0x0000000744000000| PB 0x0000000744000000| Complete 
|1297|0x0000000744400000, 0x0000000744800000, 0x0000000744800000|100%| E|CS|TAMS 0x0000000744400000| PB 0x0000000744400000| Complete 
|1298|0x0000000744800000, 0x0000000744c00000, 0x0000000744c00000|100%| E|CS|TAMS 0x0000000744800000| PB 0x0000000744800000| Complete 
|1299|0x0000000744c00000, 0x0000000745000000, 0x0000000745000000|100%| E|CS|TAMS 0x0000000744c00000| PB 0x0000000744c00000| Complete 
|1300|0x0000000745000000, 0x0000000745400000, 0x0000000745400000|100%| E|CS|TAMS 0x0000000745000000| PB 0x0000000745000000| Complete 
|1301|0x0000000745400000, 0x0000000745800000, 0x0000000745800000|100%| E|CS|TAMS 0x0000000745400000| PB 0x0000000745400000| Complete 
|1302|0x0000000745800000, 0x0000000745c00000, 0x0000000745c00000|100%| E|CS|TAMS 0x0000000745800000| PB 0x0000000745800000| Complete 
|1303|0x0000000745c00000, 0x0000000746000000, 0x0000000746000000|100%| E|CS|TAMS 0x0000000745c00000| PB 0x0000000745c00000| Complete 
|1304|0x0000000746000000, 0x0000000746400000, 0x0000000746400000|100%| E|CS|TAMS 0x0000000746000000| PB 0x0000000746000000| Complete 
|1305|0x0000000746400000, 0x0000000746800000, 0x0000000746800000|100%| E|CS|TAMS 0x0000000746400000| PB 0x0000000746400000| Complete 
|1306|0x0000000746800000, 0x0000000746c00000, 0x0000000746c00000|100%| E|CS|TAMS 0x0000000746800000| PB 0x0000000746800000| Complete 
|1307|0x0000000746c00000, 0x0000000747000000, 0x0000000747000000|100%| E|CS|TAMS 0x0000000746c00000| PB 0x0000000746c00000| Complete 
|1308|0x0000000747000000, 0x0000000747400000, 0x0000000747400000|100%| E|CS|TAMS 0x0000000747000000| PB 0x0000000747000000| Complete 
|1309|0x0000000747400000, 0x0000000747800000, 0x0000000747800000|100%| E|CS|TAMS 0x0000000747400000| PB 0x0000000747400000| Complete 
|1310|0x0000000747800000, 0x0000000747c00000, 0x0000000747c00000|100%| E|CS|TAMS 0x0000000747800000| PB 0x0000000747800000| Complete 
|1311|0x0000000747c00000, 0x0000000748000000, 0x0000000748000000|100%| E|CS|TAMS 0x0000000747c00000| PB 0x0000000747c00000| Complete 
|1312|0x0000000748000000, 0x0000000748400000, 0x0000000748400000|100%| E|CS|TAMS 0x0000000748000000| PB 0x0000000748000000| Complete 
|1313|0x0000000748400000, 0x0000000748800000, 0x0000000748800000|100%| E|CS|TAMS 0x0000000748400000| PB 0x0000000748400000| Complete 
|1314|0x0000000748800000, 0x0000000748c00000, 0x0000000748c00000|100%| E|CS|TAMS 0x0000000748800000| PB 0x0000000748800000| Complete 
|1315|0x0000000748c00000, 0x0000000749000000, 0x0000000749000000|100%| E|CS|TAMS 0x0000000748c00000| PB 0x0000000748c00000| Complete 
|1316|0x0000000749000000, 0x0000000749400000, 0x0000000749400000|100%| E|CS|TAMS 0x0000000749000000| PB 0x0000000749000000| Complete 
|1317|0x0000000749400000, 0x0000000749800000, 0x0000000749800000|100%| E|CS|TAMS 0x0000000749400000| PB 0x0000000749400000| Complete 
|1318|0x0000000749800000, 0x0000000749c00000, 0x0000000749c00000|100%| E|CS|TAMS 0x0000000749800000| PB 0x0000000749800000| Complete 
|1319|0x0000000749c00000, 0x000000074a000000, 0x000000074a000000|100%| E|CS|TAMS 0x0000000749c00000| PB 0x0000000749c00000| Complete 
|1320|0x000000074a000000, 0x000000074a400000, 0x000000074a400000|100%| E|CS|TAMS 0x000000074a000000| PB 0x000000074a000000| Complete 
|1321|0x000000074a400000, 0x000000074a800000, 0x000000074a800000|100%| E|CS|TAMS 0x000000074a400000| PB 0x000000074a400000| Complete 
|1322|0x000000074a800000, 0x000000074ac00000, 0x000000074ac00000|100%| E|CS|TAMS 0x000000074a800000| PB 0x000000074a800000| Complete 
|1323|0x000000074ac00000, 0x000000074b000000, 0x000000074b000000|100%| E|CS|TAMS 0x000000074ac00000| PB 0x000000074ac00000| Complete 
|1324|0x000000074b000000, 0x000000074b400000, 0x000000074b400000|100%| E|CS|TAMS 0x000000074b000000| PB 0x000000074b000000| Complete 
|1325|0x000000074b400000, 0x000000074b800000, 0x000000074b800000|100%| E|CS|TAMS 0x000000074b400000| PB 0x000000074b400000| Complete 
|1326|0x000000074b800000, 0x000000074bc00000, 0x000000074bc00000|100%| E|CS|TAMS 0x000000074b800000| PB 0x000000074b800000| Complete 
|1327|0x000000074bc00000, 0x000000074c000000, 0x000000074c000000|100%| E|CS|TAMS 0x000000074bc00000| PB 0x000000074bc00000| Complete 
|1328|0x000000074c000000, 0x000000074c400000, 0x000000074c400000|100%| E|CS|TAMS 0x000000074c000000| PB 0x000000074c000000| Complete 
|1329|0x000000074c400000, 0x000000074c800000, 0x000000074c800000|100%| E|CS|TAMS 0x000000074c400000| PB 0x000000074c400000| Complete 
|1330|0x000000074c800000, 0x000000074cc00000, 0x000000074cc00000|100%| E|CS|TAMS 0x000000074c800000| PB 0x000000074c800000| Complete 
|1331|0x000000074cc00000, 0x000000074d000000, 0x000000074d000000|100%| E|CS|TAMS 0x000000074cc00000| PB 0x000000074cc00000| Complete 
|1332|0x000000074d000000, 0x000000074d400000, 0x000000074d400000|100%| E|CS|TAMS 0x000000074d000000| PB 0x000000074d000000| Complete 
|1333|0x000000074d400000, 0x000000074d800000, 0x000000074d800000|100%| E|CS|TAMS 0x000000074d400000| PB 0x000000074d400000| Complete 
|1334|0x000000074d800000, 0x000000074dc00000, 0x000000074dc00000|100%| E|CS|TAMS 0x000000074d800000| PB 0x000000074d800000| Complete 
|1335|0x000000074dc00000, 0x000000074e000000, 0x000000074e000000|100%| E|CS|TAMS 0x000000074dc00000| PB 0x000000074dc00000| Complete 
|1336|0x000000074e000000, 0x000000074e400000, 0x000000074e400000|100%| E|CS|TAMS 0x000000074e000000| PB 0x000000074e000000| Complete 
|1337|0x000000074e400000, 0x000000074e800000, 0x000000074e800000|100%| E|CS|TAMS 0x000000074e400000| PB 0x000000074e400000| Complete 
|1338|0x000000074e800000, 0x000000074ec00000, 0x000000074ec00000|100%| E|CS|TAMS 0x000000074e800000| PB 0x000000074e800000| Complete 
|1339|0x000000074ec00000, 0x000000074f000000, 0x000000074f000000|100%| E|CS|TAMS 0x000000074ec00000| PB 0x000000074ec00000| Complete 
|1340|0x000000074f000000, 0x000000074f400000, 0x000000074f400000|100%| E|CS|TAMS 0x000000074f000000| PB 0x000000074f000000| Complete 
|1341|0x000000074f400000, 0x000000074f800000, 0x000000074f800000|100%| E|CS|TAMS 0x000000074f400000| PB 0x000000074f400000| Complete 
|1342|0x000000074f800000, 0x000000074fc00000, 0x000000074fc00000|100%| E|CS|TAMS 0x000000074f800000| PB 0x000000074f800000| Complete 
|1343|0x000000074fc00000, 0x0000000750000000, 0x0000000750000000|100%| E|CS|TAMS 0x000000074fc00000| PB 0x000000074fc00000| Complete 
|1344|0x0000000750000000, 0x0000000750400000, 0x0000000750400000|100%| E|CS|TAMS 0x0000000750000000| PB 0x0000000750000000| Complete 
|1345|0x0000000750400000, 0x0000000750800000, 0x0000000750800000|100%| E|CS|TAMS 0x0000000750400000| PB 0x0000000750400000| Complete 
|1346|0x0000000750800000, 0x0000000750c00000, 0x0000000750c00000|100%| E|CS|TAMS 0x0000000750800000| PB 0x0000000750800000| Complete 
|1347|0x0000000750c00000, 0x0000000751000000, 0x0000000751000000|100%| E|CS|TAMS 0x0000000750c00000| PB 0x0000000750c00000| Complete 
|1348|0x0000000751000000, 0x0000000751400000, 0x0000000751400000|100%| E|CS|TAMS 0x0000000751000000| PB 0x0000000751000000| Complete 
|1349|0x0000000751400000, 0x0000000751800000, 0x0000000751800000|100%| E|CS|TAMS 0x0000000751400000| PB 0x0000000751400000| Complete 
|1350|0x0000000751800000, 0x0000000751c00000, 0x0000000751c00000|100%| E|CS|TAMS 0x0000000751800000| PB 0x0000000751800000| Complete 
|1351|0x0000000751c00000, 0x0000000752000000, 0x0000000752000000|100%| E|CS|TAMS 0x0000000751c00000| PB 0x0000000751c00000| Complete 
|1352|0x0000000752000000, 0x0000000752400000, 0x0000000752400000|100%| E|CS|TAMS 0x0000000752000000| PB 0x0000000752000000| Complete 
|1353|0x0000000752400000, 0x0000000752800000, 0x0000000752800000|100%| E|CS|TAMS 0x0000000752400000| PB 0x0000000752400000| Complete 
|1354|0x0000000752800000, 0x0000000752c00000, 0x0000000752c00000|100%| E|CS|TAMS 0x0000000752800000| PB 0x0000000752800000| Complete 
|1355|0x0000000752c00000, 0x0000000753000000, 0x0000000753000000|100%| E|CS|TAMS 0x0000000752c00000| PB 0x0000000752c00000| Complete 
|1356|0x0000000753000000, 0x0000000753400000, 0x0000000753400000|100%| E|CS|TAMS 0x0000000753000000| PB 0x0000000753000000| Complete 
|1357|0x0000000753400000, 0x0000000753800000, 0x0000000753800000|100%| E|CS|TAMS 0x0000000753400000| PB 0x0000000753400000| Complete 
|1358|0x0000000753800000, 0x0000000753c00000, 0x0000000753c00000|100%| E|CS|TAMS 0x0000000753800000| PB 0x0000000753800000| Complete 
|1359|0x0000000753c00000, 0x0000000754000000, 0x0000000754000000|100%| E|CS|TAMS 0x0000000753c00000| PB 0x0000000753c00000| Complete 
|1360|0x0000000754000000, 0x0000000754400000, 0x0000000754400000|100%| E|CS|TAMS 0x0000000754000000| PB 0x0000000754000000| Complete 
|1361|0x0000000754400000, 0x0000000754800000, 0x0000000754800000|100%| E|CS|TAMS 0x0000000754400000| PB 0x0000000754400000| Complete 
|1362|0x0000000754800000, 0x0000000754c00000, 0x0000000754c00000|100%| E|CS|TAMS 0x0000000754800000| PB 0x0000000754800000| Complete 
|1363|0x0000000754c00000, 0x0000000755000000, 0x0000000755000000|100%| E|CS|TAMS 0x0000000754c00000| PB 0x0000000754c00000| Complete 
|1364|0x0000000755000000, 0x0000000755400000, 0x0000000755400000|100%| E|CS|TAMS 0x0000000755000000| PB 0x0000000755000000| Complete 
|1365|0x0000000755400000, 0x0000000755800000, 0x0000000755800000|100%| E|CS|TAMS 0x0000000755400000| PB 0x0000000755400000| Complete 
|1366|0x0000000755800000, 0x0000000755c00000, 0x0000000755c00000|100%| E|CS|TAMS 0x0000000755800000| PB 0x0000000755800000| Complete 
|1367|0x0000000755c00000, 0x0000000756000000, 0x0000000756000000|100%| E|CS|TAMS 0x0000000755c00000| PB 0x0000000755c00000| Complete 
|1368|0x0000000756000000, 0x0000000756400000, 0x0000000756400000|100%| E|CS|TAMS 0x0000000756000000| PB 0x0000000756000000| Complete 
|1369|0x0000000756400000, 0x0000000756800000, 0x0000000756800000|100%| E|CS|TAMS 0x0000000756400000| PB 0x0000000756400000| Complete 
|1370|0x0000000756800000, 0x0000000756c00000, 0x0000000756c00000|100%| E|CS|TAMS 0x0000000756800000| PB 0x0000000756800000| Complete 
|1371|0x0000000756c00000, 0x0000000757000000, 0x0000000757000000|100%| E|CS|TAMS 0x0000000756c00000| PB 0x0000000756c00000| Complete 
|1372|0x0000000757000000, 0x0000000757400000, 0x0000000757400000|100%| E|CS|TAMS 0x0000000757000000| PB 0x0000000757000000| Complete 
|1373|0x0000000757400000, 0x0000000757800000, 0x0000000757800000|100%| E|CS|TAMS 0x0000000757400000| PB 0x0000000757400000| Complete 
|1374|0x0000000757800000, 0x0000000757c00000, 0x0000000757c00000|100%| E|CS|TAMS 0x0000000757800000| PB 0x0000000757800000| Complete 
|1375|0x0000000757c00000, 0x0000000758000000, 0x0000000758000000|100%| E|CS|TAMS 0x0000000757c00000| PB 0x0000000757c00000| Complete 
|1376|0x0000000758000000, 0x0000000758400000, 0x0000000758400000|100%| E|CS|TAMS 0x0000000758000000| PB 0x0000000758000000| Complete 
|1377|0x0000000758400000, 0x0000000758800000, 0x0000000758800000|100%| E|CS|TAMS 0x0000000758400000| PB 0x0000000758400000| Complete 
|1378|0x0000000758800000, 0x0000000758c00000, 0x0000000758c00000|100%| E|CS|TAMS 0x0000000758800000| PB 0x0000000758800000| Complete 
|1379|0x0000000758c00000, 0x0000000759000000, 0x0000000759000000|100%| E|CS|TAMS 0x0000000758c00000| PB 0x0000000758c00000| Complete 
|1380|0x0000000759000000, 0x0000000759400000, 0x0000000759400000|100%| E|CS|TAMS 0x0000000759000000| PB 0x0000000759000000| Complete 
|1381|0x0000000759400000, 0x0000000759800000, 0x0000000759800000|100%| E|CS|TAMS 0x0000000759400000| PB 0x0000000759400000| Complete 
|1382|0x0000000759800000, 0x0000000759c00000, 0x0000000759c00000|100%| E|CS|TAMS 0x0000000759800000| PB 0x0000000759800000| Complete 
|1383|0x0000000759c00000, 0x000000075a000000, 0x000000075a000000|100%| E|CS|TAMS 0x0000000759c00000| PB 0x0000000759c00000| Complete 
|1384|0x000000075a000000, 0x000000075a400000, 0x000000075a400000|100%| E|CS|TAMS 0x000000075a000000| PB 0x000000075a000000| Complete 
|1385|0x000000075a400000, 0x000000075a800000, 0x000000075a800000|100%| E|CS|TAMS 0x000000075a400000| PB 0x000000075a400000| Complete 
|1386|0x000000075a800000, 0x000000075ac00000, 0x000000075ac00000|100%| E|CS|TAMS 0x000000075a800000| PB 0x000000075a800000| Complete 
|1387|0x000000075ac00000, 0x000000075b000000, 0x000000075b000000|100%| E|CS|TAMS 0x000000075ac00000| PB 0x000000075ac00000| Complete 
|1388|0x000000075b000000, 0x000000075b400000, 0x000000075b400000|100%| E|CS|TAMS 0x000000075b000000| PB 0x000000075b000000| Complete 
|1389|0x000000075b400000, 0x000000075b800000, 0x000000075b800000|100%| E|CS|TAMS 0x000000075b400000| PB 0x000000075b400000| Complete 
|1390|0x000000075b800000, 0x000000075bc00000, 0x000000075bc00000|100%| E|CS|TAMS 0x000000075b800000| PB 0x000000075b800000| Complete 
|1391|0x000000075bc00000, 0x000000075c000000, 0x000000075c000000|100%| E|CS|TAMS 0x000000075bc00000| PB 0x000000075bc00000| Complete 
|1392|0x000000075c000000, 0x000000075c400000, 0x000000075c400000|100%| E|CS|TAMS 0x000000075c000000| PB 0x000000075c000000| Complete 
|1393|0x000000075c400000, 0x000000075c800000, 0x000000075c800000|100%| E|CS|TAMS 0x000000075c400000| PB 0x000000075c400000| Complete 
|1394|0x000000075c800000, 0x000000075cc00000, 0x000000075cc00000|100%| E|CS|TAMS 0x000000075c800000| PB 0x000000075c800000| Complete 
|1395|0x000000075cc00000, 0x000000075d000000, 0x000000075d000000|100%| E|CS|TAMS 0x000000075cc00000| PB 0x000000075cc00000| Complete 
|1396|0x000000075d000000, 0x000000075d400000, 0x000000075d400000|100%| E|CS|TAMS 0x000000075d000000| PB 0x000000075d000000| Complete 
|1397|0x000000075d400000, 0x000000075d800000, 0x000000075d800000|100%| E|CS|TAMS 0x000000075d400000| PB 0x000000075d400000| Complete 
|1398|0x000000075d800000, 0x000000075dc00000, 0x000000075dc00000|100%| E|CS|TAMS 0x000000075d800000| PB 0x000000075d800000| Complete 
|1399|0x000000075dc00000, 0x000000075e000000, 0x000000075e000000|100%| E|CS|TAMS 0x000000075dc00000| PB 0x000000075dc00000| Complete 
|1400|0x000000075e000000, 0x000000075e400000, 0x000000075e400000|100%| E|CS|TAMS 0x000000075e000000| PB 0x000000075e000000| Complete 
|1401|0x000000075e400000, 0x000000075e800000, 0x000000075e800000|100%| E|CS|TAMS 0x000000075e400000| PB 0x000000075e400000| Complete 
|1402|0x000000075e800000, 0x000000075ec00000, 0x000000075ec00000|100%| E|CS|TAMS 0x000000075e800000| PB 0x000000075e800000| Complete 
|1403|0x000000075ec00000, 0x000000075f000000, 0x000000075f000000|100%| E|CS|TAMS 0x000000075ec00000| PB 0x000000075ec00000| Complete 
|1404|0x000000075f000000, 0x000000075f400000, 0x000000075f400000|100%| E|CS|TAMS 0x000000075f000000| PB 0x000000075f000000| Complete 
|1405|0x000000075f400000, 0x000000075f800000, 0x000000075f800000|100%| E|CS|TAMS 0x000000075f400000| PB 0x000000075f400000| Complete 
|1406|0x000000075f800000, 0x000000075fc00000, 0x000000075fc00000|100%| E|CS|TAMS 0x000000075f800000| PB 0x000000075f800000| Complete 
|1407|0x000000075fc00000, 0x0000000760000000, 0x0000000760000000|100%| E|CS|TAMS 0x000000075fc00000| PB 0x000000075fc00000| Complete 
|1408|0x0000000760000000, 0x0000000760400000, 0x0000000760400000|100%| E|CS|TAMS 0x0000000760000000| PB 0x0000000760000000| Complete 
|1409|0x0000000760400000, 0x0000000760800000, 0x0000000760800000|100%| E|CS|TAMS 0x0000000760400000| PB 0x0000000760400000| Complete 
|1410|0x0000000760800000, 0x0000000760c00000, 0x0000000760c00000|100%| E|CS|TAMS 0x0000000760800000| PB 0x0000000760800000| Complete 
|1411|0x0000000760c00000, 0x0000000761000000, 0x0000000761000000|100%| E|CS|TAMS 0x0000000760c00000| PB 0x0000000760c00000| Complete 
|1412|0x0000000761000000, 0x0000000761400000, 0x0000000761400000|100%| E|CS|TAMS 0x0000000761000000| PB 0x0000000761000000| Complete 
|1413|0x0000000761400000, 0x0000000761800000, 0x0000000761800000|100%| E|CS|TAMS 0x0000000761400000| PB 0x0000000761400000| Complete 
|1414|0x0000000761800000, 0x0000000761c00000, 0x0000000761c00000|100%| E|CS|TAMS 0x0000000761800000| PB 0x0000000761800000| Complete 
|1415|0x0000000761c00000, 0x0000000762000000, 0x0000000762000000|100%| E|CS|TAMS 0x0000000761c00000| PB 0x0000000761c00000| Complete 
|1416|0x0000000762000000, 0x0000000762400000, 0x0000000762400000|100%| E|CS|TAMS 0x0000000762000000| PB 0x0000000762000000| Complete 
|1417|0x0000000762400000, 0x0000000762800000, 0x0000000762800000|100%| E|CS|TAMS 0x0000000762400000| PB 0x0000000762400000| Complete 
|1418|0x0000000762800000, 0x0000000762c00000, 0x0000000762c00000|100%| E|CS|TAMS 0x0000000762800000| PB 0x0000000762800000| Complete 
|1419|0x0000000762c00000, 0x0000000763000000, 0x0000000763000000|100%| E|CS|TAMS 0x0000000762c00000| PB 0x0000000762c00000| Complete 
|1420|0x0000000763000000, 0x0000000763400000, 0x0000000763400000|100%| E|CS|TAMS 0x0000000763000000| PB 0x0000000763000000| Complete 
|1421|0x0000000763400000, 0x0000000763800000, 0x0000000763800000|100%| E|CS|TAMS 0x0000000763400000| PB 0x0000000763400000| Complete 
|1422|0x0000000763800000, 0x0000000763c00000, 0x0000000763c00000|100%| E|CS|TAMS 0x0000000763800000| PB 0x0000000763800000| Complete 
|1423|0x0000000763c00000, 0x0000000764000000, 0x0000000764000000|100%| E|CS|TAMS 0x0000000763c00000| PB 0x0000000763c00000| Complete 
|1424|0x0000000764000000, 0x0000000764400000, 0x0000000764400000|100%| E|CS|TAMS 0x0000000764000000| PB 0x0000000764000000| Complete 
|1425|0x0000000764400000, 0x0000000764800000, 0x0000000764800000|100%| E|CS|TAMS 0x0000000764400000| PB 0x0000000764400000| Complete 
|1426|0x0000000764800000, 0x0000000764c00000, 0x0000000764c00000|100%| E|CS|TAMS 0x0000000764800000| PB 0x0000000764800000| Complete 
|1427|0x0000000764c00000, 0x0000000765000000, 0x0000000765000000|100%| E|CS|TAMS 0x0000000764c00000| PB 0x0000000764c00000| Complete 
|1428|0x0000000765000000, 0x0000000765400000, 0x0000000765400000|100%| E|CS|TAMS 0x0000000765000000| PB 0x0000000765000000| Complete 
|1429|0x0000000765400000, 0x0000000765800000, 0x0000000765800000|100%| E|CS|TAMS 0x0000000765400000| PB 0x0000000765400000| Complete 
|1430|0x0000000765800000, 0x0000000765c00000, 0x0000000765c00000|100%| E|CS|TAMS 0x0000000765800000| PB 0x0000000765800000| Complete 
|1431|0x0000000765c00000, 0x0000000766000000, 0x0000000766000000|100%| E|CS|TAMS 0x0000000765c00000| PB 0x0000000765c00000| Complete 
|1432|0x0000000766000000, 0x0000000766400000, 0x0000000766400000|100%| E|CS|TAMS 0x0000000766000000| PB 0x0000000766000000| Complete 
|1433|0x0000000766400000, 0x0000000766800000, 0x0000000766800000|100%| E|CS|TAMS 0x0000000766400000| PB 0x0000000766400000| Complete 
|1434|0x0000000766800000, 0x0000000766c00000, 0x0000000766c00000|100%| E|CS|TAMS 0x0000000766800000| PB 0x0000000766800000| Complete 
|1435|0x0000000766c00000, 0x0000000767000000, 0x0000000767000000|100%| E|CS|TAMS 0x0000000766c00000| PB 0x0000000766c00000| Complete 
|1436|0x0000000767000000, 0x0000000767400000, 0x0000000767400000|100%| E|CS|TAMS 0x0000000767000000| PB 0x0000000767000000| Complete 
|1437|0x0000000767400000, 0x0000000767800000, 0x0000000767800000|100%| E|CS|TAMS 0x0000000767400000| PB 0x0000000767400000| Complete 
|1438|0x0000000767800000, 0x0000000767c00000, 0x0000000767c00000|100%| E|CS|TAMS 0x0000000767800000| PB 0x0000000767800000| Complete 
|1439|0x0000000767c00000, 0x0000000768000000, 0x0000000768000000|100%| E|CS|TAMS 0x0000000767c00000| PB 0x0000000767c00000| Complete 
|1440|0x0000000768000000, 0x0000000768400000, 0x0000000768400000|100%| E|CS|TAMS 0x0000000768000000| PB 0x0000000768000000| Complete 
|1441|0x0000000768400000, 0x0000000768800000, 0x0000000768800000|100%| E|CS|TAMS 0x0000000768400000| PB 0x0000000768400000| Complete 
|1442|0x0000000768800000, 0x0000000768c00000, 0x0000000768c00000|100%| E|CS|TAMS 0x0000000768800000| PB 0x0000000768800000| Complete 
|1443|0x0000000768c00000, 0x0000000769000000, 0x0000000769000000|100%| E|CS|TAMS 0x0000000768c00000| PB 0x0000000768c00000| Complete 
|1444|0x0000000769000000, 0x0000000769400000, 0x0000000769400000|100%| E|CS|TAMS 0x0000000769000000| PB 0x0000000769000000| Complete 
|1445|0x0000000769400000, 0x0000000769800000, 0x0000000769800000|100%| E|CS|TAMS 0x0000000769400000| PB 0x0000000769400000| Complete 
|1446|0x0000000769800000, 0x0000000769c00000, 0x0000000769c00000|100%| E|CS|TAMS 0x0000000769800000| PB 0x0000000769800000| Complete 
|1447|0x0000000769c00000, 0x000000076a000000, 0x000000076a000000|100%| E|CS|TAMS 0x0000000769c00000| PB 0x0000000769c00000| Complete 
|1448|0x000000076a000000, 0x000000076a400000, 0x000000076a400000|100%| E|CS|TAMS 0x000000076a000000| PB 0x000000076a000000| Complete 
|1449|0x000000076a400000, 0x000000076a800000, 0x000000076a800000|100%| E|CS|TAMS 0x000000076a400000| PB 0x000000076a400000| Complete 
|1450|0x000000076a800000, 0x000000076ac00000, 0x000000076ac00000|100%| E|CS|TAMS 0x000000076a800000| PB 0x000000076a800000| Complete 
|1451|0x000000076ac00000, 0x000000076b000000, 0x000000076b000000|100%| E|CS|TAMS 0x000000076ac00000| PB 0x000000076ac00000| Complete 
|1452|0x000000076b000000, 0x000000076b400000, 0x000000076b400000|100%| E|CS|TAMS 0x000000076b000000| PB 0x000000076b000000| Complete 
|1453|0x000000076b400000, 0x000000076b800000, 0x000000076b800000|100%| E|CS|TAMS 0x000000076b400000| PB 0x000000076b400000| Complete 
|1454|0x000000076b800000, 0x000000076bc00000, 0x000000076bc00000|100%| E|CS|TAMS 0x000000076b800000| PB 0x000000076b800000| Complete 
|1455|0x000000076bc00000, 0x000000076c000000, 0x000000076c000000|100%| E|CS|TAMS 0x000000076bc00000| PB 0x000000076bc00000| Complete 
|1456|0x000000076c000000, 0x000000076c400000, 0x000000076c400000|100%| E|CS|TAMS 0x000000076c000000| PB 0x000000076c000000| Complete 
|1457|0x000000076c400000, 0x000000076c800000, 0x000000076c800000|100%| E|CS|TAMS 0x000000076c400000| PB 0x000000076c400000| Complete 
|1458|0x000000076c800000, 0x000000076cc00000, 0x000000076cc00000|100%| E|CS|TAMS 0x000000076c800000| PB 0x000000076c800000| Complete 
|1459|0x000000076cc00000, 0x000000076d000000, 0x000000076d000000|100%| E|CS|TAMS 0x000000076cc00000| PB 0x000000076cc00000| Complete 
|1460|0x000000076d000000, 0x000000076d400000, 0x000000076d400000|100%| E|CS|TAMS 0x000000076d000000| PB 0x000000076d000000| Complete 
|1461|0x000000076d400000, 0x000000076d800000, 0x000000076d800000|100%| E|CS|TAMS 0x000000076d400000| PB 0x000000076d400000| Complete 
|1462|0x000000076d800000, 0x000000076dc00000, 0x000000076dc00000|100%| E|CS|TAMS 0x000000076d800000| PB 0x000000076d800000| Complete 
|1463|0x000000076dc00000, 0x000000076e000000, 0x000000076e000000|100%| E|CS|TAMS 0x000000076dc00000| PB 0x000000076dc00000| Complete 
|1464|0x000000076e000000, 0x000000076e400000, 0x000000076e400000|100%| E|CS|TAMS 0x000000076e000000| PB 0x000000076e000000| Complete 
|1465|0x000000076e400000, 0x000000076e800000, 0x000000076e800000|100%| E|CS|TAMS 0x000000076e400000| PB 0x000000076e400000| Complete 
|1466|0x000000076e800000, 0x000000076ec00000, 0x000000076ec00000|100%| E|CS|TAMS 0x000000076e800000| PB 0x000000076e800000| Complete 
|1467|0x000000076ec00000, 0x000000076f000000, 0x000000076f000000|100%| E|CS|TAMS 0x000000076ec00000| PB 0x000000076ec00000| Complete 
|1468|0x000000076f000000, 0x000000076f400000, 0x000000076f400000|100%| E|CS|TAMS 0x000000076f000000| PB 0x000000076f000000| Complete 
|1469|0x000000076f400000, 0x000000076f800000, 0x000000076f800000|100%| E|CS|TAMS 0x000000076f400000| PB 0x000000076f400000| Complete 
|1470|0x000000076f800000, 0x000000076fc00000, 0x000000076fc00000|100%| E|CS|TAMS 0x000000076f800000| PB 0x000000076f800000| Complete 
|1471|0x000000076fc00000, 0x0000000770000000, 0x0000000770000000|100%| E|CS|TAMS 0x000000076fc00000| PB 0x000000076fc00000| Complete 
|1472|0x0000000770000000, 0x0000000770400000, 0x0000000770400000|100%| E|CS|TAMS 0x0000000770000000| PB 0x0000000770000000| Complete 
|1473|0x0000000770400000, 0x0000000770800000, 0x0000000770800000|100%| E|CS|TAMS 0x0000000770400000| PB 0x0000000770400000| Complete 
|1474|0x0000000770800000, 0x0000000770c00000, 0x0000000770c00000|100%| E|CS|TAMS 0x0000000770800000| PB 0x0000000770800000| Complete 
|1475|0x0000000770c00000, 0x0000000771000000, 0x0000000771000000|100%| E|CS|TAMS 0x0000000770c00000| PB 0x0000000770c00000| Complete 
|1476|0x0000000771000000, 0x0000000771400000, 0x0000000771400000|100%| E|CS|TAMS 0x0000000771000000| PB 0x0000000771000000| Complete 
|1477|0x0000000771400000, 0x0000000771800000, 0x0000000771800000|100%| E|CS|TAMS 0x0000000771400000| PB 0x0000000771400000| Complete 
|1478|0x0000000771800000, 0x0000000771c00000, 0x0000000771c00000|100%| E|CS|TAMS 0x0000000771800000| PB 0x0000000771800000| Complete 
|1479|0x0000000771c00000, 0x0000000772000000, 0x0000000772000000|100%| E|CS|TAMS 0x0000000771c00000| PB 0x0000000771c00000| Complete 
|1480|0x0000000772000000, 0x0000000772400000, 0x0000000772400000|100%| E|CS|TAMS 0x0000000772000000| PB 0x0000000772000000| Complete 
|1481|0x0000000772400000, 0x0000000772800000, 0x0000000772800000|100%| E|CS|TAMS 0x0000000772400000| PB 0x0000000772400000| Complete 
|1482|0x0000000772800000, 0x0000000772c00000, 0x0000000772c00000|100%| E|CS|TAMS 0x0000000772800000| PB 0x0000000772800000| Complete 
|1483|0x0000000772c00000, 0x0000000773000000, 0x0000000773000000|100%| E|CS|TAMS 0x0000000772c00000| PB 0x0000000772c00000| Complete 
|1484|0x0000000773000000, 0x0000000773400000, 0x0000000773400000|100%| E|CS|TAMS 0x0000000773000000| PB 0x0000000773000000| Complete 
|1485|0x0000000773400000, 0x0000000773800000, 0x0000000773800000|100%| E|CS|TAMS 0x0000000773400000| PB 0x0000000773400000| Complete 
|1486|0x0000000773800000, 0x0000000773c00000, 0x0000000773c00000|100%| E|CS|TAMS 0x0000000773800000| PB 0x0000000773800000| Complete 
|1487|0x0000000773c00000, 0x0000000774000000, 0x0000000774000000|100%| E|CS|TAMS 0x0000000773c00000| PB 0x0000000773c00000| Complete 
|1488|0x0000000774000000, 0x0000000774400000, 0x0000000774400000|100%| E|CS|TAMS 0x0000000774000000| PB 0x0000000774000000| Complete 
|1489|0x0000000774400000, 0x0000000774800000, 0x0000000774800000|100%| E|CS|TAMS 0x0000000774400000| PB 0x0000000774400000| Complete 
|1490|0x0000000774800000, 0x0000000774c00000, 0x0000000774c00000|100%| E|CS|TAMS 0x0000000774800000| PB 0x0000000774800000| Complete 
|1491|0x0000000774c00000, 0x0000000775000000, 0x0000000775000000|100%| E|CS|TAMS 0x0000000774c00000| PB 0x0000000774c00000| Complete 
|1492|0x0000000775000000, 0x0000000775400000, 0x0000000775400000|100%| E|CS|TAMS 0x0000000775000000| PB 0x0000000775000000| Complete 
|1493|0x0000000775400000, 0x0000000775800000, 0x0000000775800000|100%| E|CS|TAMS 0x0000000775400000| PB 0x0000000775400000| Complete 
|1494|0x0000000775800000, 0x0000000775c00000, 0x0000000775c00000|100%| E|  |TAMS 0x0000000775800000| PB 0x0000000775800000| Complete 
|1495|0x0000000775c00000, 0x0000000776000000, 0x0000000776000000|100%| E|CS|TAMS 0x0000000775c00000| PB 0x0000000775c00000| Complete 
|1496|0x0000000776000000, 0x0000000776400000, 0x0000000776400000|100%| E|CS|TAMS 0x0000000776000000| PB 0x0000000776000000| Complete 
|1497|0x0000000776400000, 0x0000000776800000, 0x0000000776800000|100%| E|CS|TAMS 0x0000000776400000| PB 0x0000000776400000| Complete 
|1498|0x0000000776800000, 0x0000000776c00000, 0x0000000776c00000|100%| E|CS|TAMS 0x0000000776800000| PB 0x0000000776800000| Complete 
|1499|0x0000000776c00000, 0x0000000777000000, 0x0000000777000000|100%| E|CS|TAMS 0x0000000776c00000| PB 0x0000000776c00000| Complete 
|1500|0x0000000777000000, 0x0000000777400000, 0x0000000777400000|100%| E|CS|TAMS 0x0000000777000000| PB 0x0000000777000000| Complete 
|1501|0x0000000777400000, 0x0000000777800000, 0x0000000777800000|100%| E|CS|TAMS 0x0000000777400000| PB 0x0000000777400000| Complete 
|1502|0x0000000777800000, 0x0000000777c00000, 0x0000000777c00000|100%| E|CS|TAMS 0x0000000777800000| PB 0x0000000777800000| Complete 
|1503|0x0000000777c00000, 0x0000000778000000, 0x0000000778000000|100%| E|CS|TAMS 0x0000000777c00000| PB 0x0000000777c00000| Complete 
|1504|0x0000000778000000, 0x0000000778400000, 0x0000000778400000|100%| E|CS|TAMS 0x0000000778000000| PB 0x0000000778000000| Complete 
|1505|0x0000000778400000, 0x0000000778800000, 0x0000000778800000|100%| E|CS|TAMS 0x0000000778400000| PB 0x0000000778400000| Complete 
|1506|0x0000000778800000, 0x0000000778c00000, 0x0000000778c00000|100%| E|CS|TAMS 0x0000000778800000| PB 0x0000000778800000| Complete 
|1507|0x0000000778c00000, 0x0000000779000000, 0x0000000779000000|100%| E|CS|TAMS 0x0000000778c00000| PB 0x0000000778c00000| Complete 
|1508|0x0000000779000000, 0x0000000779400000, 0x0000000779400000|100%| E|CS|TAMS 0x0000000779000000| PB 0x0000000779000000| Complete 
|1509|0x0000000779400000, 0x0000000779800000, 0x0000000779800000|100%| E|CS|TAMS 0x0000000779400000| PB 0x0000000779400000| Complete 
|1510|0x0000000779800000, 0x0000000779c00000, 0x0000000779c00000|100%| E|CS|TAMS 0x0000000779800000| PB 0x0000000779800000| Complete 
|1511|0x0000000779c00000, 0x000000077a000000, 0x000000077a000000|100%| E|CS|TAMS 0x0000000779c00000| PB 0x0000000779c00000| Complete 
|1512|0x000000077a000000, 0x000000077a400000, 0x000000077a400000|100%| E|CS|TAMS 0x000000077a000000| PB 0x000000077a000000| Complete 
|1513|0x000000077a400000, 0x000000077a800000, 0x000000077a800000|100%| E|CS|TAMS 0x000000077a400000| PB 0x000000077a400000| Complete 
|1514|0x000000077a800000, 0x000000077ac00000, 0x000000077ac00000|100%| E|CS|TAMS 0x000000077a800000| PB 0x000000077a800000| Complete 
|1515|0x000000077ac00000, 0x000000077b000000, 0x000000077b000000|100%| E|CS|TAMS 0x000000077ac00000| PB 0x000000077ac00000| Complete 
|1516|0x000000077b000000, 0x000000077b400000, 0x000000077b400000|100%| E|CS|TAMS 0x000000077b000000| PB 0x000000077b000000| Complete 
|1517|0x000000077b400000, 0x000000077b800000, 0x000000077b800000|100%| E|CS|TAMS 0x000000077b400000| PB 0x000000077b400000| Complete 
|1518|0x000000077b800000, 0x000000077bc00000, 0x000000077bc00000|100%| E|CS|TAMS 0x000000077b800000| PB 0x000000077b800000| Complete 
|1519|0x000000077bc00000, 0x000000077c000000, 0x000000077c000000|100%| E|CS|TAMS 0x000000077bc00000| PB 0x000000077bc00000| Complete 
|1520|0x000000077c000000, 0x000000077c400000, 0x000000077c400000|100%| E|CS|TAMS 0x000000077c000000| PB 0x000000077c000000| Complete 
|1521|0x000000077c400000, 0x000000077c800000, 0x000000077c800000|100%| E|CS|TAMS 0x000000077c400000| PB 0x000000077c400000| Complete 
|1522|0x000000077c800000, 0x000000077cc00000, 0x000000077cc00000|100%| E|CS|TAMS 0x000000077c800000| PB 0x000000077c800000| Complete 
|1523|0x000000077cc00000, 0x000000077d000000, 0x000000077d000000|100%| E|CS|TAMS 0x000000077cc00000| PB 0x000000077cc00000| Complete 
|1524|0x000000077d000000, 0x000000077d400000, 0x000000077d400000|100%| E|CS|TAMS 0x000000077d000000| PB 0x000000077d000000| Complete 
|1525|0x000000077d400000, 0x000000077d800000, 0x000000077d800000|100%| E|CS|TAMS 0x000000077d400000| PB 0x000000077d400000| Complete 
|1526|0x000000077d800000, 0x000000077dc00000, 0x000000077dc00000|100%| E|CS|TAMS 0x000000077d800000| PB 0x000000077d800000| Complete 
|1527|0x000000077dc00000, 0x000000077e000000, 0x000000077e000000|100%| E|CS|TAMS 0x000000077dc00000| PB 0x000000077dc00000| Complete 
|1528|0x000000077e000000, 0x000000077e400000, 0x000000077e400000|100%| E|CS|TAMS 0x000000077e000000| PB 0x000000077e000000| Complete 
|1529|0x000000077e400000, 0x000000077e800000, 0x000000077e800000|100%| E|CS|TAMS 0x000000077e400000| PB 0x000000077e400000| Complete 
|1530|0x000000077e800000, 0x000000077ec00000, 0x000000077ec00000|100%| E|CS|TAMS 0x000000077e800000| PB 0x000000077e800000| Complete 
|1531|0x000000077ec00000, 0x000000077f000000, 0x000000077f000000|100%| E|CS|TAMS 0x000000077ec00000| PB 0x000000077ec00000| Complete 
|1532|0x000000077f000000, 0x000000077f400000, 0x000000077f400000|100%| E|CS|TAMS 0x000000077f000000| PB 0x000000077f000000| Complete 
|1533|0x000000077f400000, 0x000000077f800000, 0x000000077f800000|100%| E|CS|TAMS 0x000000077f400000| PB 0x000000077f400000| Complete 
|1534|0x000000077f800000, 0x000000077fc00000, 0x000000077fc00000|100%| E|CS|TAMS 0x000000077f800000| PB 0x000000077f800000| Complete 
|1535|0x000000077fc00000, 0x0000000780000000, 0x0000000780000000|100%| E|CS|TAMS 0x000000077fc00000| PB 0x000000077fc00000| Complete 
|1536|0x0000000780000000, 0x0000000780400000, 0x0000000780400000|100%| E|CS|TAMS 0x0000000780000000| PB 0x0000000780000000| Complete 
|1537|0x0000000780400000, 0x0000000780800000, 0x0000000780800000|100%| E|CS|TAMS 0x0000000780400000| PB 0x0000000780400000| Complete 
|1538|0x0000000780800000, 0x0000000780c00000, 0x0000000780c00000|100%| E|CS|TAMS 0x0000000780800000| PB 0x0000000780800000| Complete 
|1539|0x0000000780c00000, 0x0000000781000000, 0x0000000781000000|100%| E|CS|TAMS 0x0000000780c00000| PB 0x0000000780c00000| Complete 
|1540|0x0000000781000000, 0x0000000781400000, 0x0000000781400000|100%| E|CS|TAMS 0x0000000781000000| PB 0x0000000781000000| Complete 
|1541|0x0000000781400000, 0x0000000781800000, 0x0000000781800000|100%| E|CS|TAMS 0x0000000781400000| PB 0x0000000781400000| Complete 
|1542|0x0000000781800000, 0x0000000781c00000, 0x0000000781c00000|100%| E|CS|TAMS 0x0000000781800000| PB 0x0000000781800000| Complete 
|1543|0x0000000781c00000, 0x0000000782000000, 0x0000000782000000|100%| E|CS|TAMS 0x0000000781c00000| PB 0x0000000781c00000| Complete 
|1544|0x0000000782000000, 0x0000000782400000, 0x0000000782400000|100%| E|CS|TAMS 0x0000000782000000| PB 0x0000000782000000| Complete 
|1545|0x0000000782400000, 0x0000000782800000, 0x0000000782800000|100%| E|CS|TAMS 0x0000000782400000| PB 0x0000000782400000| Complete 
|1546|0x0000000782800000, 0x0000000782c00000, 0x0000000782c00000|100%| E|CS|TAMS 0x0000000782800000| PB 0x0000000782800000| Complete 
|1547|0x0000000782c00000, 0x0000000783000000, 0x0000000783000000|100%| E|CS|TAMS 0x0000000782c00000| PB 0x0000000782c00000| Complete 
|1548|0x0000000783000000, 0x0000000783400000, 0x0000000783400000|100%| E|CS|TAMS 0x0000000783000000| PB 0x0000000783000000| Complete 
|1549|0x0000000783400000, 0x0000000783800000, 0x0000000783800000|100%| E|CS|TAMS 0x0000000783400000| PB 0x0000000783400000| Complete 
|1550|0x0000000783800000, 0x0000000783c00000, 0x0000000783c00000|100%| E|CS|TAMS 0x0000000783800000| PB 0x0000000783800000| Complete 
|1551|0x0000000783c00000, 0x0000000784000000, 0x0000000784000000|100%| E|CS|TAMS 0x0000000783c00000| PB 0x0000000783c00000| Complete 
|1552|0x0000000784000000, 0x0000000784400000, 0x0000000784400000|100%| E|CS|TAMS 0x0000000784000000| PB 0x0000000784000000| Complete 
|1553|0x0000000784400000, 0x0000000784800000, 0x0000000784800000|100%| E|CS|TAMS 0x0000000784400000| PB 0x0000000784400000| Complete 
|1554|0x0000000784800000, 0x0000000784c00000, 0x0000000784c00000|100%| E|CS|TAMS 0x0000000784800000| PB 0x0000000784800000| Complete 
|1555|0x0000000784c00000, 0x0000000785000000, 0x0000000785000000|100%| E|CS|TAMS 0x0000000784c00000| PB 0x0000000784c00000| Complete 
|1556|0x0000000785000000, 0x0000000785400000, 0x0000000785400000|100%| E|CS|TAMS 0x0000000785000000| PB 0x0000000785000000| Complete 
|1557|0x0000000785400000, 0x0000000785800000, 0x0000000785800000|100%| E|CS|TAMS 0x0000000785400000| PB 0x0000000785400000| Complete 
|1558|0x0000000785800000, 0x0000000785c00000, 0x0000000785c00000|100%| E|CS|TAMS 0x0000000785800000| PB 0x0000000785800000| Complete 
|1559|0x0000000785c00000, 0x0000000786000000, 0x0000000786000000|100%| E|CS|TAMS 0x0000000785c00000| PB 0x0000000785c00000| Complete 
|1560|0x0000000786000000, 0x0000000786400000, 0x0000000786400000|100%| E|CS|TAMS 0x0000000786000000| PB 0x0000000786000000| Complete 
|1561|0x0000000786400000, 0x0000000786800000, 0x0000000786800000|100%| E|CS|TAMS 0x0000000786400000| PB 0x0000000786400000| Complete 
|1562|0x0000000786800000, 0x0000000786c00000, 0x0000000786c00000|100%| E|CS|TAMS 0x0000000786800000| PB 0x0000000786800000| Complete 
|1563|0x0000000786c00000, 0x0000000787000000, 0x0000000787000000|100%| E|CS|TAMS 0x0000000786c00000| PB 0x0000000786c00000| Complete 
|1564|0x0000000787000000, 0x0000000787400000, 0x0000000787400000|100%| E|CS|TAMS 0x0000000787000000| PB 0x0000000787000000| Complete 
|1565|0x0000000787400000, 0x0000000787800000, 0x0000000787800000|100%| E|CS|TAMS 0x0000000787400000| PB 0x0000000787400000| Complete 
|1566|0x0000000787800000, 0x0000000787c00000, 0x0000000787c00000|100%| E|CS|TAMS 0x0000000787800000| PB 0x0000000787800000| Complete 
|1567|0x0000000787c00000, 0x0000000788000000, 0x0000000788000000|100%| E|CS|TAMS 0x0000000787c00000| PB 0x0000000787c00000| Complete 
|1568|0x0000000788000000, 0x0000000788400000, 0x0000000788400000|100%| E|CS|TAMS 0x0000000788000000| PB 0x0000000788000000| Complete 
|1569|0x0000000788400000, 0x0000000788800000, 0x0000000788800000|100%| E|CS|TAMS 0x0000000788400000| PB 0x0000000788400000| Complete 
|1570|0x0000000788800000, 0x0000000788c00000, 0x0000000788c00000|100%| E|CS|TAMS 0x0000000788800000| PB 0x0000000788800000| Complete 
|1571|0x0000000788c00000, 0x0000000789000000, 0x0000000789000000|100%| E|CS|TAMS 0x0000000788c00000| PB 0x0000000788c00000| Complete 
|1572|0x0000000789000000, 0x0000000789400000, 0x0000000789400000|100%| E|CS|TAMS 0x0000000789000000| PB 0x0000000789000000| Complete 
|1573|0x0000000789400000, 0x0000000789800000, 0x0000000789800000|100%| E|CS|TAMS 0x0000000789400000| PB 0x0000000789400000| Complete 
|1574|0x0000000789800000, 0x0000000789c00000, 0x0000000789c00000|100%| E|CS|TAMS 0x0000000789800000| PB 0x0000000789800000| Complete 
|1575|0x0000000789c00000, 0x000000078a000000, 0x000000078a000000|100%| E|CS|TAMS 0x0000000789c00000| PB 0x0000000789c00000| Complete 
|1576|0x000000078a000000, 0x000000078a400000, 0x000000078a400000|100%| E|CS|TAMS 0x000000078a000000| PB 0x000000078a000000| Complete 
|1577|0x000000078a400000, 0x000000078a800000, 0x000000078a800000|100%| E|CS|TAMS 0x000000078a400000| PB 0x000000078a400000| Complete 
|1578|0x000000078a800000, 0x000000078ac00000, 0x000000078ac00000|100%| E|CS|TAMS 0x000000078a800000| PB 0x000000078a800000| Complete 
|1579|0x000000078ac00000, 0x000000078b000000, 0x000000078b000000|100%| E|CS|TAMS 0x000000078ac00000| PB 0x000000078ac00000| Complete 
|1580|0x000000078b000000, 0x000000078b400000, 0x000000078b400000|100%| E|CS|TAMS 0x000000078b000000| PB 0x000000078b000000| Complete 
|1581|0x000000078b400000, 0x000000078b800000, 0x000000078b800000|100%| E|CS|TAMS 0x000000078b400000| PB 0x000000078b400000| Complete 
|1582|0x000000078b800000, 0x000000078bc00000, 0x000000078bc00000|100%| E|CS|TAMS 0x000000078b800000| PB 0x000000078b800000| Complete 
|1583|0x000000078bc00000, 0x000000078c000000, 0x000000078c000000|100%| E|CS|TAMS 0x000000078bc00000| PB 0x000000078bc00000| Complete 
|1584|0x000000078c000000, 0x000000078c400000, 0x000000078c400000|100%| E|CS|TAMS 0x000000078c000000| PB 0x000000078c000000| Complete 
|1585|0x000000078c400000, 0x000000078c800000, 0x000000078c800000|100%| E|CS|TAMS 0x000000078c400000| PB 0x000000078c400000| Complete 
|1586|0x000000078c800000, 0x000000078cc00000, 0x000000078cc00000|100%| E|CS|TAMS 0x000000078c800000| PB 0x000000078c800000| Complete 
|1587|0x000000078cc00000, 0x000000078d000000, 0x000000078d000000|100%| E|CS|TAMS 0x000000078cc00000| PB 0x000000078cc00000| Complete 
|1588|0x000000078d000000, 0x000000078d400000, 0x000000078d400000|100%| E|CS|TAMS 0x000000078d000000| PB 0x000000078d000000| Complete 
|1589|0x000000078d400000, 0x000000078d800000, 0x000000078d800000|100%| E|CS|TAMS 0x000000078d400000| PB 0x000000078d400000| Complete 
|1590|0x000000078d800000, 0x000000078dc00000, 0x000000078dc00000|100%| E|CS|TAMS 0x000000078d800000| PB 0x000000078d800000| Complete 
|1591|0x000000078dc00000, 0x000000078e000000, 0x000000078e000000|100%| E|CS|TAMS 0x000000078dc00000| PB 0x000000078dc00000| Complete 
|1592|0x000000078e000000, 0x000000078e400000, 0x000000078e400000|100%| E|CS|TAMS 0x000000078e000000| PB 0x000000078e000000| Complete 
|1593|0x000000078e400000, 0x000000078e800000, 0x000000078e800000|100%| E|CS|TAMS 0x000000078e400000| PB 0x000000078e400000| Complete 
|1594|0x000000078e800000, 0x000000078ec00000, 0x000000078ec00000|100%| E|CS|TAMS 0x000000078e800000| PB 0x000000078e800000| Complete 
|1595|0x000000078ec00000, 0x000000078f000000, 0x000000078f000000|100%| E|CS|TAMS 0x000000078ec00000| PB 0x000000078ec00000| Complete 
|1596|0x000000078f000000, 0x000000078f400000, 0x000000078f400000|100%| E|CS|TAMS 0x000000078f000000| PB 0x000000078f000000| Complete 
|1597|0x000000078f400000, 0x000000078f800000, 0x000000078f800000|100%| E|CS|TAMS 0x000000078f400000| PB 0x000000078f400000| Complete 
|1598|0x000000078f800000, 0x000000078fc00000, 0x000000078fc00000|100%| E|CS|TAMS 0x000000078f800000| PB 0x000000078f800000| Complete 
|1599|0x000000078fc00000, 0x0000000790000000, 0x0000000790000000|100%| E|CS|TAMS 0x000000078fc00000| PB 0x000000078fc00000| Complete 
|1600|0x0000000790000000, 0x0000000790400000, 0x0000000790400000|100%| E|CS|TAMS 0x0000000790000000| PB 0x0000000790000000| Complete 
|1601|0x0000000790400000, 0x0000000790800000, 0x0000000790800000|100%| E|CS|TAMS 0x0000000790400000| PB 0x0000000790400000| Complete 
|1602|0x0000000790800000, 0x0000000790c00000, 0x0000000790c00000|100%| E|CS|TAMS 0x0000000790800000| PB 0x0000000790800000| Complete 
|1603|0x0000000790c00000, 0x0000000791000000, 0x0000000791000000|100%| E|CS|TAMS 0x0000000790c00000| PB 0x0000000790c00000| Complete 
|1604|0x0000000791000000, 0x0000000791400000, 0x0000000791400000|100%| E|CS|TAMS 0x0000000791000000| PB 0x0000000791000000| Complete 
|1605|0x0000000791400000, 0x0000000791800000, 0x0000000791800000|100%| E|CS|TAMS 0x0000000791400000| PB 0x0000000791400000| Complete 
|1606|0x0000000791800000, 0x0000000791c00000, 0x0000000791c00000|100%| E|CS|TAMS 0x0000000791800000| PB 0x0000000791800000| Complete 
|1607|0x0000000791c00000, 0x0000000792000000, 0x0000000792000000|100%| E|CS|TAMS 0x0000000791c00000| PB 0x0000000791c00000| Complete 
|1608|0x0000000792000000, 0x0000000792400000, 0x0000000792400000|100%| E|CS|TAMS 0x0000000792000000| PB 0x0000000792000000| Complete 
|1609|0x0000000792400000, 0x0000000792800000, 0x0000000792800000|100%| E|CS|TAMS 0x0000000792400000| PB 0x0000000792400000| Complete 
|1610|0x0000000792800000, 0x0000000792c00000, 0x0000000792c00000|100%| E|CS|TAMS 0x0000000792800000| PB 0x0000000792800000| Complete 
|1611|0x0000000792c00000, 0x0000000793000000, 0x0000000793000000|100%| E|CS|TAMS 0x0000000792c00000| PB 0x0000000792c00000| Complete 
|1612|0x0000000793000000, 0x0000000793400000, 0x0000000793400000|100%| E|CS|TAMS 0x0000000793000000| PB 0x0000000793000000| Complete 
|1613|0x0000000793400000, 0x0000000793800000, 0x0000000793800000|100%| E|CS|TAMS 0x0000000793400000| PB 0x0000000793400000| Complete 
|1614|0x0000000793800000, 0x0000000793c00000, 0x0000000793c00000|100%| E|CS|TAMS 0x0000000793800000| PB 0x0000000793800000| Complete 
|1615|0x0000000793c00000, 0x0000000794000000, 0x0000000794000000|100%| E|CS|TAMS 0x0000000793c00000| PB 0x0000000793c00000| Complete 
|1616|0x0000000794000000, 0x0000000794400000, 0x0000000794400000|100%| E|CS|TAMS 0x0000000794000000| PB 0x0000000794000000| Complete 
|1617|0x0000000794400000, 0x0000000794800000, 0x0000000794800000|100%| E|CS|TAMS 0x0000000794400000| PB 0x0000000794400000| Complete 
|1618|0x0000000794800000, 0x0000000794c00000, 0x0000000794c00000|100%| E|CS|TAMS 0x0000000794800000| PB 0x0000000794800000| Complete 
|1619|0x0000000794c00000, 0x0000000795000000, 0x0000000795000000|100%| E|CS|TAMS 0x0000000794c00000| PB 0x0000000794c00000| Complete 
|1620|0x0000000795000000, 0x0000000795400000, 0x0000000795400000|100%| E|CS|TAMS 0x0000000795000000| PB 0x0000000795000000| Complete 
|1621|0x0000000795400000, 0x0000000795800000, 0x0000000795800000|100%| E|CS|TAMS 0x0000000795400000| PB 0x0000000795400000| Complete 
|1622|0x0000000795800000, 0x0000000795c00000, 0x0000000795c00000|100%| E|CS|TAMS 0x0000000795800000| PB 0x0000000795800000| Complete 
|1623|0x0000000795c00000, 0x0000000796000000, 0x0000000796000000|100%| E|CS|TAMS 0x0000000795c00000| PB 0x0000000795c00000| Complete 
|1624|0x0000000796000000, 0x0000000796400000, 0x0000000796400000|100%| E|CS|TAMS 0x0000000796000000| PB 0x0000000796000000| Complete 
|1625|0x0000000796400000, 0x0000000796800000, 0x0000000796800000|100%| E|CS|TAMS 0x0000000796400000| PB 0x0000000796400000| Complete 
|1626|0x0000000796800000, 0x0000000796c00000, 0x0000000796c00000|100%| E|CS|TAMS 0x0000000796800000| PB 0x0000000796800000| Complete 
|1627|0x0000000796c00000, 0x0000000797000000, 0x0000000797000000|100%| E|CS|TAMS 0x0000000796c00000| PB 0x0000000796c00000| Complete 
|1628|0x0000000797000000, 0x0000000797400000, 0x0000000797400000|100%| E|CS|TAMS 0x0000000797000000| PB 0x0000000797000000| Complete 
|1629|0x0000000797400000, 0x0000000797800000, 0x0000000797800000|100%| E|CS|TAMS 0x0000000797400000| PB 0x0000000797400000| Complete 
|1630|0x0000000797800000, 0x0000000797c00000, 0x0000000797c00000|100%| E|CS|TAMS 0x0000000797800000| PB 0x0000000797800000| Complete 
|1631|0x0000000797c00000, 0x0000000798000000, 0x0000000798000000|100%| E|CS|TAMS 0x0000000797c00000| PB 0x0000000797c00000| Complete 
|1632|0x0000000798000000, 0x0000000798400000, 0x0000000798400000|100%| E|CS|TAMS 0x0000000798000000| PB 0x0000000798000000| Complete 
|1633|0x0000000798400000, 0x0000000798800000, 0x0000000798800000|100%| E|CS|TAMS 0x0000000798400000| PB 0x0000000798400000| Complete 
|1634|0x0000000798800000, 0x0000000798c00000, 0x0000000798c00000|100%| E|CS|TAMS 0x0000000798800000| PB 0x0000000798800000| Complete 
|1635|0x0000000798c00000, 0x0000000799000000, 0x0000000799000000|100%| E|CS|TAMS 0x0000000798c00000| PB 0x0000000798c00000| Complete 
|1636|0x0000000799000000, 0x0000000799400000, 0x0000000799400000|100%| E|CS|TAMS 0x0000000799000000| PB 0x0000000799000000| Complete 
|1637|0x0000000799400000, 0x0000000799800000, 0x0000000799800000|100%| E|CS|TAMS 0x0000000799400000| PB 0x0000000799400000| Complete 
|1638|0x0000000799800000, 0x0000000799c00000, 0x0000000799c00000|100%| E|CS|TAMS 0x0000000799800000| PB 0x0000000799800000| Complete 
|1639|0x0000000799c00000, 0x000000079a000000, 0x000000079a000000|100%| E|CS|TAMS 0x0000000799c00000| PB 0x0000000799c00000| Complete 
|1640|0x000000079a000000, 0x000000079a400000, 0x000000079a400000|100%| E|CS|TAMS 0x000000079a000000| PB 0x000000079a000000| Complete 
|1641|0x000000079a400000, 0x000000079a800000, 0x000000079a800000|100%| E|CS|TAMS 0x000000079a400000| PB 0x000000079a400000| Complete 
|1642|0x000000079a800000, 0x000000079ac00000, 0x000000079ac00000|100%| E|CS|TAMS 0x000000079a800000| PB 0x000000079a800000| Complete 
|1643|0x000000079ac00000, 0x000000079b000000, 0x000000079b000000|100%| E|CS|TAMS 0x000000079ac00000| PB 0x000000079ac00000| Complete 
|1644|0x000000079b000000, 0x000000079b400000, 0x000000079b400000|100%| E|CS|TAMS 0x000000079b000000| PB 0x000000079b000000| Complete 
|1645|0x000000079b400000, 0x000000079b800000, 0x000000079b800000|100%| E|CS|TAMS 0x000000079b400000| PB 0x000000079b400000| Complete 
|1646|0x000000079b800000, 0x000000079bc00000, 0x000000079bc00000|100%| E|CS|TAMS 0x000000079b800000| PB 0x000000079b800000| Complete 
|1647|0x000000079bc00000, 0x000000079c000000, 0x000000079c000000|100%| E|CS|TAMS 0x000000079bc00000| PB 0x000000079bc00000| Complete 
|1648|0x000000079c000000, 0x000000079c400000, 0x000000079c400000|100%| E|CS|TAMS 0x000000079c000000| PB 0x000000079c000000| Complete 
|1649|0x000000079c400000, 0x000000079c800000, 0x000000079c800000|100%| E|CS|TAMS 0x000000079c400000| PB 0x000000079c400000| Complete 
|1650|0x000000079c800000, 0x000000079cc00000, 0x000000079cc00000|100%| E|CS|TAMS 0x000000079c800000| PB 0x000000079c800000| Complete 
|1651|0x000000079cc00000, 0x000000079d000000, 0x000000079d000000|100%| E|CS|TAMS 0x000000079cc00000| PB 0x000000079cc00000| Complete 
|1652|0x000000079d000000, 0x000000079d400000, 0x000000079d400000|100%| E|CS|TAMS 0x000000079d000000| PB 0x000000079d000000| Complete 
|1653|0x000000079d400000, 0x000000079d800000, 0x000000079d800000|100%| E|CS|TAMS 0x000000079d400000| PB 0x000000079d400000| Complete 
|1654|0x000000079d800000, 0x000000079dc00000, 0x000000079dc00000|100%| E|CS|TAMS 0x000000079d800000| PB 0x000000079d800000| Complete 
|1655|0x000000079dc00000, 0x000000079e000000, 0x000000079e000000|100%| E|CS|TAMS 0x000000079dc00000| PB 0x000000079dc00000| Complete 
|1656|0x000000079e000000, 0x000000079e400000, 0x000000079e400000|100%| E|CS|TAMS 0x000000079e000000| PB 0x000000079e000000| Complete 
|1657|0x000000079e400000, 0x000000079e800000, 0x000000079e800000|100%| E|CS|TAMS 0x000000079e400000| PB 0x000000079e400000| Complete 
|1658|0x000000079e800000, 0x000000079ec00000, 0x000000079ec00000|100%| E|CS|TAMS 0x000000079e800000| PB 0x000000079e800000| Complete 
|1659|0x000000079ec00000, 0x000000079f000000, 0x000000079f000000|100%| E|CS|TAMS 0x000000079ec00000| PB 0x000000079ec00000| Complete 
|1660|0x000000079f000000, 0x000000079f400000, 0x000000079f400000|100%| E|CS|TAMS 0x000000079f000000| PB 0x000000079f000000| Complete 
|1661|0x000000079f400000, 0x000000079f800000, 0x000000079f800000|100%| E|CS|TAMS 0x000000079f400000| PB 0x000000079f400000| Complete 
|1662|0x000000079f800000, 0x000000079fc00000, 0x000000079fc00000|100%| E|CS|TAMS 0x000000079f800000| PB 0x000000079f800000| Complete 
|1663|0x000000079fc00000, 0x00000007a0000000, 0x00000007a0000000|100%| E|CS|TAMS 0x000000079fc00000| PB 0x000000079fc00000| Complete 
|1664|0x00000007a0000000, 0x00000007a0400000, 0x00000007a0400000|100%| E|CS|TAMS 0x00000007a0000000| PB 0x00000007a0000000| Complete 
|1665|0x00000007a0400000, 0x00000007a0800000, 0x00000007a0800000|100%| E|CS|TAMS 0x00000007a0400000| PB 0x00000007a0400000| Complete 
|1666|0x00000007a0800000, 0x00000007a0c00000, 0x00000007a0c00000|100%| E|CS|TAMS 0x00000007a0800000| PB 0x00000007a0800000| Complete 
|1667|0x00000007a0c00000, 0x00000007a1000000, 0x00000007a1000000|100%| E|CS|TAMS 0x00000007a0c00000| PB 0x00000007a0c00000| Complete 
|1668|0x00000007a1000000, 0x00000007a1400000, 0x00000007a1400000|100%| E|CS|TAMS 0x00000007a1000000| PB 0x00000007a1000000| Complete 
|1669|0x00000007a1400000, 0x00000007a1800000, 0x00000007a1800000|100%| E|CS|TAMS 0x00000007a1400000| PB 0x00000007a1400000| Complete 
|1670|0x00000007a1800000, 0x00000007a1c00000, 0x00000007a1c00000|100%| E|CS|TAMS 0x00000007a1800000| PB 0x00000007a1800000| Complete 
|1671|0x00000007a1c00000, 0x00000007a2000000, 0x00000007a2000000|100%| E|CS|TAMS 0x00000007a1c00000| PB 0x00000007a1c00000| Complete 
|1672|0x00000007a2000000, 0x00000007a2400000, 0x00000007a2400000|100%| E|CS|TAMS 0x00000007a2000000| PB 0x00000007a2000000| Complete 
|1673|0x00000007a2400000, 0x00000007a2800000, 0x00000007a2800000|100%| E|CS|TAMS 0x00000007a2400000| PB 0x00000007a2400000| Complete 
|1674|0x00000007a2800000, 0x00000007a2c00000, 0x00000007a2c00000|100%| E|CS|TAMS 0x00000007a2800000| PB 0x00000007a2800000| Complete 
|1675|0x00000007a2c00000, 0x00000007a3000000, 0x00000007a3000000|100%| E|CS|TAMS 0x00000007a2c00000| PB 0x00000007a2c00000| Complete 
|1676|0x00000007a3000000, 0x00000007a3400000, 0x00000007a3400000|100%| E|CS|TAMS 0x00000007a3000000| PB 0x00000007a3000000| Complete 
|1677|0x00000007a3400000, 0x00000007a3800000, 0x00000007a3800000|100%| E|CS|TAMS 0x00000007a3400000| PB 0x00000007a3400000| Complete 
|1678|0x00000007a3800000, 0x00000007a3c00000, 0x00000007a3c00000|100%| E|CS|TAMS 0x00000007a3800000| PB 0x00000007a3800000| Complete 
|1679|0x00000007a3c00000, 0x00000007a4000000, 0x00000007a4000000|100%| E|CS|TAMS 0x00000007a3c00000| PB 0x00000007a3c00000| Complete 
|1680|0x00000007a4000000, 0x00000007a4400000, 0x00000007a4400000|100%| E|CS|TAMS 0x00000007a4000000| PB 0x00000007a4000000| Complete 
|1681|0x00000007a4400000, 0x00000007a4800000, 0x00000007a4800000|100%| E|CS|TAMS 0x00000007a4400000| PB 0x00000007a4400000| Complete 
|1682|0x00000007a4800000, 0x00000007a4c00000, 0x00000007a4c00000|100%| E|CS|TAMS 0x00000007a4800000| PB 0x00000007a4800000| Complete 
|1683|0x00000007a4c00000, 0x00000007a5000000, 0x00000007a5000000|100%| E|CS|TAMS 0x00000007a4c00000| PB 0x00000007a4c00000| Complete 
|1684|0x00000007a5000000, 0x00000007a5400000, 0x00000007a5400000|100%| E|CS|TAMS 0x00000007a5000000| PB 0x00000007a5000000| Complete 
|1685|0x00000007a5400000, 0x00000007a5800000, 0x00000007a5800000|100%| E|CS|TAMS 0x00000007a5400000| PB 0x00000007a5400000| Complete 
|1686|0x00000007a5800000, 0x00000007a5c00000, 0x00000007a5c00000|100%| E|CS|TAMS 0x00000007a5800000| PB 0x00000007a5800000| Complete 
|1687|0x00000007a5c00000, 0x00000007a6000000, 0x00000007a6000000|100%| E|CS|TAMS 0x00000007a5c00000| PB 0x00000007a5c00000| Complete 
|1688|0x00000007a6000000, 0x00000007a6400000, 0x00000007a6400000|100%| E|CS|TAMS 0x00000007a6000000| PB 0x00000007a6000000| Complete 
|1689|0x00000007a6400000, 0x00000007a6800000, 0x00000007a6800000|100%| E|CS|TAMS 0x00000007a6400000| PB 0x00000007a6400000| Complete 
|1690|0x00000007a6800000, 0x00000007a6c00000, 0x00000007a6c00000|100%| E|CS|TAMS 0x00000007a6800000| PB 0x00000007a6800000| Complete 
|1691|0x00000007a6c00000, 0x00000007a7000000, 0x00000007a7000000|100%| E|CS|TAMS 0x00000007a6c00000| PB 0x00000007a6c00000| Complete 
|1692|0x00000007a7000000, 0x00000007a7400000, 0x00000007a7400000|100%| E|CS|TAMS 0x00000007a7000000| PB 0x00000007a7000000| Complete 
|1693|0x00000007a7400000, 0x00000007a7800000, 0x00000007a7800000|100%| E|CS|TAMS 0x00000007a7400000| PB 0x00000007a7400000| Complete 
|1694|0x00000007a7800000, 0x00000007a7c00000, 0x00000007a7c00000|100%| E|CS|TAMS 0x00000007a7800000| PB 0x00000007a7800000| Complete 
|1695|0x00000007a7c00000, 0x00000007a8000000, 0x00000007a8000000|100%| E|CS|TAMS 0x00000007a7c00000| PB 0x00000007a7c00000| Complete 
|1696|0x00000007a8000000, 0x00000007a8400000, 0x00000007a8400000|100%| E|CS|TAMS 0x00000007a8000000| PB 0x00000007a8000000| Complete 
|1697|0x00000007a8400000, 0x00000007a8800000, 0x00000007a8800000|100%| E|CS|TAMS 0x00000007a8400000| PB 0x00000007a8400000| Complete 
|1698|0x00000007a8800000, 0x00000007a8c00000, 0x00000007a8c00000|100%| E|CS|TAMS 0x00000007a8800000| PB 0x00000007a8800000| Complete 
|1699|0x00000007a8c00000, 0x00000007a9000000, 0x00000007a9000000|100%| E|CS|TAMS 0x00000007a8c00000| PB 0x00000007a8c00000| Complete 
|1700|0x00000007a9000000, 0x00000007a9400000, 0x00000007a9400000|100%| E|CS|TAMS 0x00000007a9000000| PB 0x00000007a9000000| Complete 
|1701|0x00000007a9400000, 0x00000007a9800000, 0x00000007a9800000|100%| E|CS|TAMS 0x00000007a9400000| PB 0x00000007a9400000| Complete 
|1702|0x00000007a9800000, 0x00000007a9c00000, 0x00000007a9c00000|100%| E|CS|TAMS 0x00000007a9800000| PB 0x00000007a9800000| Complete 
|1703|0x00000007a9c00000, 0x00000007aa000000, 0x00000007aa000000|100%| E|CS|TAMS 0x00000007a9c00000| PB 0x00000007a9c00000| Complete 
|1704|0x00000007aa000000, 0x00000007aa400000, 0x00000007aa400000|100%| E|CS|TAMS 0x00000007aa000000| PB 0x00000007aa000000| Complete 
|1705|0x00000007aa400000, 0x00000007aa800000, 0x00000007aa800000|100%| E|CS|TAMS 0x00000007aa400000| PB 0x00000007aa400000| Complete 
|1706|0x00000007aa800000, 0x00000007aac00000, 0x00000007aac00000|100%| E|CS|TAMS 0x00000007aa800000| PB 0x00000007aa800000| Complete 
|1707|0x00000007aac00000, 0x00000007ab000000, 0x00000007ab000000|100%| E|CS|TAMS 0x00000007aac00000| PB 0x00000007aac00000| Complete 
|1708|0x00000007ab000000, 0x00000007ab400000, 0x00000007ab400000|100%| E|CS|TAMS 0x00000007ab000000| PB 0x00000007ab000000| Complete 
|1709|0x00000007ab400000, 0x00000007ab800000, 0x00000007ab800000|100%| E|CS|TAMS 0x00000007ab400000| PB 0x00000007ab400000| Complete 
|1710|0x00000007ab800000, 0x00000007abc00000, 0x00000007abc00000|100%| E|CS|TAMS 0x00000007ab800000| PB 0x00000007ab800000| Complete 
|1711|0x00000007abc00000, 0x00000007ac000000, 0x00000007ac000000|100%| E|CS|TAMS 0x00000007abc00000| PB 0x00000007abc00000| Complete 
|1712|0x00000007ac000000, 0x00000007ac400000, 0x00000007ac400000|100%| E|CS|TAMS 0x00000007ac000000| PB 0x00000007ac000000| Complete 
|1713|0x00000007ac400000, 0x00000007ac800000, 0x00000007ac800000|100%| E|CS|TAMS 0x00000007ac400000| PB 0x00000007ac400000| Complete 
|1714|0x00000007ac800000, 0x00000007acc00000, 0x00000007acc00000|100%| E|CS|TAMS 0x00000007ac800000| PB 0x00000007ac800000| Complete 
|1715|0x00000007acc00000, 0x00000007ad000000, 0x00000007ad000000|100%| E|CS|TAMS 0x00000007acc00000| PB 0x00000007acc00000| Complete 
|1716|0x00000007ad000000, 0x00000007ad400000, 0x00000007ad400000|100%| E|CS|TAMS 0x00000007ad000000| PB 0x00000007ad000000| Complete 
|1717|0x00000007ad400000, 0x00000007ad800000, 0x00000007ad800000|100%| E|CS|TAMS 0x00000007ad400000| PB 0x00000007ad400000| Complete 
|1718|0x00000007ad800000, 0x00000007adc00000, 0x00000007adc00000|100%| E|CS|TAMS 0x00000007ad800000| PB 0x00000007ad800000| Complete 
|1719|0x00000007adc00000, 0x00000007ae000000, 0x00000007ae000000|100%| E|CS|TAMS 0x00000007adc00000| PB 0x00000007adc00000| Complete 
|1720|0x00000007ae000000, 0x00000007ae400000, 0x00000007ae400000|100%| E|CS|TAMS 0x00000007ae000000| PB 0x00000007ae000000| Complete 
|1721|0x00000007ae400000, 0x00000007ae800000, 0x00000007ae800000|100%| E|CS|TAMS 0x00000007ae400000| PB 0x00000007ae400000| Complete 
|1722|0x00000007ae800000, 0x00000007aec00000, 0x00000007aec00000|100%| E|CS|TAMS 0x00000007ae800000| PB 0x00000007ae800000| Complete 
|1723|0x00000007aec00000, 0x00000007af000000, 0x00000007af000000|100%| E|CS|TAMS 0x00000007aec00000| PB 0x00000007aec00000| Complete 
|1724|0x00000007af000000, 0x00000007af400000, 0x00000007af400000|100%| E|CS|TAMS 0x00000007af000000| PB 0x00000007af000000| Complete 
|1725|0x00000007af400000, 0x00000007af800000, 0x00000007af800000|100%| E|CS|TAMS 0x00000007af400000| PB 0x00000007af400000| Complete 
|1726|0x00000007af800000, 0x00000007afc00000, 0x00000007afc00000|100%| E|CS|TAMS 0x00000007af800000| PB 0x00000007af800000| Complete 
|1727|0x00000007afc00000, 0x00000007b0000000, 0x00000007b0000000|100%| E|CS|TAMS 0x00000007afc00000| PB 0x00000007afc00000| Complete 
|1728|0x00000007b0000000, 0x00000007b0400000, 0x00000007b0400000|100%| E|CS|TAMS 0x00000007b0000000| PB 0x00000007b0000000| Complete 
|1729|0x00000007b0400000, 0x00000007b0800000, 0x00000007b0800000|100%| E|CS|TAMS 0x00000007b0400000| PB 0x00000007b0400000| Complete 
|1730|0x00000007b0800000, 0x00000007b0c00000, 0x00000007b0c00000|100%| E|CS|TAMS 0x00000007b0800000| PB 0x00000007b0800000| Complete 
|1731|0x00000007b0c00000, 0x00000007b1000000, 0x00000007b1000000|100%| E|CS|TAMS 0x00000007b0c00000| PB 0x00000007b0c00000| Complete 
|1732|0x00000007b1000000, 0x00000007b1400000, 0x00000007b1400000|100%| E|CS|TAMS 0x00000007b1000000| PB 0x00000007b1000000| Complete 
|1733|0x00000007b1400000, 0x00000007b1800000, 0x00000007b1800000|100%| E|CS|TAMS 0x00000007b1400000| PB 0x00000007b1400000| Complete 
|1734|0x00000007b1800000, 0x00000007b1c00000, 0x00000007b1c00000|100%| E|CS|TAMS 0x00000007b1800000| PB 0x00000007b1800000| Complete 
|1735|0x00000007b1c00000, 0x00000007b2000000, 0x00000007b2000000|100%| E|CS|TAMS 0x00000007b1c00000| PB 0x00000007b1c00000| Complete 
|1736|0x00000007b2000000, 0x00000007b2400000, 0x00000007b2400000|100%| E|CS|TAMS 0x00000007b2000000| PB 0x00000007b2000000| Complete 
|1737|0x00000007b2400000, 0x00000007b2800000, 0x00000007b2800000|100%| E|CS|TAMS 0x00000007b2400000| PB 0x00000007b2400000| Complete 
|1738|0x00000007b2800000, 0x00000007b2c00000, 0x00000007b2c00000|100%| E|CS|TAMS 0x00000007b2800000| PB 0x00000007b2800000| Complete 
|1739|0x00000007b2c00000, 0x00000007b3000000, 0x00000007b3000000|100%| E|CS|TAMS 0x00000007b2c00000| PB 0x00000007b2c00000| Complete 
|1740|0x00000007b3000000, 0x00000007b3400000, 0x00000007b3400000|100%| E|CS|TAMS 0x00000007b3000000| PB 0x00000007b3000000| Complete 
|1741|0x00000007b3400000, 0x00000007b3800000, 0x00000007b3800000|100%| E|CS|TAMS 0x00000007b3400000| PB 0x00000007b3400000| Complete 
|1742|0x00000007b3800000, 0x00000007b3c00000, 0x00000007b3c00000|100%| E|CS|TAMS 0x00000007b3800000| PB 0x00000007b3800000| Complete 
|1743|0x00000007b3c00000, 0x00000007b4000000, 0x00000007b4000000|100%| E|CS|TAMS 0x00000007b3c00000| PB 0x00000007b3c00000| Complete 
|1744|0x00000007b4000000, 0x00000007b4400000, 0x00000007b4400000|100%| E|CS|TAMS 0x00000007b4000000| PB 0x00000007b4000000| Complete 
|1745|0x00000007b4400000, 0x00000007b4800000, 0x00000007b4800000|100%| E|CS|TAMS 0x00000007b4400000| PB 0x00000007b4400000| Complete 
|1746|0x00000007b4800000, 0x00000007b4c00000, 0x00000007b4c00000|100%| E|CS|TAMS 0x00000007b4800000| PB 0x00000007b4800000| Complete 
|1747|0x00000007b4c00000, 0x00000007b5000000, 0x00000007b5000000|100%| E|CS|TAMS 0x00000007b4c00000| PB 0x00000007b4c00000| Complete 
|1748|0x00000007b5000000, 0x00000007b5400000, 0x00000007b5400000|100%| E|CS|TAMS 0x00000007b5000000| PB 0x00000007b5000000| Complete 
|1749|0x00000007b5400000, 0x00000007b5800000, 0x00000007b5800000|100%| E|CS|TAMS 0x00000007b5400000| PB 0x00000007b5400000| Complete 
|1750|0x00000007b5800000, 0x00000007b5c00000, 0x00000007b5c00000|100%| E|CS|TAMS 0x00000007b5800000| PB 0x00000007b5800000| Complete 
|1751|0x00000007b5c00000, 0x00000007b6000000, 0x00000007b6000000|100%| E|CS|TAMS 0x00000007b5c00000| PB 0x00000007b5c00000| Complete 
|1752|0x00000007b6000000, 0x00000007b6400000, 0x00000007b6400000|100%| E|CS|TAMS 0x00000007b6000000| PB 0x00000007b6000000| Complete 
|1753|0x00000007b6400000, 0x00000007b6800000, 0x00000007b6800000|100%| E|CS|TAMS 0x00000007b6400000| PB 0x00000007b6400000| Complete 
|1754|0x00000007b6800000, 0x00000007b6c00000, 0x00000007b6c00000|100%| E|CS|TAMS 0x00000007b6800000| PB 0x00000007b6800000| Complete 
|1755|0x00000007b6c00000, 0x00000007b7000000, 0x00000007b7000000|100%| E|CS|TAMS 0x00000007b6c00000| PB 0x00000007b6c00000| Complete 
|1756|0x00000007b7000000, 0x00000007b7400000, 0x00000007b7400000|100%| E|CS|TAMS 0x00000007b7000000| PB 0x00000007b7000000| Complete 
|1757|0x00000007b7400000, 0x00000007b7800000, 0x00000007b7800000|100%| E|CS|TAMS 0x00000007b7400000| PB 0x00000007b7400000| Complete 
|1758|0x00000007b7800000, 0x00000007b7c00000, 0x00000007b7c00000|100%| E|CS|TAMS 0x00000007b7800000| PB 0x00000007b7800000| Complete 
|1759|0x00000007b7c00000, 0x00000007b8000000, 0x00000007b8000000|100%| E|CS|TAMS 0x00000007b7c00000| PB 0x00000007b7c00000| Complete 
|1760|0x00000007b8000000, 0x00000007b8400000, 0x00000007b8400000|100%| E|CS|TAMS 0x00000007b8000000| PB 0x00000007b8000000| Complete 
|1761|0x00000007b8400000, 0x00000007b8800000, 0x00000007b8800000|100%| E|CS|TAMS 0x00000007b8400000| PB 0x00000007b8400000| Complete 
|1762|0x00000007b8800000, 0x00000007b8c00000, 0x00000007b8c00000|100%| E|CS|TAMS 0x00000007b8800000| PB 0x00000007b8800000| Complete 
|1763|0x00000007b8c00000, 0x00000007b9000000, 0x00000007b9000000|100%| E|CS|TAMS 0x00000007b8c00000| PB 0x00000007b8c00000| Complete 
|1764|0x00000007b9000000, 0x00000007b9400000, 0x00000007b9400000|100%| E|CS|TAMS 0x00000007b9000000| PB 0x00000007b9000000| Complete 
|1765|0x00000007b9400000, 0x00000007b9800000, 0x00000007b9800000|100%| E|CS|TAMS 0x00000007b9400000| PB 0x00000007b9400000| Complete 
|1766|0x00000007b9800000, 0x00000007b9c00000, 0x00000007b9c00000|100%| E|CS|TAMS 0x00000007b9800000| PB 0x00000007b9800000| Complete 
|1767|0x00000007b9c00000, 0x00000007ba000000, 0x00000007ba000000|100%| E|CS|TAMS 0x00000007b9c00000| PB 0x00000007b9c00000| Complete 
|1768|0x00000007ba000000, 0x00000007ba400000, 0x00000007ba400000|100%| E|CS|TAMS 0x00000007ba000000| PB 0x00000007ba000000| Complete 
|1769|0x00000007ba400000, 0x00000007ba800000, 0x00000007ba800000|100%| E|CS|TAMS 0x00000007ba400000| PB 0x00000007ba400000| Complete 
|1770|0x00000007ba800000, 0x00000007bac00000, 0x00000007bac00000|100%| E|CS|TAMS 0x00000007ba800000| PB 0x00000007ba800000| Complete 
|1771|0x00000007bac00000, 0x00000007bb000000, 0x00000007bb000000|100%| E|CS|TAMS 0x00000007bac00000| PB 0x00000007bac00000| Complete 
|1772|0x00000007bb000000, 0x00000007bb400000, 0x00000007bb400000|100%| E|CS|TAMS 0x00000007bb000000| PB 0x00000007bb000000| Complete 
|1773|0x00000007bb400000, 0x00000007bb800000, 0x00000007bb800000|100%| E|CS|TAMS 0x00000007bb400000| PB 0x00000007bb400000| Complete 
|1774|0x00000007bb800000, 0x00000007bbc00000, 0x00000007bbc00000|100%| E|CS|TAMS 0x00000007bb800000| PB 0x00000007bb800000| Complete 
|1775|0x00000007bbc00000, 0x00000007bc000000, 0x00000007bc000000|100%| E|CS|TAMS 0x00000007bbc00000| PB 0x00000007bbc00000| Complete 
|1776|0x00000007bc000000, 0x00000007bc400000, 0x00000007bc400000|100%| E|CS|TAMS 0x00000007bc000000| PB 0x00000007bc000000| Complete 
|1777|0x00000007bc400000, 0x00000007bc800000, 0x00000007bc800000|100%| E|CS|TAMS 0x00000007bc400000| PB 0x00000007bc400000| Complete 
|1778|0x00000007bc800000, 0x00000007bcc00000, 0x00000007bcc00000|100%| E|CS|TAMS 0x00000007bc800000| PB 0x00000007bc800000| Complete 
|1779|0x00000007bcc00000, 0x00000007bd000000, 0x00000007bd000000|100%| E|CS|TAMS 0x00000007bcc00000| PB 0x00000007bcc00000| Complete 
|1780|0x00000007bd000000, 0x00000007bd400000, 0x00000007bd400000|100%| E|CS|TAMS 0x00000007bd000000| PB 0x00000007bd000000| Complete 
|1781|0x00000007bd400000, 0x00000007bd800000, 0x00000007bd800000|100%| E|CS|TAMS 0x00000007bd400000| PB 0x00000007bd400000| Complete 
|1782|0x00000007bd800000, 0x00000007bdc00000, 0x00000007bdc00000|100%| E|CS|TAMS 0x00000007bd800000| PB 0x00000007bd800000| Complete 
|1783|0x00000007bdc00000, 0x00000007be000000, 0x00000007be000000|100%| E|CS|TAMS 0x00000007bdc00000| PB 0x00000007bdc00000| Complete 
|1784|0x00000007be000000, 0x00000007be400000, 0x00000007be400000|100%| E|CS|TAMS 0x00000007be000000| PB 0x00000007be000000| Complete 
|1785|0x00000007be400000, 0x00000007be800000, 0x00000007be800000|100%| E|CS|TAMS 0x00000007be400000| PB 0x00000007be400000| Complete 
|1786|0x00000007be800000, 0x00000007bec00000, 0x00000007bec00000|100%| E|CS|TAMS 0x00000007be800000| PB 0x00000007be800000| Complete 
|1787|0x00000007bec00000, 0x00000007bf000000, 0x00000007bf000000|100%| E|CS|TAMS 0x00000007bec00000| PB 0x00000007bec00000| Complete 
|1788|0x00000007bf000000, 0x00000007bf400000, 0x00000007bf400000|100%| E|CS|TAMS 0x00000007bf000000| PB 0x00000007bf000000| Complete 
|1789|0x00000007bf400000, 0x00000007bf800000, 0x00000007bf800000|100%| E|CS|TAMS 0x00000007bf400000| PB 0x00000007bf400000| Complete 
|1790|0x00000007bf800000, 0x00000007bfc00000, 0x00000007bfc00000|100%| E|CS|TAMS 0x00000007bf800000| PB 0x00000007bf800000| Complete 
|1791|0x00000007bfc00000, 0x00000007c0000000, 0x00000007c0000000|100%| E|CS|TAMS 0x00000007bfc00000| PB 0x00000007bfc00000| Complete 
|1792|0x00000007c0000000, 0x00000007c0400000, 0x00000007c0400000|100%| E|CS|TAMS 0x00000007c0000000| PB 0x00000007c0000000| Complete 
|1793|0x00000007c0400000, 0x00000007c0800000, 0x00000007c0800000|100%| E|CS|TAMS 0x00000007c0400000| PB 0x00000007c0400000| Complete 
|1794|0x00000007c0800000, 0x00000007c0c00000, 0x00000007c0c00000|100%| E|CS|TAMS 0x00000007c0800000| PB 0x00000007c0800000| Complete 
|1795|0x00000007c0c00000, 0x00000007c1000000, 0x00000007c1000000|100%| E|CS|TAMS 0x00000007c0c00000| PB 0x00000007c0c00000| Complete 
|1796|0x00000007c1000000, 0x00000007c1400000, 0x00000007c1400000|100%| E|CS|TAMS 0x00000007c1000000| PB 0x00000007c1000000| Complete 
|1797|0x00000007c1400000, 0x00000007c1800000, 0x00000007c1800000|100%| E|CS|TAMS 0x00000007c1400000| PB 0x00000007c1400000| Complete 
|1798|0x00000007c1800000, 0x00000007c1c00000, 0x00000007c1c00000|100%| E|CS|TAMS 0x00000007c1800000| PB 0x00000007c1800000| Complete 
|1799|0x00000007c1c00000, 0x00000007c2000000, 0x00000007c2000000|100%| E|CS|TAMS 0x00000007c1c00000| PB 0x00000007c1c00000| Complete 
|1800|0x00000007c2000000, 0x00000007c2400000, 0x00000007c2400000|100%| E|CS|TAMS 0x00000007c2000000| PB 0x00000007c2000000| Complete 
|1801|0x00000007c2400000, 0x00000007c2800000, 0x00000007c2800000|100%| E|CS|TAMS 0x00000007c2400000| PB 0x00000007c2400000| Complete 
|1802|0x00000007c2800000, 0x00000007c2c00000, 0x00000007c2c00000|100%| E|CS|TAMS 0x00000007c2800000| PB 0x00000007c2800000| Complete 
|1803|0x00000007c2c00000, 0x00000007c3000000, 0x00000007c3000000|100%| E|CS|TAMS 0x00000007c2c00000| PB 0x00000007c2c00000| Complete 
|1804|0x00000007c3000000, 0x00000007c3400000, 0x00000007c3400000|100%| E|CS|TAMS 0x00000007c3000000| PB 0x00000007c3000000| Complete 
|1805|0x00000007c3400000, 0x00000007c3800000, 0x00000007c3800000|100%| E|CS|TAMS 0x00000007c3400000| PB 0x00000007c3400000| Complete 
|1806|0x00000007c3800000, 0x00000007c3c00000, 0x00000007c3c00000|100%| E|CS|TAMS 0x00000007c3800000| PB 0x00000007c3800000| Complete 
|1807|0x00000007c3c00000, 0x00000007c4000000, 0x00000007c4000000|100%| E|CS|TAMS 0x00000007c3c00000| PB 0x00000007c3c00000| Complete 
|1808|0x00000007c4000000, 0x00000007c4400000, 0x00000007c4400000|100%| E|CS|TAMS 0x00000007c4000000| PB 0x00000007c4000000| Complete 
|1809|0x00000007c4400000, 0x00000007c4800000, 0x00000007c4800000|100%| E|CS|TAMS 0x00000007c4400000| PB 0x00000007c4400000| Complete 
|1810|0x00000007c4800000, 0x00000007c4c00000, 0x00000007c4c00000|100%| E|CS|TAMS 0x00000007c4800000| PB 0x00000007c4800000| Complete 
|1811|0x00000007c4c00000, 0x00000007c5000000, 0x00000007c5000000|100%| E|CS|TAMS 0x00000007c4c00000| PB 0x00000007c4c00000| Complete 
|1812|0x00000007c5000000, 0x00000007c5400000, 0x00000007c5400000|100%| E|CS|TAMS 0x00000007c5000000| PB 0x00000007c5000000| Complete 
|1813|0x00000007c5400000, 0x00000007c5800000, 0x00000007c5800000|100%| E|CS|TAMS 0x00000007c5400000| PB 0x00000007c5400000| Complete 
|1814|0x00000007c5800000, 0x00000007c5c00000, 0x00000007c5c00000|100%| E|CS|TAMS 0x00000007c5800000| PB 0x00000007c5800000| Complete 
|1815|0x00000007c5c00000, 0x00000007c6000000, 0x00000007c6000000|100%| E|CS|TAMS 0x00000007c5c00000| PB 0x00000007c5c00000| Complete 
|1816|0x00000007c6000000, 0x00000007c6400000, 0x00000007c6400000|100%| E|CS|TAMS 0x00000007c6000000| PB 0x00000007c6000000| Complete 
|1817|0x00000007c6400000, 0x00000007c6800000, 0x00000007c6800000|100%| E|CS|TAMS 0x00000007c6400000| PB 0x00000007c6400000| Complete 
|1818|0x00000007c6800000, 0x00000007c6c00000, 0x00000007c6c00000|100%| E|CS|TAMS 0x00000007c6800000| PB 0x00000007c6800000| Complete 
|1819|0x00000007c6c00000, 0x00000007c7000000, 0x00000007c7000000|100%| E|CS|TAMS 0x00000007c6c00000| PB 0x00000007c6c00000| Complete 
|1820|0x00000007c7000000, 0x00000007c7400000, 0x00000007c7400000|100%| E|CS|TAMS 0x00000007c7000000| PB 0x00000007c7000000| Complete 
|1821|0x00000007c7400000, 0x00000007c7800000, 0x00000007c7800000|100%| E|CS|TAMS 0x00000007c7400000| PB 0x00000007c7400000| Complete 
|1822|0x00000007c7800000, 0x00000007c7c00000, 0x00000007c7c00000|100%| E|CS|TAMS 0x00000007c7800000| PB 0x00000007c7800000| Complete 
|1823|0x00000007c7c00000, 0x00000007c8000000, 0x00000007c8000000|100%| E|CS|TAMS 0x00000007c7c00000| PB 0x00000007c7c00000| Complete 
|1824|0x00000007c8000000, 0x00000007c8400000, 0x00000007c8400000|100%| E|CS|TAMS 0x00000007c8000000| PB 0x00000007c8000000| Complete 
|1825|0x00000007c8400000, 0x00000007c8800000, 0x00000007c8800000|100%| E|CS|TAMS 0x00000007c8400000| PB 0x00000007c8400000| Complete 
|1826|0x00000007c8800000, 0x00000007c8c00000, 0x00000007c8c00000|100%| E|CS|TAMS 0x00000007c8800000| PB 0x00000007c8800000| Complete 
|1827|0x00000007c8c00000, 0x00000007c9000000, 0x00000007c9000000|100%| E|CS|TAMS 0x00000007c8c00000| PB 0x00000007c8c00000| Complete 
|1828|0x00000007c9000000, 0x00000007c9400000, 0x00000007c9400000|100%| E|CS|TAMS 0x00000007c9000000| PB 0x00000007c9000000| Complete 
|1829|0x00000007c9400000, 0x00000007c9800000, 0x00000007c9800000|100%| E|CS|TAMS 0x00000007c9400000| PB 0x00000007c9400000| Complete 
|1830|0x00000007c9800000, 0x00000007c9c00000, 0x00000007c9c00000|100%| E|CS|TAMS 0x00000007c9800000| PB 0x00000007c9800000| Complete 
|1831|0x00000007c9c00000, 0x00000007ca000000, 0x00000007ca000000|100%| E|CS|TAMS 0x00000007c9c00000| PB 0x00000007c9c00000| Complete 
|1832|0x00000007ca000000, 0x00000007ca400000, 0x00000007ca400000|100%| E|CS|TAMS 0x00000007ca000000| PB 0x00000007ca000000| Complete 
|1833|0x00000007ca400000, 0x00000007ca800000, 0x00000007ca800000|100%| E|CS|TAMS 0x00000007ca400000| PB 0x00000007ca400000| Complete 
|1834|0x00000007ca800000, 0x00000007cac00000, 0x00000007cac00000|100%| E|CS|TAMS 0x00000007ca800000| PB 0x00000007ca800000| Complete 
|1835|0x00000007cac00000, 0x00000007cb000000, 0x00000007cb000000|100%| E|CS|TAMS 0x00000007cac00000| PB 0x00000007cac00000| Complete 
|1836|0x00000007cb000000, 0x00000007cb400000, 0x00000007cb400000|100%| E|CS|TAMS 0x00000007cb000000| PB 0x00000007cb000000| Complete 
|1837|0x00000007cb400000, 0x00000007cb800000, 0x00000007cb800000|100%| E|CS|TAMS 0x00000007cb400000| PB 0x00000007cb400000| Complete 
|1838|0x00000007cb800000, 0x00000007cbc00000, 0x00000007cbc00000|100%| E|CS|TAMS 0x00000007cb800000| PB 0x00000007cb800000| Complete 
|1839|0x00000007cbc00000, 0x00000007cc000000, 0x00000007cc000000|100%| E|CS|TAMS 0x00000007cbc00000| PB 0x00000007cbc00000| Complete 
|1840|0x00000007cc000000, 0x00000007cc400000, 0x00000007cc400000|100%| E|CS|TAMS 0x00000007cc000000| PB 0x00000007cc000000| Complete 
|1841|0x00000007cc400000, 0x00000007cc800000, 0x00000007cc800000|100%| E|CS|TAMS 0x00000007cc400000| PB 0x00000007cc400000| Complete 
|1842|0x00000007cc800000, 0x00000007ccc00000, 0x00000007ccc00000|100%| E|CS|TAMS 0x00000007cc800000| PB 0x00000007cc800000| Complete 
|1843|0x00000007ccc00000, 0x00000007cd000000, 0x00000007cd000000|100%| E|CS|TAMS 0x00000007ccc00000| PB 0x00000007ccc00000| Complete 
|1844|0x00000007cd000000, 0x00000007cd400000, 0x00000007cd400000|100%| E|CS|TAMS 0x00000007cd000000| PB 0x00000007cd000000| Complete 
|1845|0x00000007cd400000, 0x00000007cd800000, 0x00000007cd800000|100%| E|CS|TAMS 0x00000007cd400000| PB 0x00000007cd400000| Complete 
|1846|0x00000007cd800000, 0x00000007cdc00000, 0x00000007cdc00000|100%| E|CS|TAMS 0x00000007cd800000| PB 0x00000007cd800000| Complete 
|1847|0x00000007cdc00000, 0x00000007ce000000, 0x00000007ce000000|100%| E|CS|TAMS 0x00000007cdc00000| PB 0x00000007cdc00000| Complete 
|1848|0x00000007ce000000, 0x00000007ce400000, 0x00000007ce400000|100%| E|CS|TAMS 0x00000007ce000000| PB 0x00000007ce000000| Complete 
|1849|0x00000007ce400000, 0x00000007ce800000, 0x00000007ce800000|100%| E|CS|TAMS 0x00000007ce400000| PB 0x00000007ce400000| Complete 
|1850|0x00000007ce800000, 0x00000007cec00000, 0x00000007cec00000|100%| E|CS|TAMS 0x00000007ce800000| PB 0x00000007ce800000| Complete 
|1851|0x00000007cec00000, 0x00000007cf000000, 0x00000007cf000000|100%| E|CS|TAMS 0x00000007cec00000| PB 0x00000007cec00000| Complete 
|1852|0x00000007cf000000, 0x00000007cf400000, 0x00000007cf400000|100%| E|CS|TAMS 0x00000007cf000000| PB 0x00000007cf000000| Complete 
|1853|0x00000007cf400000, 0x00000007cf800000, 0x00000007cf800000|100%| E|CS|TAMS 0x00000007cf400000| PB 0x00000007cf400000| Complete 
|1854|0x00000007cf800000, 0x00000007cfc00000, 0x00000007cfc00000|100%| E|CS|TAMS 0x00000007cf800000| PB 0x00000007cf800000| Complete 
|1855|0x00000007cfc00000, 0x00000007d0000000, 0x00000007d0000000|100%| E|CS|TAMS 0x00000007cfc00000| PB 0x00000007cfc00000| Complete 
|1856|0x00000007d0000000, 0x00000007d0400000, 0x00000007d0400000|100%| E|CS|TAMS 0x00000007d0000000| PB 0x00000007d0000000| Complete 
|1857|0x00000007d0400000, 0x00000007d0800000, 0x00000007d0800000|100%| E|CS|TAMS 0x00000007d0400000| PB 0x00000007d0400000| Complete 
|1858|0x00000007d0800000, 0x00000007d0c00000, 0x00000007d0c00000|100%| E|CS|TAMS 0x00000007d0800000| PB 0x00000007d0800000| Complete 
|1859|0x00000007d0c00000, 0x00000007d1000000, 0x00000007d1000000|100%| E|CS|TAMS 0x00000007d0c00000| PB 0x00000007d0c00000| Complete 
|1860|0x00000007d1000000, 0x00000007d1400000, 0x00000007d1400000|100%| E|CS|TAMS 0x00000007d1000000| PB 0x00000007d1000000| Complete 
|1861|0x00000007d1400000, 0x00000007d1800000, 0x00000007d1800000|100%| E|CS|TAMS 0x00000007d1400000| PB 0x00000007d1400000| Complete 
|1862|0x00000007d1800000, 0x00000007d1c00000, 0x00000007d1c00000|100%| E|CS|TAMS 0x00000007d1800000| PB 0x00000007d1800000| Complete 
|1863|0x00000007d1c00000, 0x00000007d2000000, 0x00000007d2000000|100%| E|CS|TAMS 0x00000007d1c00000| PB 0x00000007d1c00000| Complete 
|1864|0x00000007d2000000, 0x00000007d2400000, 0x00000007d2400000|100%| E|CS|TAMS 0x00000007d2000000| PB 0x00000007d2000000| Complete 
|1865|0x00000007d2400000, 0x00000007d2800000, 0x00000007d2800000|100%| E|CS|TAMS 0x00000007d2400000| PB 0x00000007d2400000| Complete 
|1866|0x00000007d2800000, 0x00000007d2c00000, 0x00000007d2c00000|100%| E|CS|TAMS 0x00000007d2800000| PB 0x00000007d2800000| Complete 
|1867|0x00000007d2c00000, 0x00000007d3000000, 0x00000007d3000000|100%| E|CS|TAMS 0x00000007d2c00000| PB 0x00000007d2c00000| Complete 
|1868|0x00000007d3000000, 0x00000007d3400000, 0x00000007d3400000|100%| E|CS|TAMS 0x00000007d3000000| PB 0x00000007d3000000| Complete 
|1869|0x00000007d3400000, 0x00000007d3800000, 0x00000007d3800000|100%| E|CS|TAMS 0x00000007d3400000| PB 0x00000007d3400000| Complete 
|1870|0x00000007d3800000, 0x00000007d3c00000, 0x00000007d3c00000|100%| E|CS|TAMS 0x00000007d3800000| PB 0x00000007d3800000| Complete 
|1871|0x00000007d3c00000, 0x00000007d4000000, 0x00000007d4000000|100%| E|CS|TAMS 0x00000007d3c00000| PB 0x00000007d3c00000| Complete 
|1872|0x00000007d4000000, 0x00000007d4400000, 0x00000007d4400000|100%| E|CS|TAMS 0x00000007d4000000| PB 0x00000007d4000000| Complete 
|1873|0x00000007d4400000, 0x00000007d4800000, 0x00000007d4800000|100%| E|CS|TAMS 0x00000007d4400000| PB 0x00000007d4400000| Complete 
|1874|0x00000007d4800000, 0x00000007d4c00000, 0x00000007d4c00000|100%| E|CS|TAMS 0x00000007d4800000| PB 0x00000007d4800000| Complete 
|1875|0x00000007d4c00000, 0x00000007d5000000, 0x00000007d5000000|100%| E|CS|TAMS 0x00000007d4c00000| PB 0x00000007d4c00000| Complete 
|1876|0x00000007d5000000, 0x00000007d5400000, 0x00000007d5400000|100%| E|CS|TAMS 0x00000007d5000000| PB 0x00000007d5000000| Complete 
|1877|0x00000007d5400000, 0x00000007d5800000, 0x00000007d5800000|100%| E|CS|TAMS 0x00000007d5400000| PB 0x00000007d5400000| Complete 
|1878|0x00000007d5800000, 0x00000007d5c00000, 0x00000007d5c00000|100%| E|CS|TAMS 0x00000007d5800000| PB 0x00000007d5800000| Complete 
|1879|0x00000007d5c00000, 0x00000007d6000000, 0x00000007d6000000|100%| E|CS|TAMS 0x00000007d5c00000| PB 0x00000007d5c00000| Complete 
|1880|0x00000007d6000000, 0x00000007d6400000, 0x00000007d6400000|100%| E|CS|TAMS 0x00000007d6000000| PB 0x00000007d6000000| Complete 
|1881|0x00000007d6400000, 0x00000007d6800000, 0x00000007d6800000|100%| E|CS|TAMS 0x00000007d6400000| PB 0x00000007d6400000| Complete 
|1882|0x00000007d6800000, 0x00000007d6c00000, 0x00000007d6c00000|100%| E|CS|TAMS 0x00000007d6800000| PB 0x00000007d6800000| Complete 
|1883|0x00000007d6c00000, 0x00000007d7000000, 0x00000007d7000000|100%| E|CS|TAMS 0x00000007d6c00000| PB 0x00000007d6c00000| Complete 
|1884|0x00000007d7000000, 0x00000007d7400000, 0x00000007d7400000|100%| E|CS|TAMS 0x00000007d7000000| PB 0x00000007d7000000| Complete 
|1885|0x00000007d7400000, 0x00000007d7800000, 0x00000007d7800000|100%| E|CS|TAMS 0x00000007d7400000| PB 0x00000007d7400000| Complete 
|1886|0x00000007d7800000, 0x00000007d7c00000, 0x00000007d7c00000|100%| E|CS|TAMS 0x00000007d7800000| PB 0x00000007d7800000| Complete 
|1887|0x00000007d7c00000, 0x00000007d8000000, 0x00000007d8000000|100%| E|CS|TAMS 0x00000007d7c00000| PB 0x00000007d7c00000| Complete 
|1888|0x00000007d8000000, 0x00000007d8400000, 0x00000007d8400000|100%| E|CS|TAMS 0x00000007d8000000| PB 0x00000007d8000000| Complete 
|1889|0x00000007d8400000, 0x00000007d8800000, 0x00000007d8800000|100%| E|CS|TAMS 0x00000007d8400000| PB 0x00000007d8400000| Complete 
|1890|0x00000007d8800000, 0x00000007d8c00000, 0x00000007d8c00000|100%| E|CS|TAMS 0x00000007d8800000| PB 0x00000007d8800000| Complete 
|1891|0x00000007d8c00000, 0x00000007d9000000, 0x00000007d9000000|100%| E|CS|TAMS 0x00000007d8c00000| PB 0x00000007d8c00000| Complete 
|1892|0x00000007d9000000, 0x00000007d9400000, 0x00000007d9400000|100%| E|CS|TAMS 0x00000007d9000000| PB 0x00000007d9000000| Complete 
|1893|0x00000007d9400000, 0x00000007d9800000, 0x00000007d9800000|100%| E|CS|TAMS 0x00000007d9400000| PB 0x00000007d9400000| Complete 
|1894|0x00000007d9800000, 0x00000007d9c00000, 0x00000007d9c00000|100%| E|CS|TAMS 0x00000007d9800000| PB 0x00000007d9800000| Complete 
|1895|0x00000007d9c00000, 0x00000007da000000, 0x00000007da000000|100%| E|CS|TAMS 0x00000007d9c00000| PB 0x00000007d9c00000| Complete 
|1896|0x00000007da000000, 0x00000007da400000, 0x00000007da400000|100%| E|CS|TAMS 0x00000007da000000| PB 0x00000007da000000| Complete 
|1897|0x00000007da400000, 0x00000007da800000, 0x00000007da800000|100%| E|CS|TAMS 0x00000007da400000| PB 0x00000007da400000| Complete 
|1898|0x00000007da800000, 0x00000007dac00000, 0x00000007dac00000|100%| E|CS|TAMS 0x00000007da800000| PB 0x00000007da800000| Complete 
|1899|0x00000007dac00000, 0x00000007db000000, 0x00000007db000000|100%| E|CS|TAMS 0x00000007dac00000| PB 0x00000007dac00000| Complete 
|1900|0x00000007db000000, 0x00000007db400000, 0x00000007db400000|100%| E|CS|TAMS 0x00000007db000000| PB 0x00000007db000000| Complete 
|1901|0x00000007db400000, 0x00000007db800000, 0x00000007db800000|100%| E|CS|TAMS 0x00000007db400000| PB 0x00000007db400000| Complete 
|1902|0x00000007db800000, 0x00000007dbc00000, 0x00000007dbc00000|100%| E|CS|TAMS 0x00000007db800000| PB 0x00000007db800000| Complete 
|1903|0x00000007dbc00000, 0x00000007dc000000, 0x00000007dc000000|100%| E|CS|TAMS 0x00000007dbc00000| PB 0x00000007dbc00000| Complete 
|1904|0x00000007dc000000, 0x00000007dc400000, 0x00000007dc400000|100%| E|CS|TAMS 0x00000007dc000000| PB 0x00000007dc000000| Complete 
|1905|0x00000007dc400000, 0x00000007dc800000, 0x00000007dc800000|100%| E|CS|TAMS 0x00000007dc400000| PB 0x00000007dc400000| Complete 
|1906|0x00000007dc800000, 0x00000007dcc00000, 0x00000007dcc00000|100%| E|CS|TAMS 0x00000007dc800000| PB 0x00000007dc800000| Complete 
|1907|0x00000007dcc00000, 0x00000007dd000000, 0x00000007dd000000|100%| E|CS|TAMS 0x00000007dcc00000| PB 0x00000007dcc00000| Complete 
|1908|0x00000007dd000000, 0x00000007dd400000, 0x00000007dd400000|100%| E|CS|TAMS 0x00000007dd000000| PB 0x00000007dd000000| Complete 
|1909|0x00000007dd400000, 0x00000007dd800000, 0x00000007dd800000|100%| E|CS|TAMS 0x00000007dd400000| PB 0x00000007dd400000| Complete 
|1910|0x00000007dd800000, 0x00000007ddc00000, 0x00000007ddc00000|100%| E|CS|TAMS 0x00000007dd800000| PB 0x00000007dd800000| Complete 
|1911|0x00000007ddc00000, 0x00000007de000000, 0x00000007de000000|100%| E|CS|TAMS 0x00000007ddc00000| PB 0x00000007ddc00000| Complete 
|1912|0x00000007de000000, 0x00000007de400000, 0x00000007de400000|100%| E|CS|TAMS 0x00000007de000000| PB 0x00000007de000000| Complete 
|1913|0x00000007de400000, 0x00000007de800000, 0x00000007de800000|100%| E|CS|TAMS 0x00000007de400000| PB 0x00000007de400000| Complete 
|1914|0x00000007de800000, 0x00000007dec00000, 0x00000007dec00000|100%| E|CS|TAMS 0x00000007de800000| PB 0x00000007de800000| Complete 
|1915|0x00000007dec00000, 0x00000007df000000, 0x00000007df000000|100%| E|CS|TAMS 0x00000007dec00000| PB 0x00000007dec00000| Complete 
|1916|0x00000007df000000, 0x00000007df400000, 0x00000007df400000|100%| E|CS|TAMS 0x00000007df000000| PB 0x00000007df000000| Complete 
|1917|0x00000007df400000, 0x00000007df800000, 0x00000007df800000|100%| E|CS|TAMS 0x00000007df400000| PB 0x00000007df400000| Complete 
|1918|0x00000007df800000, 0x00000007dfc00000, 0x00000007dfc00000|100%| E|CS|TAMS 0x00000007df800000| PB 0x00000007df800000| Complete 
|1919|0x00000007dfc00000, 0x00000007e0000000, 0x00000007e0000000|100%| E|CS|TAMS 0x00000007dfc00000| PB 0x00000007dfc00000| Complete 
|1920|0x00000007e0000000, 0x00000007e0400000, 0x00000007e0400000|100%| E|CS|TAMS 0x00000007e0000000| PB 0x00000007e0000000| Complete 
|1921|0x00000007e0400000, 0x00000007e0800000, 0x00000007e0800000|100%| E|CS|TAMS 0x00000007e0400000| PB 0x00000007e0400000| Complete 
|1922|0x00000007e0800000, 0x00000007e0c00000, 0x00000007e0c00000|100%| E|CS|TAMS 0x00000007e0800000| PB 0x00000007e0800000| Complete 
|1923|0x00000007e0c00000, 0x00000007e1000000, 0x00000007e1000000|100%| E|CS|TAMS 0x00000007e0c00000| PB 0x00000007e0c00000| Complete 
|1924|0x00000007e1000000, 0x00000007e1400000, 0x00000007e1400000|100%| E|CS|TAMS 0x00000007e1000000| PB 0x00000007e1000000| Complete 
|1925|0x00000007e1400000, 0x00000007e1800000, 0x00000007e1800000|100%| E|CS|TAMS 0x00000007e1400000| PB 0x00000007e1400000| Complete 
|1926|0x00000007e1800000, 0x00000007e1c00000, 0x00000007e1c00000|100%| E|CS|TAMS 0x00000007e1800000| PB 0x00000007e1800000| Complete 
|1927|0x00000007e1c00000, 0x00000007e2000000, 0x00000007e2000000|100%| E|CS|TAMS 0x00000007e1c00000| PB 0x00000007e1c00000| Complete 
|1928|0x00000007e2000000, 0x00000007e2400000, 0x00000007e2400000|100%| E|CS|TAMS 0x00000007e2000000| PB 0x00000007e2000000| Complete 
|1929|0x00000007e2400000, 0x00000007e2800000, 0x00000007e2800000|100%| E|CS|TAMS 0x00000007e2400000| PB 0x00000007e2400000| Complete 
|1930|0x00000007e2800000, 0x00000007e2c00000, 0x00000007e2c00000|100%| E|CS|TAMS 0x00000007e2800000| PB 0x00000007e2800000| Complete 
|1931|0x00000007e2c00000, 0x00000007e3000000, 0x00000007e3000000|100%| E|CS|TAMS 0x00000007e2c00000| PB 0x00000007e2c00000| Complete 
|1932|0x00000007e3000000, 0x00000007e3400000, 0x00000007e3400000|100%| E|CS|TAMS 0x00000007e3000000| PB 0x00000007e3000000| Complete 
|1933|0x00000007e3400000, 0x00000007e3800000, 0x00000007e3800000|100%| E|CS|TAMS 0x00000007e3400000| PB 0x00000007e3400000| Complete 
|1934|0x00000007e3800000, 0x00000007e3c00000, 0x00000007e3c00000|100%| E|CS|TAMS 0x00000007e3800000| PB 0x00000007e3800000| Complete 
|1935|0x00000007e3c00000, 0x00000007e4000000, 0x00000007e4000000|100%| E|CS|TAMS 0x00000007e3c00000| PB 0x00000007e3c00000| Complete 
|1936|0x00000007e4000000, 0x00000007e4400000, 0x00000007e4400000|100%| E|CS|TAMS 0x00000007e4000000| PB 0x00000007e4000000| Complete 
|1937|0x00000007e4400000, 0x00000007e4800000, 0x00000007e4800000|100%| E|CS|TAMS 0x00000007e4400000| PB 0x00000007e4400000| Complete 
|1938|0x00000007e4800000, 0x00000007e4c00000, 0x00000007e4c00000|100%| E|CS|TAMS 0x00000007e4800000| PB 0x00000007e4800000| Complete 
|1939|0x00000007e4c00000, 0x00000007e5000000, 0x00000007e5000000|100%| E|CS|TAMS 0x00000007e4c00000| PB 0x00000007e4c00000| Complete 
|1940|0x00000007e5000000, 0x00000007e5400000, 0x00000007e5400000|100%| E|CS|TAMS 0x00000007e5000000| PB 0x00000007e5000000| Complete 
|1941|0x00000007e5400000, 0x00000007e5800000, 0x00000007e5800000|100%| E|CS|TAMS 0x00000007e5400000| PB 0x00000007e5400000| Complete 
|1942|0x00000007e5800000, 0x00000007e5c00000, 0x00000007e5c00000|100%| E|CS|TAMS 0x00000007e5800000| PB 0x00000007e5800000| Complete 
|1943|0x00000007e5c00000, 0x00000007e6000000, 0x00000007e6000000|100%| E|CS|TAMS 0x00000007e5c00000| PB 0x00000007e5c00000| Complete 
|1944|0x00000007e6000000, 0x00000007e6400000, 0x00000007e6400000|100%| E|CS|TAMS 0x00000007e6000000| PB 0x00000007e6000000| Complete 
|1945|0x00000007e6400000, 0x00000007e6800000, 0x00000007e6800000|100%| E|CS|TAMS 0x00000007e6400000| PB 0x00000007e6400000| Complete 
|1946|0x00000007e6800000, 0x00000007e6c00000, 0x00000007e6c00000|100%| E|CS|TAMS 0x00000007e6800000| PB 0x00000007e6800000| Complete 
|1947|0x00000007e6c00000, 0x00000007e7000000, 0x00000007e7000000|100%| E|CS|TAMS 0x00000007e6c00000| PB 0x00000007e6c00000| Complete 
|1948|0x00000007e7000000, 0x00000007e7400000, 0x00000007e7400000|100%| E|CS|TAMS 0x00000007e7000000| PB 0x00000007e7000000| Complete 
|1949|0x00000007e7400000, 0x00000007e7800000, 0x00000007e7800000|100%| E|CS|TAMS 0x00000007e7400000| PB 0x00000007e7400000| Complete 
|1950|0x00000007e7800000, 0x00000007e7c00000, 0x00000007e7c00000|100%| E|CS|TAMS 0x00000007e7800000| PB 0x00000007e7800000| Complete 
|1951|0x00000007e7c00000, 0x00000007e8000000, 0x00000007e8000000|100%| E|CS|TAMS 0x00000007e7c00000| PB 0x00000007e7c00000| Complete 
|1952|0x00000007e8000000, 0x00000007e8400000, 0x00000007e8400000|100%| E|CS|TAMS 0x00000007e8000000| PB 0x00000007e8000000| Complete 
|1953|0x00000007e8400000, 0x00000007e8800000, 0x00000007e8800000|100%| E|CS|TAMS 0x00000007e8400000| PB 0x00000007e8400000| Complete 
|1954|0x00000007e8800000, 0x00000007e8c00000, 0x00000007e8c00000|100%| E|CS|TAMS 0x00000007e8800000| PB 0x00000007e8800000| Complete 
|1955|0x00000007e8c00000, 0x00000007e9000000, 0x00000007e9000000|100%| E|CS|TAMS 0x00000007e8c00000| PB 0x00000007e8c00000| Complete 
|1956|0x00000007e9000000, 0x00000007e9400000, 0x00000007e9400000|100%| E|CS|TAMS 0x00000007e9000000| PB 0x00000007e9000000| Complete 
|1957|0x00000007e9400000, 0x00000007e9800000, 0x00000007e9800000|100%| E|CS|TAMS 0x00000007e9400000| PB 0x00000007e9400000| Complete 
|1958|0x00000007e9800000, 0x00000007e9c00000, 0x00000007e9c00000|100%| E|CS|TAMS 0x00000007e9800000| PB 0x00000007e9800000| Complete 
|1959|0x00000007e9c00000, 0x00000007ea000000, 0x00000007ea000000|100%| E|CS|TAMS 0x00000007e9c00000| PB 0x00000007e9c00000| Complete 
|1960|0x00000007ea000000, 0x00000007ea400000, 0x00000007ea400000|100%| E|CS|TAMS 0x00000007ea000000| PB 0x00000007ea000000| Complete 
|1961|0x00000007ea400000, 0x00000007ea800000, 0x00000007ea800000|100%| E|CS|TAMS 0x00000007ea400000| PB 0x00000007ea400000| Complete 
|1962|0x00000007ea800000, 0x00000007eac00000, 0x00000007eac00000|100%| E|CS|TAMS 0x00000007ea800000| PB 0x00000007ea800000| Complete 
|1963|0x00000007eac00000, 0x00000007eb000000, 0x00000007eb000000|100%| E|CS|TAMS 0x00000007eac00000| PB 0x00000007eac00000| Complete 
|1964|0x00000007eb000000, 0x00000007eb400000, 0x00000007eb400000|100%| E|CS|TAMS 0x00000007eb000000| PB 0x00000007eb000000| Complete 
|1965|0x00000007eb400000, 0x00000007eb800000, 0x00000007eb800000|100%| E|CS|TAMS 0x00000007eb400000| PB 0x00000007eb400000| Complete 
|1966|0x00000007eb800000, 0x00000007ebc00000, 0x00000007ebc00000|100%| E|CS|TAMS 0x00000007eb800000| PB 0x00000007eb800000| Complete 
|1967|0x00000007ebc00000, 0x00000007ec000000, 0x00000007ec000000|100%| E|CS|TAMS 0x00000007ebc00000| PB 0x00000007ebc00000| Complete 
|1968|0x00000007ec000000, 0x00000007ec400000, 0x00000007ec400000|100%| E|CS|TAMS 0x00000007ec000000| PB 0x00000007ec000000| Complete 
|1969|0x00000007ec400000, 0x00000007ec800000, 0x00000007ec800000|100%| E|CS|TAMS 0x00000007ec400000| PB 0x00000007ec400000| Complete 
|1970|0x00000007ec800000, 0x00000007ecc00000, 0x00000007ecc00000|100%| E|CS|TAMS 0x00000007ec800000| PB 0x00000007ec800000| Complete 
|1971|0x00000007ecc00000, 0x00000007ed000000, 0x00000007ed000000|100%| E|CS|TAMS 0x00000007ecc00000| PB 0x00000007ecc00000| Complete 
|1972|0x00000007ed000000, 0x00000007ed400000, 0x00000007ed400000|100%| E|CS|TAMS 0x00000007ed000000| PB 0x00000007ed000000| Complete 
|1973|0x00000007ed400000, 0x00000007ed800000, 0x00000007ed800000|100%| E|CS|TAMS 0x00000007ed400000| PB 0x00000007ed400000| Complete 
|1974|0x00000007ed800000, 0x00000007edc00000, 0x00000007edc00000|100%| E|CS|TAMS 0x00000007ed800000| PB 0x00000007ed800000| Complete 
|1975|0x00000007edc00000, 0x00000007ee000000, 0x00000007ee000000|100%| E|CS|TAMS 0x00000007edc00000| PB 0x00000007edc00000| Complete 
|1976|0x00000007ee000000, 0x00000007ee400000, 0x00000007ee400000|100%| E|CS|TAMS 0x00000007ee000000| PB 0x00000007ee000000| Complete 
|1977|0x00000007ee400000, 0x00000007ee800000, 0x00000007ee800000|100%| E|CS|TAMS 0x00000007ee400000| PB 0x00000007ee400000| Complete 
|1978|0x00000007ee800000, 0x00000007eec00000, 0x00000007eec00000|100%| E|CS|TAMS 0x00000007ee800000| PB 0x00000007ee800000| Complete 
|1979|0x00000007eec00000, 0x00000007ef000000, 0x00000007ef000000|100%| E|CS|TAMS 0x00000007eec00000| PB 0x00000007eec00000| Complete 
|1980|0x00000007ef000000, 0x00000007ef400000, 0x00000007ef400000|100%| E|CS|TAMS 0x00000007ef000000| PB 0x00000007ef000000| Complete 
|1981|0x00000007ef400000, 0x00000007ef800000, 0x00000007ef800000|100%| E|CS|TAMS 0x00000007ef400000| PB 0x00000007ef400000| Complete 
|1982|0x00000007ef800000, 0x00000007efc00000, 0x00000007efc00000|100%| E|CS|TAMS 0x00000007ef800000| PB 0x00000007ef800000| Complete 
|1983|0x00000007efc00000, 0x00000007f0000000, 0x00000007f0000000|100%| E|CS|TAMS 0x00000007efc00000| PB 0x00000007efc00000| Complete 
|1984|0x00000007f0000000, 0x00000007f0400000, 0x00000007f0400000|100%| E|CS|TAMS 0x00000007f0000000| PB 0x00000007f0000000| Complete 
|1985|0x00000007f0400000, 0x00000007f0800000, 0x00000007f0800000|100%| E|CS|TAMS 0x00000007f0400000| PB 0x00000007f0400000| Complete 
|1986|0x00000007f0800000, 0x00000007f0c00000, 0x00000007f0c00000|100%| E|CS|TAMS 0x00000007f0800000| PB 0x00000007f0800000| Complete 
|1987|0x00000007f0c00000, 0x00000007f1000000, 0x00000007f1000000|100%| E|CS|TAMS 0x00000007f0c00000| PB 0x00000007f0c00000| Complete 
|1988|0x00000007f1000000, 0x00000007f1400000, 0x00000007f1400000|100%| E|CS|TAMS 0x00000007f1000000| PB 0x00000007f1000000| Complete 
|1989|0x00000007f1400000, 0x00000007f1800000, 0x00000007f1800000|100%| E|CS|TAMS 0x00000007f1400000| PB 0x00000007f1400000| Complete 
|1990|0x00000007f1800000, 0x00000007f1c00000, 0x00000007f1c00000|100%| E|CS|TAMS 0x00000007f1800000| PB 0x00000007f1800000| Complete 
|1991|0x00000007f1c00000, 0x00000007f2000000, 0x00000007f2000000|100%| E|CS|TAMS 0x00000007f1c00000| PB 0x00000007f1c00000| Complete 
|1992|0x00000007f2000000, 0x00000007f2400000, 0x00000007f2400000|100%| E|CS|TAMS 0x00000007f2000000| PB 0x00000007f2000000| Complete 
|1993|0x00000007f2400000, 0x00000007f2800000, 0x00000007f2800000|100%| E|CS|TAMS 0x00000007f2400000| PB 0x00000007f2400000| Complete 
|1994|0x00000007f2800000, 0x00000007f2c00000, 0x00000007f2c00000|100%| E|CS|TAMS 0x00000007f2800000| PB 0x00000007f2800000| Complete 
|1995|0x00000007f2c00000, 0x00000007f3000000, 0x00000007f3000000|100%| E|CS|TAMS 0x00000007f2c00000| PB 0x00000007f2c00000| Complete 
|1996|0x00000007f3000000, 0x00000007f3400000, 0x00000007f3400000|100%| E|CS|TAMS 0x00000007f3000000| PB 0x00000007f3000000| Complete 
|1997|0x00000007f3400000, 0x00000007f3800000, 0x00000007f3800000|100%| E|CS|TAMS 0x00000007f3400000| PB 0x00000007f3400000| Complete 
|1998|0x00000007f3800000, 0x00000007f3c00000, 0x00000007f3c00000|100%| E|CS|TAMS 0x00000007f3800000| PB 0x00000007f3800000| Complete 
|1999|0x00000007f3c00000, 0x00000007f4000000, 0x00000007f4000000|100%| E|CS|TAMS 0x00000007f3c00000| PB 0x00000007f3c00000| Complete 
|2000|0x00000007f4000000, 0x00000007f4400000, 0x00000007f4400000|100%| E|CS|TAMS 0x00000007f4000000| PB 0x00000007f4000000| Complete 
|2001|0x00000007f4400000, 0x00000007f4800000, 0x00000007f4800000|100%| E|CS|TAMS 0x00000007f4400000| PB 0x00000007f4400000| Complete 
|2002|0x00000007f4800000, 0x00000007f4c00000, 0x00000007f4c00000|100%| E|CS|TAMS 0x00000007f4800000| PB 0x00000007f4800000| Complete 
|2003|0x00000007f4c00000, 0x00000007f5000000, 0x00000007f5000000|100%| E|CS|TAMS 0x00000007f4c00000| PB 0x00000007f4c00000| Complete 
|2004|0x00000007f5000000, 0x00000007f5400000, 0x00000007f5400000|100%| E|CS|TAMS 0x00000007f5000000| PB 0x00000007f5000000| Complete 
|2005|0x00000007f5400000, 0x00000007f5800000, 0x00000007f5800000|100%| E|CS|TAMS 0x00000007f5400000| PB 0x00000007f5400000| Complete 
|2006|0x00000007f5800000, 0x00000007f5c00000, 0x00000007f5c00000|100%| E|CS|TAMS 0x00000007f5800000| PB 0x00000007f5800000| Complete 
|2007|0x00000007f5c00000, 0x00000007f6000000, 0x00000007f6000000|100%| E|CS|TAMS 0x00000007f5c00000| PB 0x00000007f5c00000| Complete 
|2008|0x00000007f6000000, 0x00000007f6400000, 0x00000007f6400000|100%| E|CS|TAMS 0x00000007f6000000| PB 0x00000007f6000000| Complete 
|2009|0x00000007f6400000, 0x00000007f6800000, 0x00000007f6800000|100%| E|CS|TAMS 0x00000007f6400000| PB 0x00000007f6400000| Complete 
|2010|0x00000007f6800000, 0x00000007f6c00000, 0x00000007f6c00000|100%| E|CS|TAMS 0x00000007f6800000| PB 0x00000007f6800000| Complete 
|2011|0x00000007f6c00000, 0x00000007f7000000, 0x00000007f7000000|100%| E|CS|TAMS 0x00000007f6c00000| PB 0x00000007f6c00000| Complete 
|2012|0x00000007f7000000, 0x00000007f7400000, 0x00000007f7400000|100%| E|CS|TAMS 0x00000007f7000000| PB 0x00000007f7000000| Complete 
|2013|0x00000007f7400000, 0x00000007f7800000, 0x00000007f7800000|100%| E|CS|TAMS 0x00000007f7400000| PB 0x00000007f7400000| Complete 
|2014|0x00000007f7800000, 0x00000007f7c00000, 0x00000007f7c00000|100%| E|CS|TAMS 0x00000007f7800000| PB 0x00000007f7800000| Complete 
|2015|0x00000007f7c00000, 0x00000007f8000000, 0x00000007f8000000|100%| E|CS|TAMS 0x00000007f7c00000| PB 0x00000007f7c00000| Complete 
|2016|0x00000007f8000000, 0x00000007f8400000, 0x00000007f8400000|100%| E|CS|TAMS 0x00000007f8000000| PB 0x00000007f8000000| Complete 
|2017|0x00000007f8400000, 0x00000007f8800000, 0x00000007f8800000|100%| E|CS|TAMS 0x00000007f8400000| PB 0x00000007f8400000| Complete 
|2018|0x00000007f8800000, 0x00000007f8c00000, 0x00000007f8c00000|100%| E|CS|TAMS 0x00000007f8800000| PB 0x00000007f8800000| Complete 
|2019|0x00000007f8c00000, 0x00000007f9000000, 0x00000007f9000000|100%| E|CS|TAMS 0x00000007f8c00000| PB 0x00000007f8c00000| Complete 
|2020|0x00000007f9000000, 0x00000007f9400000, 0x00000007f9400000|100%| E|CS|TAMS 0x00000007f9000000| PB 0x00000007f9000000| Complete 
|2021|0x00000007f9400000, 0x00000007f9800000, 0x00000007f9800000|100%| E|CS|TAMS 0x00000007f9400000| PB 0x00000007f9400000| Complete 
|2022|0x00000007f9800000, 0x00000007f9c00000, 0x00000007f9c00000|100%| E|CS|TAMS 0x00000007f9800000| PB 0x00000007f9800000| Complete 
|2023|0x00000007f9c00000, 0x00000007fa000000, 0x00000007fa000000|100%| E|CS|TAMS 0x00000007f9c00000| PB 0x00000007f9c00000| Complete 
|2024|0x00000007fa000000, 0x00000007fa400000, 0x00000007fa400000|100%| E|CS|TAMS 0x00000007fa000000| PB 0x00000007fa000000| Complete 
|2025|0x00000007fa400000, 0x00000007fa800000, 0x00000007fa800000|100%| E|CS|TAMS 0x00000007fa400000| PB 0x00000007fa400000| Complete 
|2026|0x00000007fa800000, 0x00000007fac00000, 0x00000007fac00000|100%| E|CS|TAMS 0x00000007fa800000| PB 0x00000007fa800000| Complete 
|2027|0x00000007fac00000, 0x00000007fb000000, 0x00000007fb000000|100%| E|CS|TAMS 0x00000007fac00000| PB 0x00000007fac00000| Complete 
|2028|0x00000007fb000000, 0x00000007fb400000, 0x00000007fb400000|100%| E|CS|TAMS 0x00000007fb000000| PB 0x00000007fb000000| Complete 
|2029|0x00000007fb400000, 0x00000007fb800000, 0x00000007fb800000|100%| E|CS|TAMS 0x00000007fb400000| PB 0x00000007fb400000| Complete 
|2030|0x00000007fb800000, 0x00000007fbc00000, 0x00000007fbc00000|100%| E|CS|TAMS 0x00000007fb800000| PB 0x00000007fb800000| Complete 
|2031|0x00000007fbc00000, 0x00000007fc000000, 0x00000007fc000000|100%| E|CS|TAMS 0x00000007fbc00000| PB 0x00000007fbc00000| Complete 
|2032|0x00000007fc000000, 0x00000007fc400000, 0x00000007fc400000|100%| E|CS|TAMS 0x00000007fc000000| PB 0x00000007fc000000| Complete 
|2033|0x00000007fc400000, 0x00000007fc800000, 0x00000007fc800000|100%| E|CS|TAMS 0x00000007fc400000| PB 0x00000007fc400000| Complete 
|2034|0x00000007fc800000, 0x00000007fcc00000, 0x00000007fcc00000|100%| E|CS|TAMS 0x00000007fc800000| PB 0x00000007fc800000| Complete 
|2035|0x00000007fcc00000, 0x00000007fd000000, 0x00000007fd000000|100%| E|CS|TAMS 0x00000007fcc00000| PB 0x00000007fcc00000| Complete 
|2036|0x00000007fd000000, 0x00000007fd400000, 0x00000007fd400000|100%| E|CS|TAMS 0x00000007fd000000| PB 0x00000007fd000000| Complete 
|2037|0x00000007fd400000, 0x00000007fd800000, 0x00000007fd800000|100%| E|CS|TAMS 0x00000007fd400000| PB 0x00000007fd400000| Complete 
|2038|0x00000007fd800000, 0x00000007fdc00000, 0x00000007fdc00000|100%| E|CS|TAMS 0x00000007fd800000| PB 0x00000007fd800000| Complete 
|2039|0x00000007fdc00000, 0x00000007fe000000, 0x00000007fe000000|100%| E|CS|TAMS 0x00000007fdc00000| PB 0x00000007fdc00000| Complete 
|2040|0x00000007fe000000, 0x00000007fe400000, 0x00000007fe400000|100%| E|CS|TAMS 0x00000007fe000000| PB 0x00000007fe000000| Complete 
|2041|0x00000007fe400000, 0x00000007fe800000, 0x00000007fe800000|100%| E|CS|TAMS 0x00000007fe400000| PB 0x00000007fe400000| Complete 
|2042|0x00000007fe800000, 0x00000007fec00000, 0x00000007fec00000|100%| E|CS|TAMS 0x00000007fe800000| PB 0x00000007fe800000| Complete 
|2043|0x00000007fec00000, 0x00000007ff000000, 0x00000007ff000000|100%| E|CS|TAMS 0x00000007fec00000| PB 0x00000007fec00000| Complete 
|2044|0x00000007ff000000, 0x00000007ff400000, 0x00000007ff400000|100%| E|CS|TAMS 0x00000007ff000000| PB 0x00000007ff000000| Complete 
|2045|0x00000007ff400000, 0x00000007ff800000, 0x00000007ff800000|100%| E|CS|TAMS 0x00000007ff400000| PB 0x00000007ff400000| Complete 
|2046|0x00000007ff800000, 0x00000007ffc00000, 0x00000007ffc00000|100%| E|CS|TAMS 0x00000007ff800000| PB 0x00000007ff800000| Complete 
|2047|0x00000007ffc00000, 0x0000000800000000, 0x0000000800000000|100%| E|CS|TAMS 0x00000007ffc00000| PB 0x00000007ffc00000| Complete 

Card table byte_map: [0x000001bc52ec0000,0x000001bc53ec0000] _byte_map_base: 0x000001bc4fec0000

Marking Bits: (CMBitMap*) 0x000001bc3851b670
 Bits: [0x000001bc53ec0000, 0x000001bc5bec0000)

Polling page: 0x000001bc381b0000

Metaspace:

Usage:
  Non-class:    143.37 MB used.
      Class:     25.62 MB used.
       Both:    168.99 MB used.

Virtual space:
  Non-class space:      192.00 MB reserved,     144.56 MB ( 75%) committed,  3 nodes.
      Class space:        1.00 GB reserved,      26.62 MB (  3%) committed,  1 nodes.
             Both:        1.19 GB reserved,     171.19 MB ( 14%) committed. 

Chunk freelists:
   Non-Class:  14.78 MB
       Class:  5.53 MB
        Both:  20.31 MB

MaxMetaspaceSize: unlimited
CompressedClassSpaceSize: 1.00 GB
Initial GC threshold: 21.00 MB
Current GC threshold: 284.19 MB
CDS: on
 - commit_granule_bytes: 65536.
 - commit_granule_words: 8192.
 - virtual_space_node_default_size: 8388608.
 - enlarge_chunks_in_place: 1.
 - use_allocation_guard: 0.


Internal statistics:

num_allocs_failed_limit: 15.
num_arena_births: 3548.
num_arena_deaths: 620.
num_vsnodes_births: 4.
num_vsnodes_deaths: 0.
num_space_committed: 2733.
num_space_uncommitted: 0.
num_chunks_returned_to_freelist: 745.
num_chunks_taken_from_freelist: 10953.
num_chunk_merges: 212.
num_chunk_splits: 7012.
num_chunks_enlarged: 5091.
num_inconsistent_stats: 0.

CodeHeap 'non-profiled nmethods': size=119168Kb used=50382Kb max_used=50837Kb free=68785Kb
 bounds [0x000001bc49a90000, 0x000001bc4cc50000, 0x000001bc50ef0000]
CodeHeap 'profiled nmethods': size=119104Kb used=45768Kb max_used=59813Kb free=73335Kb
 bounds [0x000001bc41ef0000, 0x000001bc45970000, 0x000001bc49340000]
CodeHeap 'non-nmethods': size=7488Kb used=3091Kb max_used=4779Kb free=4397Kb
 bounds [0x000001bc49340000, 0x000001bc49880000, 0x000001bc49a90000]
 total_blobs=29592 nmethods=27751 adapters=1737
 compilation: enabled
              stopped_count=0, restarted_count=0
 full_count=0

Compilation events (20 events):
Event: 12149.603 Thread 0x000001bc5f6b1880 59455       3       dev.architectury.event.fabric.EventHandlerImpl::lambda$registerCommon$23 (26 bytes)
Event: 12149.604 Thread 0x000001bc5f6b1880 nmethod 59455 0x000001bc43ffbd90 code [0x000001bc43ffbfa0, 0x000001bc43ffc598]
Event: 12149.605 Thread 0x000001bc5f6b1880 59457       3       net.minecraft.class_1657::method_7324 (1439 bytes)
Event: 12149.605 Thread 0x000001bca9410660 59456   !   3       jdk.proxy2.$Proxy159::attack (54 bytes)
Event: 12149.606 Thread 0x000001bca9410660 nmethod 59456 0x000001bc4442de90 code [0x000001bc4442e0c0, 0x000001bc4442ed40]
Event: 12149.606 Thread 0x000001bca9410660 59458       3       net.minecraft.class_1657::handler$zpl000$carpet$onAttack (46 bytes)
Event: 12149.608 Thread 0x000001bca9410660 nmethod 59458 0x000001bc43c4c890 code [0x000001bc43c4cb20, 0x000001bc43c4d860]
Event: 12149.608 Thread 0x000001bca9410660 59459       3       net.minecraft.class_1657::handler$ehh000$travelersbackpack$attack (52 bytes)
Event: 12149.609 Thread 0x000001bca9410660 nmethod 59459 0x000001bc441a7f90 code [0x000001bc441a81a0, 0x000001bc441a8800]
Event: 12149.609 Thread 0x000001bca9410660 59460       3       com.tiviacz.travelersbackpack.common.BackpackAbilities::beeAbility (105 bytes)
Event: 12149.613 Thread 0x000001bca9410660 nmethod 59460 0x000001bc427e4910 code [0x000001bc427e4ce0, 0x000001bc427e6c08]
Event: 12149.613 Thread 0x000001bca9410660 59461       3       com.tiviacz.travelersbackpack.common.BackpackAbilities::witherAbility (44 bytes)
Event: 12149.614 Thread 0x000001bca9410660 nmethod 59461 0x000001bc4432c010 code [0x000001bc4432c200, 0x000001bc4432c7c0]
Event: 12149.614 Thread 0x000001bca9410660 59462       3       com.tiviacz.travelersbackpack.common.BackpackAbilities::wardenAbility (44 bytes)
Event: 12149.615 Thread 0x000001bca9410660 nmethod 59462 0x000001bc44531d90 code [0x000001bc44531f80, 0x000001bc44532540]
Event: 12149.615 Thread 0x000001bca9410660 59463       3       net.minecraft.class_1657::handler$ehp000$weaponmod$leftClickEntity (61 bytes)
Event: 12149.616 Thread 0x000001bca9410660 nmethod 59463 0x000001bc43152990 code [0x000001bc43152be0, 0x000001bc43153790]
Event: 12149.616 Thread 0x000001bca9410660 59464       3       net.minecraft.class_8109::method_48802 (9 bytes)
Event: 12149.618 Thread 0x000001bca9410660 nmethod 59464 0x000001bc438fbe90 code [0x000001bc438fc100, 0x000001bc438fcd90]
Event: 12149.634 Thread 0x000001bc5f6b1880 nmethod 59457 0x000001bc44db2610 code [0x000001bc44db3cc0, 0x000001bc44dc6368]

GC Heap History (20 events):
Event: 11758.107 GC heap before
{Heap before GC invocations=326 (full 0):
 garbage-first heap   total 8388608K, used 6573129K [0x0000000600000000, 0x0000000800000000)
  region size 4096K, 1228 young (5029888K), 13 survivors (53248K)
 Metaspace       used 173007K, committed 175232K, reserved 1245184K
  class space    used 26237K, committed 27264K, reserved 1048576K
}
Event: 11758.119 GC heap after
{Heap after GC invocations=327 (full 0):
 garbage-first heap   total 8388608K, used 1599418K [0x0000000600000000, 0x0000000800000000)
  region size 4096K, 13 young (53248K), 13 survivors (53248K)
 Metaspace       used 173007K, committed 175232K, reserved 1245184K
  class space    used 26237K, committed 27264K, reserved 1048576K
}
Event: 11800.289 GC heap before
{Heap before GC invocations=327 (full 0):
 garbage-first heap   total 8388608K, used 6571962K [0x0000000600000000, 0x0000000800000000)
  region size 4096K, 1228 young (5029888K), 13 survivors (53248K)
 Metaspace       used 173007K, committed 175232K, reserved 1245184K
  class space    used 26237K, committed 27264K, reserved 1048576K
}
Event: 11800.301 GC heap after
{Heap after GC invocations=328 (full 0):
 garbage-first heap   total 8388608K, used 1608498K [0x0000000600000000, 0x0000000800000000)
  region size 4096K, 15 young (61440K), 15 survivors (61440K)
 Metaspace       used 173007K, committed 175232K, reserved 1245184K
  class space    used 26237K, committed 27264K, reserved 1048576K
}
Event: 11841.337 GC heap before
{Heap before GC invocations=328 (full 0):
 garbage-first heap   total 8388608K, used 6572850K [0x0000000600000000, 0x0000000800000000)
  region size 4096K, 1228 young (5029888K), 15 survivors (61440K)
 Metaspace       used 173008K, committed 175232K, reserved 1245184K
  class space    used 26237K, committed 27264K, reserved 1048576K
}
Event: 11841.349 GC heap after
{Heap after GC invocations=329 (full 0):
 garbage-first heap   total 8388608K, used 1609742K [0x0000000600000000, 0x0000000800000000)
  region size 4096K, 15 young (61440K), 15 survivors (61440K)
 Metaspace       used 173008K, committed 175232K, reserved 1245184K
  class space    used 26237K, committed 27264K, reserved 1048576K
}
Event: 11883.702 GC heap before
{Heap before GC invocations=329 (full 0):
 garbage-first heap   total 8388608K, used 6574094K [0x0000000600000000, 0x0000000800000000)
  region size 4096K, 1228 young (5029888K), 15 survivors (61440K)
 Metaspace       used 173014K, committed 175232K, reserved 1245184K
  class space    used 26238K, committed 27264K, reserved 1048576K
}
Event: 11883.715 GC heap after
{Heap after GC invocations=330 (full 0):
 garbage-first heap   total 8388608K, used 1605441K [0x0000000600000000, 0x0000000800000000)
  region size 4096K, 13 young (53248K), 13 survivors (53248K)
 Metaspace       used 173014K, committed 175232K, reserved 1245184K
  class space    used 26238K, committed 27264K, reserved 1048576K
}
Event: 11916.238 GC heap before
{Heap before GC invocations=330 (full 0):
 garbage-first heap   total 8388608K, used 6577985K [0x0000000600000000, 0x0000000800000000)
  region size 4096K, 1228 young (5029888K), 13 survivors (53248K)
 Metaspace       used 173028K, committed 175296K, reserved 1245184K
  class space    used 26238K, committed 27264K, reserved 1048576K
}
Event: 11916.259 GC heap after
{Heap after GC invocations=331 (full 0):
 garbage-first heap   total 8388608K, used 1629926K [0x0000000600000000, 0x0000000800000000)
  region size 4096K, 18 young (73728K), 18 survivors (73728K)
 Metaspace       used 173028K, committed 175296K, reserved 1245184K
  class space    used 26238K, committed 27264K, reserved 1048576K
}
Event: 11959.552 GC heap before
{Heap before GC invocations=331 (full 0):
 garbage-first heap   total 8388608K, used 6581990K [0x0000000600000000, 0x0000000800000000)
  region size 4096K, 1228 young (5029888K), 18 survivors (73728K)
 Metaspace       used 173029K, committed 175296K, reserved 1245184K
  class space    used 26238K, committed 27264K, reserved 1048576K
}
Event: 11959.571 GC heap after
{Heap after GC invocations=332 (full 0):
 garbage-first heap   total 8388608K, used 1641039K [0x0000000600000000, 0x0000000800000000)
  region size 4096K, 20 young (81920K), 20 survivors (81920K)
 Metaspace       used 173029K, committed 175296K, reserved 1245184K
  class space    used 26238K, committed 27264K, reserved 1048576K
}
Event: 12005.484 GC heap before
{Heap before GC invocations=332 (full 0):
 garbage-first heap   total 8388608K, used 6589007K [0x0000000600000000, 0x0000000800000000)
  region size 4096K, 1228 young (5029888K), 20 survivors (81920K)
 Metaspace       used 173031K, committed 175296K, reserved 1245184K
  class space    used 26238K, committed 27264K, reserved 1048576K
}
Event: 12005.497 GC heap after
{Heap after GC invocations=333 (full 0):
 garbage-first heap   total 8388608K, used 1641392K [0x0000000600000000, 0x0000000800000000)
  region size 4096K, 20 young (81920K), 20 survivors (81920K)
 Metaspace       used 173031K, committed 175296K, reserved 1245184K
  class space    used 26238K, committed 27264K, reserved 1048576K
}
Event: 12043.832 GC heap before
{Heap before GC invocations=333 (full 0):
 garbage-first heap   total 8388608K, used 6585264K [0x0000000600000000, 0x0000000800000000)
  region size 4096K, 1228 young (5029888K), 20 survivors (81920K)
 Metaspace       used 173031K, committed 175296K, reserved 1245184K
  class space    used 26238K, committed 27264K, reserved 1048576K
}
Event: 12043.851 GC heap after
{Heap after GC invocations=334 (full 0):
 garbage-first heap   total 8388608K, used 1649518K [0x0000000600000000, 0x0000000800000000)
  region size 4096K, 21 young (86016K), 21 survivors (86016K)
 Metaspace       used 173031K, committed 175296K, reserved 1245184K
  class space    used 26238K, committed 27264K, reserved 1048576K
}
Event: 12088.932 GC heap before
{Heap before GC invocations=334 (full 0):
 garbage-first heap   total 8388608K, used 6589294K [0x0000000600000000, 0x0000000800000000)
  region size 4096K, 1228 young (5029888K), 21 survivors (86016K)
 Metaspace       used 173035K, committed 175296K, reserved 1245184K
  class space    used 26238K, committed 27264K, reserved 1048576K
}
Event: 12088.949 GC heap after
{Heap after GC invocations=335 (full 0):
 garbage-first heap   total 8388608K, used 1650828K [0x0000000600000000, 0x0000000800000000)
  region size 4096K, 21 young (86016K), 21 survivors (86016K)
 Metaspace       used 173035K, committed 175296K, reserved 1245184K
  class space    used 26238K, committed 27264K, reserved 1048576K
}
Event: 12136.836 GC heap before
{Heap before GC invocations=335 (full 0):
 garbage-first heap   total 8388608K, used 6590604K [0x0000000600000000, 0x0000000800000000)
  region size 4096K, 1228 young (5029888K), 21 survivors (86016K)
 Metaspace       used 173036K, committed 175296K, reserved 1245184K
  class space    used 26238K, committed 27264K, reserved 1048576K
}
Event: 12136.857 GC heap after
{Heap after GC invocations=336 (full 0):
 garbage-first heap   total 8388608K, used 1648209K [0x0000000600000000, 0x0000000800000000)
  region size 4096K, 21 young (86016K), 21 survivors (86016K)
 Metaspace       used 173036K, committed 175296K, reserved 1245184K
  class space    used 26238K, committed 27264K, reserved 1048576K
}

Dll operation events (15 events):
Event: 0.013 Loaded shared library C:\Program Files\Java\jdk-21\bin\java.dll
Event: 0.080 Loaded shared library C:\Program Files\Java\jdk-21\bin\jsvml.dll
Event: 0.104 Loaded shared library C:\Program Files\Java\jdk-21\bin\net.dll
Event: 0.107 Loaded shared library C:\Program Files\Java\jdk-21\bin\nio.dll
Event: 0.111 Loaded shared library C:\Program Files\Java\jdk-21\bin\zip.dll
Event: 0.263 Loaded shared library C:\Program Files\Java\jdk-21\bin\jimage.dll
Event: 1.353 Loaded shared library C:\Program Files\Java\jdk-21\bin\management.dll
Event: 1.360 Loaded shared library C:\Program Files\Java\jdk-21\bin\management_ext.dll
Event: 1.860 Loaded shared library C:\Program Files\Java\jdk-21\bin\verify.dll
Event: 10.995 Loaded shared library C:\Users\adamh\AppData\Local\Temp\jna-92657337\jna15901273394001171417.dll
Event: 31.730 Loaded shared library C:\Program Files\Java\jdk-21\bin\sunmscapi.dll
Event: 32.335 Loaded shared library C:\Program Files\Java\jdk-21\bin\extnet.dll
Event: 43.601 Loaded shared library C:\Program Files\Java\jdk-21\bin\awt.dll
Event: 43.826 Loaded shared library C:\Program Files\Java\jdk-21\bin\freetype.dll
Event: 43.828 Loaded shared library C:\Program Files\Java\jdk-21\bin\fontmanager.dll

Deoptimization events (20 events):
Event: 12025.306 Thread 0x000001bca6cc32f0 Uncommon trap: trap_request=0xffffffc6 fr.pc=0x000001bc4c4198a4 relative=0x0000000000002804
Event: 12025.306 Thread 0x000001bca6cc32f0 Uncommon trap: reason=bimorphic_or_optimized_type_check action=maybe_recompile pc=0x000001bc4c4198a4 method=ckathode.weaponmod.entity.projectile.EntityProjectile.method_5670()V @ 149 c2
Event: 12025.306 Thread 0x000001bca6cc32f0 DEOPT PACKING pc=0x000001bc4c4198a4 sp=0x0000008ce8efef00
Event: 12025.306 Thread 0x000001bca6cc32f0 DEOPT UNPACKING pc=0x000001bc493946a2 sp=0x0000008ce8efeed8 mode 2
Event: 12025.348 Thread 0x000001bca6cc32f0 Uncommon trap: trap_request=0xffffffc6 fr.pc=0x000001bc4c4198a4 relative=0x0000000000002804
Event: 12025.348 Thread 0x000001bca6cc32f0 Uncommon trap: reason=bimorphic_or_optimized_type_check action=maybe_recompile pc=0x000001bc4c4198a4 method=ckathode.weaponmod.entity.projectile.EntityProjectile.method_5670()V @ 149 c2
Event: 12025.348 Thread 0x000001bca6cc32f0 DEOPT PACKING pc=0x000001bc4c4198a4 sp=0x0000008ce8efef00
Event: 12025.348 Thread 0x000001bca6cc32f0 DEOPT UNPACKING pc=0x000001bc493946a2 sp=0x0000008ce8efeed8 mode 2
Event: 12046.560 Thread 0x000001bca6cc32f0 DEOPT PACKING pc=0x000001bc433fdc9e sp=0x0000008ce8efedf0
Event: 12046.560 Thread 0x000001bca6cc32f0 DEOPT UNPACKING pc=0x000001bc49394e42 sp=0x0000008ce8efe2b8 mode 0
Event: 12070.044 Thread 0x000001bca6cc32f0 DEOPT PACKING pc=0x000001bc433fdc9e sp=0x0000008ce8efee80
Event: 12070.044 Thread 0x000001bca6cc32f0 DEOPT UNPACKING pc=0x000001bc49394e42 sp=0x0000008ce8efe348 mode 0
Event: 12098.700 Thread 0x000001bca6cc32f0 DEOPT PACKING pc=0x000001bc433fdc9e sp=0x0000008ce8efedf0
Event: 12098.700 Thread 0x000001bca6cc32f0 DEOPT UNPACKING pc=0x000001bc49394e42 sp=0x0000008ce8efe2b8 mode 0
Event: 12100.201 Thread 0x000001bca6cc32f0 Uncommon trap: trap_request=0xffffffc6 fr.pc=0x000001bc4c7e3a3c relative=0x000000000000125c
Event: 12100.201 Thread 0x000001bca6cc32f0 Uncommon trap: reason=bimorphic_or_optimized_type_check action=maybe_recompile pc=0x000001bc4c7e3a3c method=net.minecraft.class_1297.method_5746()V @ 129 c2
Event: 12100.201 Thread 0x000001bca6cc32f0 DEOPT PACKING pc=0x000001bc4c7e3a3c sp=0x0000008ce8efec20
Event: 12100.201 Thread 0x000001bca6cc32f0 DEOPT UNPACKING pc=0x000001bc493946a2 sp=0x0000008ce8efeba0 mode 2
Event: 12142.060 Thread 0x000001bca6cc32f0 DEOPT PACKING pc=0x000001bc433fdc9e sp=0x0000008ce8efee80
Event: 12142.060 Thread 0x000001bca6cc32f0 DEOPT UNPACKING pc=0x000001bc49394e42 sp=0x0000008ce8efe348 mode 0

Classes loaded (20 events):
Event: 11299.813 Loading class sun/java2d/marlin/Dasher$LengthIterator
Event: 11299.813 Loading class sun/java2d/marlin/Dasher$LengthIterator done
Event: 11299.813 Loading class sun/java2d/marlin/MergeSort
Event: 11299.813 Loading class sun/java2d/marlin/MergeSort done
Event: 11299.813 Loading class sun/java2d/marlin/MarlinUtils
Event: 11299.814 Loading class sun/java2d/marlin/MarlinUtils done
Event: 11299.814 Loading class sun/java2d/marlin/DPQSSorterContext
Event: 11299.814 Loading class sun/java2d/marlin/DPQSSorterContext done
Event: 11299.814 Loading class java/awt/geom/LineIterator
Event: 11299.814 Loading class java/awt/geom/LineIterator done
Event: 11299.814 Loading class sun/java2d/marlin/Helpers
Event: 11299.815 Loading class sun/java2d/marlin/Helpers done
Event: 11299.816 Loading class java/awt/ColorPaintContext
Event: 11299.816 Loading class java/awt/PaintContext
Event: 11299.816 Loading class java/awt/PaintContext done
Event: 11299.816 Loading class java/awt/ColorPaintContext done
Event: 11299.816 Loading class sun/java2d/pipe/AlphaPaintPipe$TileContext
Event: 11299.816 Loading class sun/java2d/pipe/AlphaPaintPipe$TileContext done
Event: 11299.816 Loading class sun/java2d/pipe/RegionClipSpanIterator
Event: 11299.817 Loading class sun/java2d/pipe/RegionClipSpanIterator done

Classes unloaded (20 events):
Event: 8130.321 Thread 0x000001bc5f66ff30 Unloading class 0x000001bc61121800 'java/lang/invoke/LambdaForm$BMH+0x000001bc61121800'
Event: 8130.321 Thread 0x000001bc5f66ff30 Unloading class 0x000001bc61121400 'java/lang/invoke/LambdaForm$DMH+0x000001bc61121400'
Event: 8130.321 Thread 0x000001bc5f66ff30 Unloading class 0x000001bc61121000 'java/lang/invoke/LambdaForm$MH+0x000001bc61121000'
Event: 8130.321 Thread 0x000001bc5f66ff30 Unloading class 0x000001bc61120c00 'java/lang/invoke/LambdaForm$MH+0x000001bc61120c00'
Event: 8130.321 Thread 0x000001bc5f66ff30 Unloading class 0x000001bc61120800 'java/lang/invoke/LambdaForm$MH+0x000001bc61120800'
Event: 8130.321 Thread 0x000001bc5f66ff30 Unloading class 0x000001bc61120400 'java/lang/invoke/LambdaForm$MH+0x000001bc61120400'
Event: 8130.321 Thread 0x000001bc5f66ff30 Unloading class 0x000001bc61120000 'java/lang/invoke/LambdaForm$MH+0x000001bc61120000'
Event: 8130.321 Thread 0x000001bc5f66ff30 Unloading class 0x000001bc61118c00 'java/lang/invoke/LambdaForm$BMH+0x000001bc61118c00'
Event: 8130.321 Thread 0x000001bc5f66ff30 Unloading class 0x000001bc61113c00 'java/lang/invoke/LambdaForm$MH+0x000001bc61113c00'
Event: 8130.321 Thread 0x000001bc5f66ff30 Unloading class 0x000001bc61111000 'java/lang/invoke/LambdaForm$MH+0x000001bc61111000'
Event: 8130.321 Thread 0x000001bc5f66ff30 Unloading class 0x000001bc6110c400 'java/lang/invoke/LambdaForm$MH+0x000001bc6110c400'
Event: 8130.321 Thread 0x000001bc5f66ff30 Unloading class 0x000001bc6110c000 'java/lang/invoke/LambdaForm$MH+0x000001bc6110c000'
Event: 8130.321 Thread 0x000001bc5f66ff30 Unloading class 0x000001bc61104000 'java/lang/invoke/LambdaForm$MH+0x000001bc61104000'
Event: 8130.321 Thread 0x000001bc5f66ff30 Unloading class 0x000001bc6101d800 'java/lang/invoke/LambdaForm$MH+0x000001bc6101d800'
Event: 8130.321 Thread 0x000001bc5f66ff30 Unloading class 0x000001bc6101d400 'java/lang/invoke/LambdaForm$MH+0x000001bc6101d400'
Event: 8130.321 Thread 0x000001bc5f66ff30 Unloading class 0x000001bc61012400 'java/lang/invoke/LambdaForm$MH+0x000001bc61012400'
Event: 8130.321 Thread 0x000001bc5f66ff30 Unloading class 0x000001bc61010400 'java/lang/invoke/LambdaForm$MH+0x000001bc61010400'
Event: 8130.321 Thread 0x000001bc5f66ff30 Unloading class 0x000001bc61010000 'java/lang/invoke/LambdaForm$MH+0x000001bc61010000'
Event: 8130.321 Thread 0x000001bc5f66ff30 Unloading class 0x000001bc61008400 'java/lang/invoke/LambdaForm$MH+0x000001bc61008400'
Event: 8130.321 Thread 0x000001bc5f66ff30 Unloading class 0x000001bc61001400 'java/lang/invoke/LambdaForm$MH+0x000001bc61001400'

Classes redefined (0 events):
No events

Internal exceptions (20 events):
Event: 12153.314 Thread 0x000001bca6cc5a50 Exception <a 'sun/nio/fs/WindowsException'{0x000000078b8d44d0}> (0x000000078b8d44d0) 
thrown [s\open\src\hotspot\share\prims\jni.cpp, line 520]
Event: 12153.314 Thread 0x000001bca6cc5a50 Exception <a 'sun/nio/fs/WindowsException'{0x000000078b8d4858}> (0x000000078b8d4858) 
thrown [s\open\src\hotspot\share\prims\jni.cpp, line 520]
Event: 12153.314 Thread 0x000001bca6cc5a50 Exception <a 'sun/nio/fs/WindowsException'{0x000000078b8d4be0}> (0x000000078b8d4be0) 
thrown [s\open\src\hotspot\share\prims\jni.cpp, line 520]
Event: 12153.314 Thread 0x000001bca6cc5a50 Exception <a 'sun/nio/fs/WindowsException'{0x000000078b8d4f68}> (0x000000078b8d4f68) 
thrown [s\open\src\hotspot\share\prims\jni.cpp, line 520]
Event: 12153.315 Thread 0x000001bca6cc5a50 Exception <a 'sun/nio/fs/WindowsException'{0x000000078b8d52f0}> (0x000000078b8d52f0) 
thrown [s\open\src\hotspot\share\prims\jni.cpp, line 520]
Event: 12153.315 Thread 0x000001bca6cc5a50 Exception <a 'sun/nio/fs/WindowsException'{0x000000078b8d5678}> (0x000000078b8d5678) 
thrown [s\open\src\hotspot\share\prims\jni.cpp, line 520]
Event: 12153.803 Thread 0x000001bca6cc5a50 Exception <a 'sun/nio/fs/WindowsException'{0x0000000781780780}> (0x0000000781780780) 
thrown [s\open\src\hotspot\share\prims\jni.cpp, line 520]
Event: 12153.804 Thread 0x000001bca6cc5a50 Exception <a 'sun/nio/fs/WindowsException'{0x0000000781780b08}> (0x0000000781780b08) 
thrown [s\open\src\hotspot\share\prims\jni.cpp, line 520]
Event: 12153.804 Thread 0x000001bca6cc5a50 Exception <a 'sun/nio/fs/WindowsException'{0x0000000781780e90}> (0x0000000781780e90) 
thrown [s\open\src\hotspot\share\prims\jni.cpp, line 520]
Event: 12155.467 Thread 0x000001bca6cc5a50 Exception <a 'sun/nio/fs/WindowsException'{0x00000007810053f8}> (0x00000007810053f8) 
thrown [s\open\src\hotspot\share\prims\jni.cpp, line 520]
Event: 12155.469 Thread 0x000001bca6cc5a50 Exception <a 'sun/nio/fs/WindowsException'{0x00000007810057b0}> (0x00000007810057b0) 
thrown [s\open\src\hotspot\share\prims\jni.cpp, line 520]
Event: 12155.469 Thread 0x000001bca6cc5a50 Exception <a 'sun/nio/fs/WindowsException'{0x0000000781005b68}> (0x0000000781005b68) 
thrown [s\open\src\hotspot\share\prims\jni.cpp, line 520]
Event: 12155.469 Thread 0x000001bca6cc5a50 Exception <a 'sun/nio/fs/WindowsException'{0x0000000781005f20}> (0x0000000781005f20) 
thrown [s\open\src\hotspot\share\prims\jni.cpp, line 520]
Event: 12155.469 Thread 0x000001bca6cc5a50 Exception <a 'sun/nio/fs/WindowsException'{0x00000007810062a8}> (0x00000007810062a8) 
thrown [s\open\src\hotspot\share\prims\jni.cpp, line 520]
Event: 12155.470 Thread 0x000001bca6cc5a50 Exception <a 'sun/nio/fs/WindowsException'{0x0000000781006630}> (0x0000000781006630) 
thrown [s\open\src\hotspot\share\prims\jni.cpp, line 520]
Event: 12161.624 Thread 0x000001bca6cc46a0 Exception <a 'sun/nio/fs/WindowsException'{0x0000000777d4fae8}> (0x0000000777d4fae8) 
thrown [s\open\src\hotspot\share\prims\jni.cpp, line 520]
Event: 12162.016 Thread 0x000001bca6cc46a0 Exception <a 'sun/nio/fs/WindowsException'{0x0000000777d50108}> (0x0000000777d50108) 
thrown [s\open\src\hotspot\share\prims\jni.cpp, line 520]
Event: 12162.026 Thread 0x000001bca6cc46a0 Exception <a 'sun/nio/fs/WindowsException'{0x0000000777d50728}> (0x0000000777d50728) 
thrown [s\open\src\hotspot\share\prims\jni.cpp, line 520]
Event: 12162.175 Thread 0x000001bca6cc46a0 Exception <a 'sun/nio/fs/WindowsException'{0x0000000777d50d48}> (0x0000000777d50d48) 
thrown [s\open\src\hotspot\share\prims\jni.cpp, line 520]
Event: 12165.671 Thread 0x000001bca6cc32f0 Implicit null exception at 0x000001bc4c333116 to 0x0000000000000000

ZGC Phase Switch (0 events):
No events

VM Operations (20 events):
Event: 12087.006 Executing VM operation: Cleanup
Event: 12087.006 Executing VM operation: Cleanup done
Event: 12088.932 Executing VM operation: G1CollectForAllocation (G1 Evacuation Pause)
Event: 12088.949 Executing VM operation: G1CollectForAllocation (G1 Evacuation Pause) done
Event: 12089.959 Executing VM operation: Cleanup
Event: 12089.959 Executing VM operation: Cleanup done
Event: 12090.973 Executing VM operation: Cleanup
Event: 12090.973 Executing VM operation: Cleanup done
Event: 12111.146 Executing VM operation: Cleanup
Event: 12111.146 Executing VM operation: Cleanup done
Event: 12136.836 Executing VM operation: G1CollectForAllocation (G1 Evacuation Pause)
Event: 12136.858 Executing VM operation: G1CollectForAllocation (G1 Evacuation Pause) done
Event: 12141.912 Executing VM operation: Cleanup
Event: 12141.912 Executing VM operation: Cleanup done
Event: 12146.029 Executing VM operation: HandshakeAllThreads (HandshakeForDeflation)
Event: 12146.029 Executing VM operation: HandshakeAllThreads (HandshakeForDeflation) done
Event: 12146.029 Executing VM operation: RendezvousGCThreads
Event: 12146.029 Executing VM operation: RendezvousGCThreads done
Event: 12149.046 Executing VM operation: Cleanup
Event: 12149.046 Executing VM operation: Cleanup done

Events (20 events):
Event: 11653.849 Thread 0x000001bca64f1810 Thread exited: 0x000001bca64f1810
Event: 11893.754 Thread 0x000001bca8ba7080 Thread added: 0x000001bca8ba7080
Event: 11893.754 Thread 0x000001bca8ba4920 Thread added: 0x000001bca8ba4920
Event: 11893.754 Thread 0x000001bca8ba4290 Thread added: 0x000001bca8ba4290
Event: 11893.755 Thread 0x000001bca8ba3c00 Thread added: 0x000001bca8ba3c00
Event: 11893.755 Thread 0x000001bca8ba4fb0 Thread added: 0x000001bca8ba4fb0
Event: 11893.755 Thread 0x000001bca8ba5640 Thread added: 0x000001bca8ba5640
Event: 11916.004 Thread 0x000001bca940b4a0 Thread added: 0x000001bca940b4a0
Event: 11916.810 Thread 0x000001bca940b4a0 Thread exited: 0x000001bca940b4a0
Event: 11953.815 Thread 0x000001bca8ba4920 Thread exited: 0x000001bca8ba4920
Event: 11953.815 Thread 0x000001bca8ba4290 Thread exited: 0x000001bca8ba4290
Event: 11953.815 Thread 0x000001bca8ba7080 Thread exited: 0x000001bca8ba7080
Event: 11953.815 Thread 0x000001bca8ba5640 Thread exited: 0x000001bca8ba5640
Event: 11953.815 Thread 0x000001bca8ba3c00 Thread exited: 0x000001bca8ba3c00
Event: 11953.815 Thread 0x000001bca8ba4fb0 Thread exited: 0x000001bca8ba4fb0
Event: 11976.342 Thread 0x000001bcad7ea090 Thread exited: 0x000001bcad7ea090
Event: 12139.790 Thread 0x000001bca940ff90 Thread added: 0x000001bca940ff90
Event: 12145.691 Thread 0x000001bca940ff90 Thread exited: 0x000001bca940ff90
Event: 12149.605 Thread 0x000001bca9410660 Thread added: 0x000001bca9410660
Event: 12154.624 Thread 0x000001bca9410660 Thread exited: 0x000001bca9410660


Dynamic libraries:
0x00007ff7602a0000 - 0x00007ff7602b0000 	C:\Program Files\Java\jdk-21\bin\java.exe
0x00007ffafcec0000 - 0x00007ffafd129000 	C:\WINDOWS\SYSTEM32\ntdll.dll
0x00007ffafb240000 - 0x00007ffafb309000 	C:\WINDOWS\System32\KERNEL32.DLL
0x00007ffafa7e0000 - 0x00007ffafabd3000 	C:\WINDOWS\System32\KERNELBASE.dll
0x00007ffafa240000 - 0x00007ffafa38b000 	C:\WINDOWS\System32\ucrtbase.dll
0x00007ffaeaad0000 - 0x00007ffaeaae9000 	C:\Program Files\Java\jdk-21\bin\jli.dll
0x00007ffaeaa50000 - 0x00007ffaeaa6b000 	C:\Program Files\Java\jdk-21\bin\VCRUNTIME140.dll
0x00007ffafb4a0000 - 0x00007ffafb554000 	C:\WINDOWS\System32\ADVAPI32.dll
0x00007ffafb3f0000 - 0x00007ffafb499000 	C:\WINDOWS\System32\msvcrt.dll
0x00007ffafb950000 - 0x00007ffafb9f6000 	C:\WINDOWS\System32\sechost.dll
0x00007ffafac90000 - 0x00007ffafada8000 	C:\WINDOWS\System32\RPCRT4.dll
0x00007ffafc460000 - 0x00007ffafc624000 	C:\WINDOWS\System32\USER32.dll
0x00007ffae4120000 - 0x00007ffae43b3000 	C:\WINDOWS\WinSxS\amd64_microsoft.windows.common-controls_6595b64144ccf1df_6.0.26100.5074_none_3e0d6f78e32fd63f\COMCTL32.dll
0x00007ffafa710000 - 0x00007ffafa737000 	C:\WINDOWS\System32\win32u.dll
0x00007ffafb310000 - 0x00007ffafb33b000 	C:\WINDOWS\System32\GDI32.dll
0x00007ffafa110000 - 0x00007ffafa23d000 	C:\WINDOWS\System32\gdi32full.dll
0x00007ffafabe0000 - 0x00007ffafac83000 	C:\WINDOWS\System32\msvcp_win.dll
0x00007ffaf2bb0000 - 0x00007ffaf2bbb000 	C:\WINDOWS\SYSTEM32\VERSION.dll
0x00007ffafc700000 - 0x00007ffafc72f000 	C:\WINDOWS\System32\IMM32.DLL
0x00007ffaf4490000 - 0x00007ffaf449c000 	C:\Program Files\Java\jdk-21\bin\vcruntime140_1.dll
0x00007ffad84c0000 - 0x00007ffad854e000 	C:\Program Files\Java\jdk-21\bin\msvcp140.dll
0x00007ffa20010000 - 0x00007ffa20d2a000 	C:\Program Files\Java\jdk-21\bin\server\jvm.dll
0x00007ffafb840000 - 0x00007ffafb8b4000 	C:\WINDOWS\System32\WS2_32.dll
0x00007ffaf9ed0000 - 0x00007ffaf9f2e000 	C:\WINDOWS\SYSTEM32\POWRPROF.dll
0x00007ffaf0290000 - 0x00007ffaf02c5000 	C:\WINDOWS\SYSTEM32\WINMM.dll
0x00007ffaf9eb0000 - 0x00007ffaf9ec4000 	C:\WINDOWS\SYSTEM32\UMPDC.dll
0x00007ffaf8e00000 - 0x00007ffaf8e1b000 	C:\WINDOWS\SYSTEM32\kernel.appcore.dll
0x00007ffaf4230000 - 0x00007ffaf423a000 	C:\Program Files\Java\jdk-21\bin\jimage.dll
0x00007ffaf1d10000 - 0x00007ffaf1f52000 	C:\WINDOWS\SYSTEM32\DBGHELP.DLL
0x00007ffafcb00000 - 0x00007ffafce7b000 	C:\WINDOWS\System32\combase.dll
0x00007ffafba90000 - 0x00007ffafbb67000 	C:\WINDOWS\System32\OLEAUT32.dll
0x00007ffae9730000 - 0x00007ffae976d000 	C:\WINDOWS\SYSTEM32\dbgcore.DLL
0x00007ffafa740000 - 0x00007ffafa7d9000 	C:\WINDOWS\System32\bcryptPrimitives.dll
0x00007ffaeaa30000 - 0x00007ffaeaa4f000 	C:\Program Files\Java\jdk-21\bin\java.dll
0x00007ffafbd10000 - 0x00007ffafc45d000 	C:\WINDOWS\System32\SHELL32.dll
0x00007ffafa420000 - 0x00007ffafa58c000 	C:\WINDOWS\System32\wintypes.dll
0x00007ffaf7c90000 - 0x00007ffaf84e9000 	C:\WINDOWS\SYSTEM32\windows.storage.dll
0x00007ffafb560000 - 0x00007ffafb650000 	C:\WINDOWS\System32\SHCORE.dll
0x00007ffafba20000 - 0x00007ffafba82000 	C:\WINDOWS\System32\shlwapi.dll
0x00007ffaf9f70000 - 0x00007ffaf9f99000 	C:\WINDOWS\SYSTEM32\profapi.dll
0x00007ffac9db0000 - 0x00007ffac9e87000 	C:\Program Files\Java\jdk-21\bin\jsvml.dll
0x00007ffaeb690000 - 0x00007ffaeb6a0000 	C:\Program Files\Java\jdk-21\bin\net.dll
0x00007ffaf39c0000 - 0x00007ffaf3adf000 	C:\WINDOWS\SYSTEM32\WINHTTP.dll
0x00007ffaf9400000 - 0x00007ffaf946b000 	C:\WINDOWS\system32\mswsock.dll
0x00007ffae7ad0000 - 0x00007ffae7ae6000 	C:\Program Files\Java\jdk-21\bin\nio.dll
0x00007ffae7a10000 - 0x00007ffae7a28000 	C:\Program Files\Java\jdk-21\bin\zip.dll
0x00007ffaeb210000 - 0x00007ffaeb21a000 	C:\Program Files\Java\jdk-21\bin\management.dll
0x00007ffaeaba0000 - 0x00007ffaeabab000 	C:\Program Files\Java\jdk-21\bin\management_ext.dll
0x00007ffafb940000 - 0x00007ffafb948000 	C:\WINDOWS\System32\PSAPI.DLL
0x00007ffa84470000 - 0x00007ffa84488000 	C:\WINDOWS\system32\napinsp.dll
0x00007ffaf8880000 - 0x00007ffaf89a6000 	C:\WINDOWS\SYSTEM32\DNSAPI.dll
0x00007ffaf87f0000 - 0x00007ffaf8824000 	C:\WINDOWS\SYSTEM32\IPHLPAPI.DLL
0x00007ffafba10000 - 0x00007ffafba1a000 	C:\WINDOWS\System32\NSI.dll
0x00007ffa84450000 - 0x00007ffa84462000 	C:\WINDOWS\System32\winrnr.dll
0x00007ffad03e0000 - 0x00007ffad0408000 	C:\WINDOWS\system32\nlansp_c.dll
0x00007ffad3e30000 - 0x00007ffad3e46000 	C:\WINDOWS\system32\wshbth.dll
0x0000000074360000 - 0x0000000074386000 	C:\Program Files\Bonjour\mdnsNSP.dll
0x00007ffaf1ba0000 - 0x00007ffaf1bab000 	C:\Windows\System32\rasadhlp.dll
0x00007ffaf36e0000 - 0x00007ffaf3766000 	C:\WINDOWS\System32\fwpuclnt.dll
0x00007ffae7a00000 - 0x00007ffae7a10000 	C:\Program Files\Java\jdk-21\bin\verify.dll
0x00007ffaf96c0000 - 0x00007ffaf96db000 	C:\WINDOWS\SYSTEM32\CRYPTSP.dll
0x00007ffaf8d60000 - 0x00007ffaf8d9b000 	C:\WINDOWS\system32\rsaenh.dll
0x00007ffaf94a0000 - 0x00007ffaf94cb000 	C:\WINDOWS\SYSTEM32\USERENV.dll
0x00007ffaf9f40000 - 0x00007ffaf9f66000 	C:\WINDOWS\SYSTEM32\bcrypt.dll
0x00007ffaf96e0000 - 0x00007ffaf96ec000 	C:\WINDOWS\SYSTEM32\CRYPTBASE.dll
0x00007ffae5660000 - 0x00007ffae56a9000 	C:\Users\adamh\AppData\Local\Temp\jna-92657337\jna15901273394001171417.dll
0x00007ffafbb70000 - 0x00007ffafbd08000 	C:\WINDOWS\System32\Ole32.dll
0x00007ffafc630000 - 0x00007ffafc6e1000 	C:\WINDOWS\System32\clbcatq.dll
0x00007ffaea790000 - 0x00007ffaea7ad000 	C:\WINDOWS\SYSTEM32\amsi.dll
0x00007ffaea470000 - 0x00007ffaea510000 	C:\ProgramData\Microsoft\Windows Defender\Platform\4.18.25070.5-0\MpOav.dll
0x00007ffae62b0000 - 0x00007ffae6306000 	C:\WINDOWS\SYSTEM32\Pdh.dll
0x00007ffae6250000 - 0x00007ffae6261000 	C:\WINDOWS\System32\perfos.dll
0x00007ffaf7310000 - 0x00007ffaf7322000 	C:\WINDOWS\SYSTEM32\pfclient.dll
0x00007ffae63d0000 - 0x00007ffae63de000 	C:\Program Files\Java\jdk-21\bin\sunmscapi.dll
0x00007ffafa590000 - 0x00007ffafa707000 	C:\WINDOWS\System32\CRYPT32.dll
0x00007ffaf98e0000 - 0x00007ffaf9910000 	C:\WINDOWS\SYSTEM32\ncrypt.dll
0x00007ffaf9890000 - 0x00007ffaf98cf000 	C:\WINDOWS\SYSTEM32\NTASN1.dll
0x00007ffae4d40000 - 0x00007ffae4d49000 	C:\Program Files\Java\jdk-21\bin\extnet.dll
0x00007ffac3d90000 - 0x00007ffac3d98000 	C:\WINDOWS\system32\wshunix.dll
0x00007ffa60440000 - 0x00007ffa605cf000 	C:\Program Files\Java\jdk-21\bin\awt.dll
0x00007ffaf7110000 - 0x00007ffaf71ae000 	C:\WINDOWS\SYSTEM32\apphelp.dll
0x00007ffaf7360000 - 0x00007ffaf7408000 	C:\WINDOWS\system32\uxtheme.dll
0x00007ffafc940000 - 0x00007ffafca98000 	C:\WINDOWS\System32\MSCTF.dll
0x00007ffaf7610000 - 0x00007ffaf763b000 	C:\WINDOWS\system32\DWMAPI.DLL
0x00007ffac9e90000 - 0x00007ffac9f9c000 	C:\WINDOWS\system32\opengl32.dll
0x00007ffad4c10000 - 0x00007ffad4c3d000 	C:\WINDOWS\SYSTEM32\GLU32.dll
0x00007ffaf7460000 - 0x00007ffaf74a4000 	C:\WINDOWS\SYSTEM32\dxcore.dll
0x00007ffacaca0000 - 0x00007ffacae51000 	C:\WINDOWS\system32\d3d9.dll
0x00007ffaef330000 - 0x00007ffaef50b000 	C:\WINDOWS\System32\DriverStore\FileRepository\u0371182.inf_amd64_e046f8d87ec91fad\B371034\aticfx64.dll
0x00007ffad4940000 - 0x00007ffad4973000 	C:\WINDOWS\System32\DriverStore\FileRepository\u0371182.inf_amd64_e046f8d87ec91fad\B371034\atiu9p64.dll
0x00007ffa9e940000 - 0x00007ffa9f64c000 	C:\WINDOWS\System32\DriverStore\FileRepository\u0371182.inf_amd64_e046f8d87ec91fad\B371034\atiumd64.dll
0x0000000072240000 - 0x00000000730fe000 	C:\WINDOWS\System32\DriverStore\FileRepository\u0371182.inf_amd64_e046f8d87ec91fad\B371034\atiumd6a.dll
0x00007ffaece10000 - 0x00007ffaece3f000 	C:\WINDOWS\SYSTEM32\amdihk64.dll
0x00007ffaf4e10000 - 0x00007ffaf4e70000 	C:\WINDOWS\SYSTEM32\directxdatabasehelper.dll
0x00007ffacdcd0000 - 0x00007ffacdd57000 	C:\Program Files\Java\jdk-21\bin\freetype.dll
0x00007ffabd850000 - 0x00007ffabd931000 	C:\Program Files\Java\jdk-21\bin\fontmanager.dll
0x00007ffaf58c0000 - 0x00007ffaf5aef000 	C:\WINDOWS\SYSTEM32\WindowsCodecs.dll
0x00007ffae0e90000 - 0x00007ffae0eea000 	C:\WINDOWS\system32\dataexchange.dll
0x00007ffaf4b10000 - 0x00007ffaf4d49000 	C:\WINDOWS\system32\twinapi.appcore.dll
0x00007ffade180000 - 0x00007ffade2c9000 	C:\WINDOWS\SYSTEM32\textinputframework.dll
0x00007ffadaec0000 - 0x00007ffadb2d9000 	C:\Windows\System32\uiautomationcore.dll
0x00007ffaf4330000 - 0x00007ffaf43a8000 	C:\Windows\System32\OLEACC.dll
0x00007ffaf6d50000 - 0x00007ffaf6e75000 	C:\WINDOWS\SYSTEM32\CoreMessaging.dll
0x00007ffaef6f0000 - 0x00007ffaef9d3000 	C:\WINDOWS\SYSTEM32\CoreUIComponents.dll

dbghelp: loaded successfully - version: 4.0.5 - missing functions: none
symbol engine: initialized successfully - sym options: 0x614 - pdb path: .;C:\Program Files\Java\jdk-21\bin;C:\WINDOWS\SYSTEM32;C:\WINDOWS\WinSxS\amd64_microsoft.windows.common-controls_6595b64144ccf1df_6.0.26100.5074_none_3e0d6f78e32fd63f;C:\Program Files\Java\jdk-21\bin\server;C:\Program Files\Bonjour;C:\Users\adamh\AppData\Local\Temp\jna-92657337;C:\ProgramData\Microsoft\Windows Defender\Platform\4.18.25070.5-0;C:\WINDOWS\System32\DriverStore\FileRepository\u0371182.inf_amd64_e046f8d87ec91fad\B371034

VM Arguments:
jvm_args: -Xmx8G -Xms8G 
java_command: fabric-server-launch.jar
java_class_path (initial): fabric-server-launch.jar
Launcher Type: SUN_STANDARD

[Global flags]
     intx CICompilerCount                          = 12                                        {product} {ergonomic}
     uint ConcGCThreads                            = 3                                         {product} {ergonomic}
     uint G1ConcRefinementThreads                  = 13                                        {product} {ergonomic}
   size_t G1HeapRegionSize                         = 4194304                                   {product} {ergonomic}
    uintx GCDrainStackTargetSize                   = 64                                        {product} {ergonomic}
   size_t InitialHeapSize                          = 8589934592                                {product} {command line}
   size_t MarkStackSize                            = 4194304                                   {product} {ergonomic}
   size_t MaxHeapSize                              = 8589934592                                {product} {command line}
   size_t MaxNewSize                               = 5150605312                                {product} {ergonomic}
   size_t MinHeapDeltaBytes                        = 4194304                                   {product} {ergonomic}
   size_t MinHeapSize                              = 8589934592                                {product} {command line}
    uintx NonNMethodCodeHeapSize                   = 7602480                                {pd product} {ergonomic}
    uintx NonProfiledCodeHeapSize                  = 122027880                              {pd product} {ergonomic}
    uintx ProfiledCodeHeapSize                     = 122027880                              {pd product} {ergonomic}
    uintx ReservedCodeCacheSize                    = 251658240                              {pd product} {ergonomic}
     bool SegmentedCodeCache                       = true                                      {product} {ergonomic}
   size_t SoftMaxHeapSize                          = 8589934592                             {manageable} {ergonomic}
     bool UseCompressedOops                        = true                           {product lp64_product} {ergonomic}
     bool UseG1GC                                  = true                                      {product} {ergonomic}
     bool UseLargePagesIndividualAllocation        = false                                  {pd product} {ergonomic}

Logging:
Log output configuration:
 #0: stdout all=warning uptime,level,tags foldmultilines=false
 #1: stderr all=off uptime,level,tags foldmultilines=false

Environment Variables:
PATH=C:\Program Files\Common Files\Oracle\Java\javapath;C:\WINDOWS\system32;C:\WINDOWS;C:\WINDOWS\System32\Wbem;C:\WINDOWS\System32\WindowsPowerShell\v1.0\;C:\WINDOWS\System32\OpenSSH\;C:\Program Files (x86)\NVIDIA Corporation\PhysX\Common;C:\Program Files\Tailscale\;C:\Users\adamh\AppData\Local\Microsoft\WindowsApps;C:\Users\adamh\AppData\Local\GitHubDesktop\bin;C:\Program Files (x86)\Nmap
USERNAME=adamh
OS=Windows_NT
PROCESSOR_IDENTIFIER=AMD64 Family 25 Model 80 Stepping 0, AuthenticAMD
TMP=C:\Users\adamh\AppData\Local\Temp
TEMP=C:\Users\adamh\AppData\Local\Temp




Periodic native trim disabled

---------------  S Y S T E M  ---------------

OS:
 Windows 11 , 64 bit Build 26100 (10.0.26100.5074)
OS uptime: 4 days 3:51 hours
Hyper-V role detected

CPU: total 16 (initial active 16) (16 cores per cpu, 2 threads per core) family 25 model 80 stepping 0 microcode 0xa50000d, cx8, cmov, fxsr, ht, mmx, 3dnowpref, sse, sse2, sse3, ssse3, sse4a, sse4.1, sse4.2, popcnt, lzcnt, tsc, tscinvbit, avx, avx2, aes, erms, clmul, bmi1, bmi2, adx, sha, fma, vzeroupper, clflush, clflushopt, hv, rdtscp, rdpid, fsrm, f16c, cet_ss
Processor Information for all 16 processors :
  Max Mhz: 3201, Current Mhz: 1990, Mhz Limit: 3201

Memory: 4k page, system-wide physical 32108M (6214M free)
TotalPageFile size 42424M (AvailPageFile size 1146M)
current process WorkingSet (physical memory assigned to process): 5906M, peak: 6660M
current process commit charge ("private bytes"): 9153M, peak: 9166M

vm_info: Java HotSpot(TM) 64-Bit Server VM (21.0.6+8-LTS-188) for windows-amd64 JRE (21.0.6+8-LTS-188), built on 2024-12-03T10:50:54Z by "mach5one" with MS VC++ 17.6 (VS2022)

END.
